10000000	1		A	Canlı Bitki ve Hayvan Materyali ve Aksesuarları ve Malzemeleri
10100000	2	10000000		Canlı hayvanlar
10101500	3	10100000		Çiftlik hayvanları
10101501	4	10101500		Kediler
10101502	4	10101500		Köpekler
10101506	4	10101500		Atlar
10101507	4	10101500		Koyunlar
10101508	4	10101500		Keçiler
10101509	4	10101500		Eşekler
10101511	4	10101500		Domuzlar
10101512	4	10101500		Tavşanlar
10101513	4	10101500		Kobaylar
10101516	4	10101500		Sığırlar
10101517	4	10101500		Develer
10101518	4	10101500		Alpaka
10101600	3	10100000		Kuşlar ve kümes hayvanları
10101601	4	10101600		Canlı tavuklar
10101602	4	10101600		Canlı ördekler
10101603	4	10101600		Canlı hindiler
10101604	4	10101600		Canlı kazlar
10101605	4	10101600		Canlı sülünler
10101607	4	10101600		Canlı beç tavuğu
10101700	3	10100000		Canlı balıklar
10101701	4	10101700		Canlı somon
10101800	3	10100000		Kabuklular ve sucul omurgasızlar
10101801	4	10101800		Canlı karides
10101900	3	10100000		Böcekler
10101903	4	10101900		Arılar
10101904	4	10101900		İpek böcekleri
10102000	3	10100000		Yabani hayvanlar
10102100	3	10100000		Kuş ve kümes hayvanı kuluçka yumurtaları
10102101	4	10102100		Tavuk kuluçka yumurtaları
10110000	2	10000000		Evcil hayvan ürünleri
10120000	2	10000000		Hayvan yemi
10121500	3	10120000		Çiftlik hayvanı yemi
10121501	4	10121500		Saf buğday kepeği
10121600	3	10120000		Kuş ve kümes hayvanı yemi
10121601	4	10121600		Kuşlar için canlı yem
10121700	3	10120000		Balık yemi
10121701	4	10121700		Taze veya dondurulmuş canlı yem
10121800	3	10120000		Köpek ve kedi maması
10121801	4	10121800		Köpekler için kuru mama
10122100	3	10120000		Çeşitli hayvan yemi
10130000	2	10000000		Hayvan barındırma ve yaşam alanları
10131500	3	10130000		Hayvan barınakları
10131506	4	10131500		Hayvan ahırları
10131600	3	10130000		Hayvan barındırma
10131601	4	10131600		Kafesler veya aksesuarları
10131602	4	10131600		Köpek kulübeleri
10131605	4	10131600		Hayvan taşıma kafesi
10131700	3	10130000		Hayvan yaşam alanları
10131701	4	10131700		Teraryumlar
10140000	2	10000000		Eyer takımı ve koşum malzemeleri
10141500	3	10140000		Eyer takımı
10141501	4	10141500		Eyerler
10150000	2	10000000		Tohumlar ve soğanlar ve fideler ve çelikler
10151500	3	10150000		Sebze tohumları ve fideleri
10151503	4	10151500		Kereviz tohumları veya fideleri
10151504	4	10151500		Acı biber tohumları veya fideleri
10151505	4	10151500		Kabak tohumları veya fideleri
10151506	4	10151500		Bezelye tohumları veya fideleri
10151507	4	10151500		Salatalık tohumları veya fideleri
10151508	4	10151500		Patlıcan tohumları veya fideleri
10151509	4	10151500		Hindiba tohumları veya fideleri
10151510	4	10151500		Sarımsak tohumları veya fideleri
10151511	4	10151500		Pırasa tohumları veya fideleri
10151512	4	10151500		Marul tohumları veya fideleri
10151513	4	10151500		Mısır tohumları veya fideleri
10151514	4	10151500		Kavun tohumları veya fideleri
10151515	4	10151500		Soğan tohumları veya fideleri
10151517	4	10151500		Ispanak tohumları veya fideleri
10151518	4	10151500		Domates tohumları veya fideleri
10151520	4	10151500		Pazı tohumları veya fideleri
10151521	4	10151500		Dolmalık biber tohumları veya fideleri
10151522	4	10151500		Pancar tohumları veya fideleri
10151523	4	10151500		Karnabahar tohumları veya fideleri
10151524	4	10151500		Maydanoz tohumları veya fideleri
10151525	4	10151500		Brokoli tohumları veya fideleri
10151526	4	10151500		Lahana tohumları veya fideleri
10151529	4	10151500		Bal kabağı tohumları veya fideleri
10151531	4	10151500		Brüksel lahanası tohumları veya fideleri
10151532	4	10151500		Kabak (squash) tohumları veya fideleri
10151533	4	10151500		Bamya tohumları veya fideleri
10151534	4	10151500		Kavun (cantaloupe) tohumları veya fideleri
10151535	4	10151500		Yer fıstığı tohumları veya fideleri
10151536	4	10151500		Caigua tohumları veya fideleri
10151537	4	10151500		Kuşkonmaz tohumları veya fideleri
10151538	4	10151500		Nohut tohumları veya fideleri
10151539	4	10151500		Bakla tohumları veya fideleri
10151540	4	10151500		Centrocema veya kelebek bezelyesi tohumu veya fideleri
10151541	4	10151500		Isırgan otu tohumu veya fideleri
10151600	3	10150000		Tahıl tohumları
10151601	4	10151600		Buğday tohumları
10151602	4	10151600		Kolza tohumları
10151603	4	10151600		Arpa tohumları
10151604	4	10151600		Darı tohumları
10151605	4	10151600		Yulaf tohumları
10151606	4	10151600		Susam tohumları
10151607	4	10151600		Keten tohumları
10151608	4	10151600		Hint yağı tohumları
10151609	4	10151600		Mısır tohumları
10151610	4	10151600		Çavdar tohumları
10151611	4	10151600		Sorgum tohumları
10151612	4	10151600		Kivicha tohumları veya fideleri
10151613	4	10151600		Kinoa tohumları veya fideleri
10151614	4	10151600		Pirinç tohumları veya fideleri
10151616	4	10151600		Teff tohumu
10151700	3	10150000		Çim ve yem bitkisi tohumları ve fideleri
10151800	3	10150000		Baharat bitkisi tohumları ve fideleri
10151900	3	10150000		Çiçek tohumları ve soğanları ve fideleri ve çelikleri
10151904	4	10151900		Ayçiçeği tohumları
10152000	3	10150000		Ağaç ve çalı tohumları ve çelikleri
10152001	4	10152000		Meyve ağacı tohumları veya çelikleri
10152003	4	10152000		Sert kabuklu meyve ağacı tohumları veya çelikleri
10152008	4	10152000		Kahve tohumu veya fideleri
10152048	4	10152000		Hint yağı çalısı tohumu veya çeliği
10152055	4	10152000		Hurma palmiyesi çeliği
10152056	4	10152000		Aspir palmiyesi tohumu
10152057	4	10152000		Manyok tohumu veya çeliği
10152100	3	10150000		Hayvan yemi dışındaki kalıntılar
10152200	3	10150000		Lifli mahsul tohumları ve fideleri
10152201	4	10152200		Pamuk tohumları veya fideleri
10152300	3	10150000		Baklagil tohumları ve fideleri
10152301	4	10152300		Fasulye tohumları veya fideleri
10152302	4	10152300		Soya tohumları veya fideleri
10152400	3	10150000		Yumru tohumları ve fideleri
10152401	4	10152400		Patates tohumları veya fideleri
10152402	4	10152400		Şalgam tohumları veya fideleri
10152403	4	10152400		Tatlı patates tohumları veya fideleri
10152404	4	10152400		Havuç tohumları veya fideleri
10152405	4	10152400		Turp tohumları veya fideleri
10160000	2	10000000		Süs bitkiciliği ve ormancılık ürünleri
10161500	3	10160000		Ağaçlar ve çalılar
10170000	2	10000000		Gübreler ve bitki besinleri ve herbisitler
10171500	3	10170000		Organik gübreler ve bitki besinleri
10171501	4	10171500		Hayvan gübresi veya guano
10171502	4	10171500		Bitki hormonları
10171504	4	10171500		Kompost
10171506	4	10171500		Humus (toprak)
10171507	4	10171500		Üre gübresi
10171600	3	10170000		Kimyasal gübreler ve bitki besinleri
10171601	4	10171600		Amonyum nitrat gübresi
10171602	4	10171600		Potasyumlu gübre
10171603	4	10171600		Fosfatlı gübre
10171604	4	10171600		Kükürtlü gübre
10171605	4	10171600		Azot Fosfor Potasyum Karışımları NPK
10171611	4	10171600		Kalsiyum gübresi
10171612	4	10171600		Süperfosfat gübresi
10171613	4	10171600		Kalsiyum karbonat ile karışık amonyum nitrat gübresi
10171614	4	10171600		Tarımsal kullanım için potasyum klorür
10171615	4	10171600		Potasyum sülfat
10171616	4	10171600		Diamonyum hidrojen ortofosfat gübresi
10171700	3	10170000		Herbisitler
10171702	4	10171700		Fungisitler
10171703	4	10171700		Propanil
10171800	3	10170000		Toprak düzenleyicileri
10190000	2	10000000		Zararlı kontrol ürünleri
10191500	3	10190000		Pestisitler veya zararlı kovucular
10191506	4	10191500		Rodentisitler
10191507	4	10191500		Kuş kovucular
10191508	4	10191500		Termit kalkanları
10191509	4	10191500		İnsektisitler
10191510	4	10191500		Abamektin
10191511	4	10191500		Fipronil
10191512	4	10191500		Sipermetrin
10191513	4	10191500		Deltametrin
10191514	4	10191500		Fenitrotion
10191515	4	10191500		Klorpirifos
10191516	4	10191500		Malatyon
10191517	4	10191500		Diazinon
10191518	4	10191500		Karbaril
10191519	4	10191500		Teflubenzuron
10191520	4	10191500		Kimyasal olmayan biyolojik zararlı kontrol çözümü
10191700	3	10190000		Zararlı kontrol cihazları
10191701	4	10191700		Hayvan kontrol tuzakları
10191703	4	10191700		Uçan böcek kontrol tuzakları
10191704	4	10191700		Sinek raketleri
10191705	4	10191700		Kementler (lariat)
10191706	4	10191700		Bacaktan tutan tuzaklar
10191707	4	10191700		Ultrasonik zararlı kovucu
10191708	4	10191700		Fümigasyon sırt çantası
10200000	2	10000000		Canlı gül çalıları
10210000	2	10000000		Yüksek tür veya çeşit sayılı çiçeklerin canlı bitkileri
10220000	2	10000000		Düşük tür veya çeşit sayılı çiçeklerin canlı bitkileri
11000000	1		A	Mineral ve Tekstil ve Yenmeyen Bitki ve Hayvan Materyalleri
11100000	2	11000000		Mineraller ve cevherler ve metaller
11101500	3	11100000		Mineraller
11101501	4	11101500		Mika
11101506	4	11101500		Tebeşir
11101600	3	11100000		Cevherler
11101700	3	11100000		Adi metaller
11101800	3	11100000		Değerli metaller
11110000	2	11000000		Toprak ve taş
11111500	3	11110000		Toprak ve zemin
11111501	4	11111500		Toprak
11111600	3	11110000		Taş
11111601	4	11111600		Alçıtaşı
11111602	4	11111600		Traverten
11111603	4	11111600		Ekosin veya kaymaktaşı
11111604	4	11111600		Granit
11111605	4	11111600		Mermer
11111606	4	11111600		Arduvaz
11111607	4	11111600		Kumtaşı
11111608	4	11111600		Kireçtaşı
11111609	4	11111600		Bazalt
11111610	4	11111600		Sünger taşı
11111611	4	11111600		Çakıl
11111612	4	11111600		Kireçtaşı tozu veya maden kaya tozu
11111613	4	11111600		Volastonit
11111700	3	11110000		Kum
11111701	4	11111700		Silis kumu
11111800	3	11110000		Killer
11111801	4	11111800		Pişmiş toprak
11111802	4	11111800		Ateş kili
11111803	4	11111800		Kaolin veya diğer kaolinik killer
11111804	4	11111800		Bentonit
11111805	4	11111800		Andaluzit
11111806	4	11111800		Mullit
11111807	4	11111800		Şamot
11111808	4	11111800		Adi kil
11111809	4	11111800		Top kili
11111810	4	11111800		Ağartma toprağı
11111811	4	11111800		Haydit (genleştirilmiş kil)
11111812	4	11111800		Vermikülit
11120000	2	11000000		Yenmeyen bitki ve ormancılık ürünleri
11121500	3	11120000		Bitki özsuyu
11121502	4	11121500		Reçine
11121600	3	11120000		Ahşap
11121603	4	11121600		Tomruklar
11121604	4	11121600		Yumuşak kereste
11121605	4	11121600		Rattan
11121606	4	11121600		Mantar
11121607	4	11121600		Odun hamuru
11121608	4	11121600		Bambu
11121610	4	11121600		Sert ağaçlar (hardwood)
11121614	4	11121600		Tik ağacı
11121616	4	11121600		Çam ağacı
11121621	4	11121600		Pashaco ağacı
11121622	4	11121600		Catahua ağacı
11121623	4	11121600		Capirona ağacı
11121624	4	11121600		Kopaiba ağacı
11121625	4	11121600		Okaliptüs ağacı
11121700	3	11120000		Ormancılık yan ürünleri
11121800	3	11120000		Bitkisel lifler
11121900	3	11120000		Parfümeri ürünleri
11122000	3	11120000		Mühendislik ürünü ahşap ürünleri
11122001	4	11122000		Kontrplak
11122002	4	11122000		Yonga levha (sunta)
11122003	4	11122000		Orta yoğunluklu lif levha (MDF)
11122004	4	11122000		Ahşap kaplamalar (vener)
11122005	4	11122000		Tutkallı lamine kereste (glulam)
11122006	4	11122000		İşlemli kereste
11130000	2	11000000		Yenmeyen hayvansal ürünler
11131500	3	11130000		Hayvan derileri ve postları ve hayvansal tekstil materyalleri
11131501	4	11131500		Tüyler
11131600	3	11130000		Diğer hayvansal ürünler
11131602	4	11131600		Sperm
11131607	4	11131600		Embriyolar
11131609	4	11131600		Sığır spermi
11131610	4	11131600		Yenmeyen kuş ve kümes hayvanı yumurtaları
11140000	2	11000000		Hurda ve atık malzemeler
11141600	3	11140000		Metalik olmayan atık ve hurda
11141700	3	11140000		Gıda ve tütün atığı ve hurdası
11150000	2	11000000		Lifler ve iplikler ve büküm iplikleri
11151500	3	11150000		Lifler
11151600	3	11150000		İplikler
11151700	3	11150000		Büküm iplikleri
11160000	2	11000000		Kumaşlar ve deri malzemeleri
11161500	3	11160000		İpek kumaşlar
11161600	3	11160000		Yün kumaşlar
11161700	3	11160000		Pamuklu kumaşlar
11161800	3	11160000		Sentetik kumaşlar
11162000	3	11160000		Pamuk dışındaki bitkisel materyalden kumaşlar
11162100	3	11160000		Özel kumaşlar veya bezler
11162101	4	11162100		Tülbent bezi veya kumaşı
11162102	4	11162100		Bismaleimid kumaş veya bez
11162104	4	11162100		Grafit kumaş veya bez
11162105	4	11162100		Cam kumaş veya bez
11162107	4	11162100		Reçine emdirilmiş kumaş veya bez
11162108	4	11162100		Tel örgü kumaş veya bez
11162109	4	11162100		Dantel
11162110	4	11162100		Ağ örgü
11162111	4	11162100		File
11162112	4	11162100		Kaplamalı kumaşlar
11162113	4	11162100		Döşemelik kumaşlar
11162114	4	11162100		Cırt cırt kumaşları veya bantları
11162115	4	11162100		Elastik örgü şerit
11162116	4	11162100		Çuval bezi
11162117	4	11162100		Kauçuk kumaşlar
11162118	4	11162100		Kağıt iplik kumaşı
11162119	4	11162100		Aydınger bezi
11162120	4	11162100		Eleme bezi (bolting cloth)
11162121	4	11162100		Süs şeritleri
11162122	4	11162100		Şerit (binding) kumaşları
11162123	4	11162100		Bant kumaşları
11162124	4	11162100		Keçe kumaşları
11162125	4	11162100		Dokuma şerit (webbing) kumaşları
11162126	4	11162100		Kapitone kumaş
11162127	4	11162100		Kamuflaj bezi
11162128	4	11162100		Paraşüt bezi
11162129	4	11162100		Markizet bezi
11162130	4	11162100		Dossal (perde bezi)
11162131	4	11162100		Biye (welting) kumaşları
11162132	4	11162100		Şam işi (damask) kumaşı
11162133	4	11162100		Saten kumaş
11162200	3	11160000		Dokunmamış kumaşlar (nonwoven)
11162300	3	11160000		Deriler
11162400	3	11160000		Elyaf dolgu (batting)
11170000	2	11000000		Alaşımlar
11171500	3	11170000		Temel çelikler
11171501	4	11171500		E24-2 veya A37-2 çeliği
11171600	3	11170000		Paslanmaz çelik alaşımları
11171601	4	11171600		Paslanmaz çelik alaşımı 304
11171602	4	11171600		Paslanmaz çelik alaşımı 304l
11171603	4	11171600		Paslanmaz çelik alaşımı 316
11171700	3	11170000		Yüksek hız çelikleri
11171701	4	11171700		Z90WDCV6542 veya M2 yüksek hız çeliği
11171702	4	11171700		Z90WDKCV65542 veya M35 yüksek hız çeliği
11171800	3	11170000		Nikel bazlı süper alaşımlar
11171801	4	11171800		Inconel 600 süper alaşımı
11171900	3	11170000		Titanyum bazlı süper alaşımlar
11171901	4	11171900		TA6V süper alaşımı
11172000	3	11170000		Alüminyum bazlı alaşımlar
11172001	4	11172000		Alüminyum alaşımı 7178
11172100	3	11170000		Kobalt bazlı süper alaşımlar
11172101	4	11172100		Pygmalion veya 846 alaşımı
11172200	3	11170000		Magnezyum bazlı alaşımlar
11172300	3	11170000		Manganez bazlı alaşımlar
11180000	2	11000000		Metal oksit
11190000	2	11000000		Metal atık hurda ve yan ürünler
12000000	1		A	Biyokimyasallar ve Gaz Materyalleri dahil Kimyasallar
12130000	2	12000000		Patlayıcı materyaller
12131500	3	12130000		Patlayıcılar
12131501	4	12131500		Dinamit
12131502	4	12131500		Patlayıcı fişekler
12131503	4	12131500		İtici patlayıcılar
12131504	4	12131500		Patlayıcı dolgular
12131505	4	12131500		Plastik patlayıcılar
12131506	4	12131500		Alüminyumlu patlayıcılar
12131507	4	12131500		Amonyum nitrat patlayıcıları
12131508	4	12131500		Nitrogliserin tozlu patlayıcılar
12131509	4	12131500		Amonyum nitrat ve fuel oil ANFO
12131600	3	12130000		Piroteknik ürünler
12131700	3	12130000		Ateşleyiciler
12131702	4	12131700		Detonatörler
12131703	4	12131700		Patlayıcı fitiller
12131704	4	12131700		Patlayıcı başlatıcılar
12131705	4	12131700		Patlayıcı kapsüller
12131706	4	12131700		Kibritler
12131707	4	12131700		Çakmaklar
12131708	4	12131700		Detonatör kutusu
12131709	4	12131700		Patlayıcı sıkıştırıcı (tamper)
12131800	3	12130000		İtici barutlar
12140000	2	12000000		Elementler ve gazlar
12141500	3	12140000		Toprak metalleri
12141600	3	12140000		Nadir toprak metalleri
12141700	3	12140000		Geçiş metalleri
12141800	3	12140000		Alkali metaller
12141900	3	12140000		Ametaller ve saf ve elementel gazlar
12142000	3	12140000		Soy gazlar
12142100	3	12140000		Endüstriyel kullanım gazları
12142200	3	12140000		İzotoplar
12142201	4	12142200		Döteryumlu çözücüler
12142202	4	12142200		Ağır su
12142203	4	12142200		Alfa kaynakları
12142204	4	12142200		Beta kaynakları
12142205	4	12142200		Kobalt kaynakları
12142206	4	12142200		Gama kaynakları
12142207	4	12142200		Radyoizotop kaynakları
12142208	4	12142200		Kalibrasyon kaynakları
12160000	2	12000000		Katkı maddeleri
12161500	3	12160000		İndikatörler ve Reaktifler
12161700	3	12160000		Tamponlar (buffer)
12161800	3	12160000		Koloidler
12161804	4	12161800		Emülsiyonlar
12161900	3	12160000		Yüzey aktif maddeler (sürfaktanlar)
12162000	3	12160000		Plastikleştiriciler
12162100	3	12160000		Alev geciktiriciler
12162200	3	12160000		Antioksidanlar
12162300	3	12160000		Kürleme (sertleştirme) ajanları
12162700	3	12160000		Sıvı kaybı katkı maddeleri
12162800	3	12160000		Sürtünme azaltıcılar
12163100	3	12160000		Çamur önleyiciler (anti-sludge)
12163200	3	12160000		Gaz göçü önleyici ajanlar
12163600	3	12160000		Korozyon inhibitörleri
12164100	3	12160000		Yerinde (in situ)
12164300	3	12160000		Demir kontrol edicileri
12164400	3	12160000		Emülsiyon önleyiciler (non-emulsifier)
12164500	3	12160000		Gıda veya ilaç katkı maddeleri
12164900	3	12160000		Su yalıtım ajanları
12165100	3	12160000		Petrol geri kazanımını artırma kimyasalları
12170000	2	12000000		Renklendiriciler
12171500	3	12170000		Boyalar
12171600	3	12170000		Pigmentler
12171700	3	12170000		Renk bileşikleri ve dispersiyonları
12180000	2	12000000		Mumlar ve yağlar
12181500	3	12180000		Mumlar
12181600	3	12180000		Yağlar
12190000	2	12000000		Çözücüler
12191500	3	12190000		Hidrokarbonlu çözücüler
12350000	2	12000000		Bileşikler ve karışımlar
12352000	3	12350000		Alifatik ve aromatik bileşikler
12352100	3	12350000		Organik türevler ve sübstitüe bileşikler
12352200	3	12350000		Biyokimyasallar
12352300	3	12350000		İnorganik bileşikler
12352324	4	12352300		Kalsiyum HC, kimyasal havuz ürünü
12352400	3	12350000		Karışımlar
12352500	3	12350000		Sabitleyiciler (fiksatif)
13000000	1		A	Reçine ve Doğal Reçine ve Kauçuk ve Köpük ve Film ve Elastomerik Materyaller
13100000	2	13000000		Kauçuk ve elastomerler
13101500	3	13100000		Doğal kauçuk
13101600	3	13100000		İşlenmiş ve sentetik kauçuk
13101700	3	13100000		Elastomerler
13101900	3	13100000		Termoset plastikler
13102000	3	13100000		Termoplastik plastikler
13110000	2	13000000		Reçineler ve doğal reçineler ve diğer reçine türevi malzemeler
13111000	3	13110000		Reçineler
13111100	3	13110000		Doğal reçineler (rosin)
13111200	3	13110000		Plastik filmler
13111201	4	13111200		Polietilen filmler
13111202	4	13111200		Poliüretan filmler
13111203	4	13111200		Asetat filmler
13111204	4	13111200		Akrilik filmler
13111205	4	13111200		Koekstrüde filmler
13111206	4	13111200		Florapolimer filmler
13111207	4	13111200		Metalize filmler
13111208	4	13111200		Naylon filmler
13111209	4	13111200		Polikarbonat filmler
13111210	4	13111200		Polyester filmler
13111211	4	13111200		Polipropilen filmler
13111212	4	13111200		Çift yönlü gerilmiş polipropilen
13111213	4	13111200		Poliimid filmler
13111214	4	13111200		Polistiren filmler
13111215	4	13111200		Esnek polivinil klorür film
13111216	4	13111200		Sert polivinil klorür film
13111217	4	13111200		Etilen vinil alkol film
13111218	4	13111200		Poliviniliden klorür
13111219	4	13111200		Polivinil alkol filmler
13111220	4	13111200		Silikon kaplamalı filmler
13111300	3	13110000		Köpükler
14000000	1		A	Kağıt Materyalleri ve Ürünleri
14100000	2	14000000		Kağıt materyalleri
14101500	3	14100000		Hammaddeler
14101501	4	14101500		Kağıt hamuru
14110000	2	14000000		Kağıt ürünleri
14111500	3	14110000		Baskı ve yazı kağıdı
14111501	4	14111500		İnce pelür kağıdı
14111502	4	14111500		Velin kağıdı
14111503	4	14111500		Parşömen kağıdı
14111504	4	14111500		Sürekli form kağıdı
14111505	4	14111500		Teksir kağıdı
14111506	4	14111500		Bilgisayar çıktı kağıdı
14111507	4	14111500		Yazıcı veya fotokopi kağıdı
14111508	4	14111500		Faks kağıdı
14111509	4	14111500		Kırtasiye
14111510	4	14111500		Çizici kağıdı
14111511	4	14111500		Yazı kağıdı
14111512	4	14111500		Grafik kağıdı
14111513	4	14111500		Defteri kebir kağıdı
14111514	4	14111500		Kağıt bloknotlar veya defterler
14111515	4	14111500		Hesap makinesi veya yazarkasa kağıdı
14111516	4	14111500		Defter yedek kağıdı
14111518	4	14111500		İndeks kartları
14111519	4	14111500		Karton (cardstock) kağıtları
14111520	4	14111500		Kurutma kağıdı (blotter)
14111523	4	14111500		Aydınger kağıdı
14111524	4	14111500		Foolscap kağıt yaprakları
14111525	4	14111500		Çok amaçlı kağıt
14111526	4	14111500		Telefon mesaj blokları veya defterleri
14111527	4	14111500		Karbonsuz kağıt
14111528	4	14111500		Mıknatıs kağıdı
14111529	4	14111500		Teleks ruloları
14111530	4	14111500		Kendinden yapışkanlı not kağıdı
14111531	4	14111500		Kayıt defterleri veya blokları
14111532	4	14111500		Karışık kağıt kitleri
14111533	4	14111500		Sınav kitapçıkları veya formları
14111534	4	14111500		Nota veya el yazması kağıtları
14111535	4	14111500		Telgraf kağıtları
14111536	4	14111500		Kütüphane kitabı veya ödünç alan kartları
14111537	4	14111500		Etiket kağıtları
14111538	4	14111500		Dijital kağıt
14111539	4	14111500		Tıbbi izleme veya iz çizme veya kayıt kağıdı
14111540	4	14111500		Damga kağıdı
14111541	4	14111500		Optik işaret okuyucu kağıdı
14111542	4	14111500		Kırtasiye için Kore kağıdı
14111543	4	14111500		Mürekkep taşı (hokka)
14111544	4	14111500		Güvenlik kağıdı
14111545	4	14111500		Geniş format yazıcı kağıdı
14111546	4	14111500		Oy pusulası
14111600	3	14110000		Süsleme kağıdı
14111601	4	14111600		Hediye paketi kağıdı veya çantaları veya kutuları
14111604	4	14111600		Kartvizitler
14111605	4	14111600		Tebrik veya not veya kartpostal kartları
14111606	4	14111600		Sanat veya el sanatları kağıdı
14111607	4	14111600		Poster panoları
14111608	4	14111600		Hediye çeki
14111609	4	14111600		Kapak kağıdı
14111610	4	14111600		İnşaat kağıdı (construction paper)
14111611	4	14111600		Davetiye veya duyuru kartları
14111613	4	14111600		Pankart kağıdı
14111614	4	14111600		Albüm kağıtları veya peçeteleri
14111615	4	14111600		Poster kağıtları
14111616	4	14111600		Astar kağıtları
14111617	4	14111600		Leathack kağıdı
14111618	4	14111600		Kent kağıdı
14111700	3	14110000		Kişisel kağıt ürünleri
14111701	4	14111700		Kağıt mendiller
14111702	4	14111700		Klozet kapağı örtüleri
14111703	4	14111700		Kağıt havlular
14111704	4	14111700		Tuvalet kağıdı
14111705	4	14111700		Kağıt peçeteler
14111706	4	14111700		Kağıt masa örtüsü
14111800	3	14110000		İş kullanım kağıtları
14111801	4	14111800		Biletler veya bilet ruloları
14111802	4	14111800		Makbuzlar veya makbuz defterleri
14111803	4	14111800		Fişler (voucher)
14111804	4	14111800		Faturalar veya fatura defterleri
14111805	4	14111800		Çekler veya çek defterleri
14111806	4	14111800		İş formları veya anketler
14111807	4	14111800		Çok amaçlı iş defteri
14111808	4	14111800		Muhasebe formları veya muhasebe defterleri
14111809	4	14111800		Konşimento formları veya konşimento defterleri
14111810	4	14111800		Personel formları veya personel defterleri
14111811	4	14111800		Satış formları veya satış defterleri
14111812	4	14111800		Stok formları veya stok defterleri
14111813	4	14111800		Yazışma formları veya yazışma defterleri
14111814	4	14111800		Vergi formları veya vergi defterleri
14111815	4	14111800		Çadır kartları (masa kartı)
14111816	4	14111800		Başvuran parmak izi kartları
14111817	4	14111800		Mevduat doğrulama formu
14111818	4	14111800		Termal kağıt
14111819	4	14111800		Rezervasyon formları veya rezervasyon defterleri
14111820	4	14111800		Şans oyunu formları veya kuponları
14111821	4	14111800		Sipariş formları veya sipariş defterleri
14111822	4	14111800		Teslimat formları veya teslimat defterleri
14111823	4	14111800		Kontrol formları veya kontrol defterleri
14111824	4	14111800		Eczane reçete blok
14111825	4	14111800		Menü
14111826	4	14111800		Doğum belgesi
14111827	4	14111800		Ölüm belgesi
14111828	4	14111800		İş antetli kağıdı
14111829	4	14111800		Önceden basılı not bloğu
14111830	4	14111800		Hat (engrossing) kağıdı
14111831	4	14111800		Ziyaretçi veya misafir defteri
14120000	2	14000000		Endüstriyel kullanım kağıtları
14121500	3	14120000		Mukavva ve ambalaj kağıtları
14121501	4	14121500		Ağartılmış mukavva
14121502	4	14121500		Ağartılmamış mukavva
14121503	4	14121500		Karton (mukavva)
14121504	4	14121500		Ambalaj kağıdı
14121505	4	14121500		Lif levhalar (fiberboard)
14121506	4	14121500		Oluklu mukavva veya konteyner kartonu CCM
14121507	4	14121500		Uçucu korozyon inhibitörü veya VCI kağıdı
14121508	4	14121500		Kaolin işlemli mukavva
14121509	4	14121500		Yüzey kaplaması olmayan kompozit kağıt veya mukavva
14121510	4	14121500		Test liner mukavva
14121600	3	14120000		Kağıt mendiller (tissue)
14121601	4	14121600		Ağartılmamış krepon kağıtları
14121602	4	14121600		Yarı ağartılmış krepon kağıtları
14121603	4	14121600		Islak dayanımlı kağıt mendiller
14121604	4	14121600		Asitsiz kağıt mendiller
14121605	4	14121600		Kraft ince kağıt
14121700	3	14120000		Lamine kağıtlar
14121701	4	14121700		Filmle yapıştırılmış kağıtlar
14121702	4	14121700		Silindir kağıtları veya çok katmanlı ağır kağıt
14121703	4	14121700		Lamine alüminyum folyo kağıdı
14121800	3	14120000		Kaplamalı kağıtlar
14121801	4	14121800		Kil kaplamalı kağıtlar
14121802	4	14121800		Polietilen kaplamalı kağıtlar
14121803	4	14121800		Polyester kaplamalı kağıtlar
14121804	4	14121800		Silikon kaplamalı kağıtlar
14121805	4	14121800		Lateks işlemli kaplamalı kağıt
14121806	4	14121800		Mumlu kağıt
14121807	4	14121800		Kasap kağıdı
14121808	4	14121800		Dondurucu kağıdı
14121809	4	14121800		Maskeleme kağıdı
14121810	4	14121800		Karbon kağıtları
14121811	4	14121800		Duyarlı kopya kağıtları
14121812	4	14121800		Fotoğraf kağıdı
14121813	4	14121800		Saten kağıt
14121900	3	14120000		Gazete ve ofset kağıtları
14121901	4	14121900		Standart gazete kağıdı
14121902	4	14121900		Renkli gazete kağıdı
14121903	4	14121900		Yüksek parlaklıkta gazete kağıdı
14121904	4	14121900		Ofset kağıdı
14121905	4	14121900		Tympan kağıtları (baskı)
14122100	3	14120000		Kaplamasız taban kağıtları
14122101	4	14122100		Süper kalandırlı kraft kağıdı
14122102	4	14122100		Makinede perdahlanmış kraft kağıdı
14122103	4	14122100		İşlemsiz kaplamasız kağıt
14122104	4	14122100		İşlemsiz krepon kağıdı
14122105	4	14122100		Lateks işlemli krepon kağıdı
14122106	4	14122100		Lateks işlemli kaplamasız kağıt
14122107	4	14122100		Oluklu taban kağıdı
14122108	4	14122100		Sarma Kreponu
14122200	3	14120000		Özel endüstriyel kullanım kağıtları
14122201	4	14122200		Tohum çimlendirme kağıtları
14122202	4	14122200		Çay poşeti kağıdı
14122203	4	14122200		Transfer kağıdı
14122204	4	14122200		Kabartma damgalı kağıt
15000000	1		A	Yakıtlar ve Yakıt Katkı Maddeleri ve Yağlayıcılar ve Korozyon Önleyici Materyaller
15100000	2	15000000		Yakıtlar
15101500	3	15100000		Petrol ve damıtıklar
15101502	4	15101500		Gazyağı
15101503	4	15101500		Nafta
15101504	4	15101500		Havacılık yakıtı
15101505	4	15101500		Dizel yakıt
15101506	4	15101500		Benzin
15101507	4	15101500		Benzen
15101508	4	15101500		Ham petrol
15101509	4	15101500		Deniz yakıtı
15101510	4	15101500		Kondensat
15101513	4	15101500		Dizel yakıt (yol dışı)
15101600	3	15100000		Katı ve jel yakıtlar
15101605	4	15101600		Odun kömürü
15101609	4	15101600		Briket
15101615	4	15101600		Odun cipsi yakıtı
15101700	3	15100000		Fuel oiller
15101800	3	15100000		Bitki bazlı sıvı yakıtlar veya biyoyakıtlar
15101801	4	15101800		Biyodizel
15101802	4	15101800		Etanol
15110000	2	15000000		Gaz yakıtlar ve katkı maddeleri
15111500	3	15110000		Gaz yakıtlar
15111501	4	15111500		Propan
15111502	4	15111500		Metan
15111503	4	15111500		Propilen
15111504	4	15111500		Etilen
15111505	4	15111500		Bütan
15111506	4	15111500		Asetilen
15111507	4	15111500		Su gazı veya jeneratör gazı
15111508	4	15111500		Havagazı (kömür gazı)
15111509	4	15111500		Metilasetilen propadien MAPP gazı
15111510	4	15111500		Sıvılaştırılmış petrol gazı
15111511	4	15111500		Sıvılaştırılmış doğal gaz LNG
15111700	3	15110000		Yakıt katkı maddeleri
15120000	2	15000000		Yağlayıcılar ve yağlar ve gresler ve korozyon önleyiciler
15121500	3	15120000		Yağlayıcı müstahzarlar
15121501	4	15121500		Motor yağı
15121504	4	15121500		Hidrolik yağ
15121508	4	15121500		Şanzıman yağı
15121800	3	15120000		Korozyon önleyiciler
15121807	4	15121800		Antifriz
15121900	3	15120000		Gresler
15130000	2	15000000		Nükleer reaktör yakıtı
15131500	3	15130000		Nükleer yakıt
15131502	4	15131500		Fakirleştirilmiş uranyum
15131503	4	15131500		Zenginleştirilmiş uranyum
15131504	4	15131500		İridyum
15131505	4	15131500		Zenginleştirilmiş plütonyum
15131506	4	15131500		Fakirleştirilmiş plütonyum
15131600	3	15130000		Fisyon yakıt düzenekleri
15131601	4	15131600		Nükleer yakıt çubuğu
20000000	1		B	Madencilik ve Kuyu Sondajı Makineleri ve Aksesuarları
20100000	2	20000000		Madencilik ve taş ocakçılığı makineleri ve ekipmanları
20101500	3	20100000		Kesme ekipmanları
20101501	4	20101500		Sürekli madencilik ekipmanları
20101502	4	20101500		Uzun ayak kesicileri
20101600	3	20100000		Elekler ve besleme ekipmanları
20101700	3	20100000		Kırıcılar ve parçalayıcılar ve öğütücüler
20101709	4	20101700		Bilyalı değirmenler
20101800	3	20100000		Mekanize yer destek sistemleri
20101900	3	20100000		İkincil kaya kırma sistemleri
20102000	3	20100000		Arama ve geliştirme sistemleri
20102100	3	20100000		Kaya sondajları
20102200	3	20100000		Patlayıcı yükleme makineleri
20102300	3	20100000		Yer altı madenciliği servis araçları
20102301	4	20102300		Personel taşıyıcıları
20102302	4	20102300		Vinçli araçlar
20102303	4	20102300		Düz tablalı malzeme taşıyıcıları
20102304	4	20102300		Dökme malzeme taşıyıcıları
20102305	4	20102300		Altyapı servis araçları
20102306	4	20102300		Yükseltmeli platform araçları veya makaslı kaldırıcılar
20102307	4	20102300		Yer altı madenciliği servis aracı yedek parçaları veya aksesuarları
20110000	2	20000000		Kuyu sondaj ve işletme ekipmanları
20111500	3	20110000		Sondaj ve arama ekipmanları
20111504	4	20111500		Su kuyusu sondaj ekipmanları
20111505	4	20111500		Uranyum arama ekipmanları
20111600	3	20110000		Sondaj ve işletme makineleri
20111700	3	20110000		Sondaj ve işletme aksesuarları
20120000	2	20000000		Petrol ve gaz sondaj ve arama ekipmanları
20121400	3	20120000		Tamamlama (completion) aletleri ve ekipmanları
20121449	4	20121400		Dalış pistonu (plunger lift) ekipmanları
20121600	3	20120000		Sondaj uçları (matkap)
20130000	2	20000000		Petrol ve gaz sondaj ve işletme malzemeleri
20140000	2	20000000		Petrol ve gaz işletme ve üretim ekipmanları
21000000	1		B	Tarım ve Balıkçılık ve Ormancılık ve Yaban Hayatı Makineleri ve Aksesuarları
21100000	2	21000000		Tarım ve ormancılık ve peyzaj makineleri ve ekipmanları
21101500	3	21100000		Toprak hazırlama için tarım makineleri
21101501	4	21101500		Pulluklar
21101502	4	21101500		Tırmıklar
21101503	4	21101500		Kültivatörler
21101504	4	21101500		Yabani ot temizleyiciler
21101505	4	21101500		Çapalama makineleri
21101506	4	21101500		Greyderler veya arazi düzleyiciler
21101507	4	21101500		Tarım silindirleri
21101508	4	21101500		Çim veya spor sahası silindirleri
21101509	4	21101500		Drenaj kanalı açma makinesi
21101517	4	21101500		Döner çapa makinesi veya motorlu çapa
21101600	3	21100000		Dikim ve ekim için tarım makineleri
21101601	4	21101600		Dikim makineleri
21101700	3	21100000		Hasat için tarım makineleri
21101701	4	21101700		Biçme makineleri
21101703	4	21101700		Hasat makineleri
21101705	4	21101700		Harman makineleri
21101708	4	21101700		Biçme makinesi parçaları veya aksesuarları
21101709	4	21101700		Balya makinesi
21101800	3	21100000		Tarım için dağıtma ve püskürtme cihazları
21101801	4	21101800		Püskürtücüler
21101802	4	21101800		Tozlayıcılar
21101803	4	21101800		Su fıskiyeleri
21101804	4	21101800		Gübre serpiciler veya dağıtıcılar
21101805	4	21101800		Sis veya buğu jeneratörleri
21101806	4	21101800		Kompost makinesi
21101807	4	21101800		Tozlaşma ekipmanları veya malzemeleri
21101808	4	21101800		Don koruma ekipmanları
21101810	4	21101800		Tarım için dağıtma ve püskürtme cihazları için yedek parçalar ve aksesuarlar
21101900	3	21100000		Kümes ve çiftlik hayvanı ekipmanları
21101901	4	21101900		Süt sağma makineleri
21101903	4	21101900		Kümes hayvanları için kuluçka makineleri veya civciv büyütücüler
21101905	4	21101900		Çiftlik hayvanı tanımlama ekipmanları
21101906	4	21101900		Yumurta muayene veya toplama ekipmanları
21101916	4	21101900		Sağım makinesi parçaları ve aksesuarları
21102000	3	21100000		Temizleme ve ayıklama ve sınıflandırma için tarım makineleri
21102001	4	21102000		Tohum veya tahıl veya kuru baklagil temizleme makineleri
21102002	4	21102000		Tohum veya tahıl veya kuru baklagil ayıklama makineleri
21102009	4	21102000		Temizleme, ayırma ve sınıflandırma makinesi parçaları ve aksesuarları
21102100	3	21100000		Tarımsal işleme makineleri ve ekipmanları
21102200	3	21100000		Ormancılık makineleri ve ekipmanları
21102300	3	21100000		Sera ekipmanları
21102305	4	21102300		Tarımsal güneşlik malzemesi
21102400	3	21100000		Böcek ekipmanları
21102401	4	21102400		Arıcılık ekipmanları
21102500	3	21100000		Sulama sistemleri ve ekipmanları
21102501	4	21102500		Damlama sulama hatları
21102502	4	21102500		Yağmurlama sulama sistemleri
21102503	4	21102500		Sulama parçaları ve aksesuarları
21102600	3	21100000		Tarımsal koruma malzemeleri
21102601	4	21102600		Tarım için plastik film
21110000	2	21000000		Balıkçılık ve su ürünleri yetiştiriciliği ekipmanları
21111500	3	21110000		Ticari balıkçılık ekipmanları
21111501	4	21111500		Ticari balık oltaları
21111504	4	21111500		Ticari balıkçılık ağları
21111600	3	21110000		Su ürünleri yetiştiriciliği ekipmanları
22000000	1		D	Bina ve İnşaat Makineleri ve Aksesuarları
22100000	2	22000000		Ağır inşaat makineleri ve ekipmanları
22101500	3	22100000		Toprak hareketlendirme makineleri
22101501	4	22101500		Ön yükleyiciler
22101502	4	22101500		Greyderler
22101504	4	22101500		Kazık çakıcıları
22101505	4	22101500		Silindirler
22101507	4	22101500		Tokmaklayıcılar
22101508	4	22101500		Kanal açma makineleri
22101509	4	22101500		Beko kazıcılar
22101511	4	22101500		Kompaktörler
22101513	4	22101500		Çekme kepçeler
22101514	4	22101500		Tarama makineleri
22101516	4	22101500		Hendek açıcılar
22101518	4	22101500		Yükselen skreyperler
22101519	4	22101500		Çift motorlu açık kepçeli skreyperler
22101520	4	22101500		Çift motorlu yükselen skreyperler
22101521	4	22101500		Çekilen skreyperler
22101522	4	22101500		Paletli buldozerler
22101523	4	22101500		Tekerlekli buldozerler
22101524	4	22101500		Mobil ekskavatörler
22101525	4	22101500		Tekerlekli ekskavatörler
22101526	4	22101500		Paletli ekskavatörler
22101527	4	22101500		Entegre alet taşıyıcıları
22101528	4	22101500		Lastik tekerlekli yükleyiciler
22101529	4	22101500		Mini yükleyiciler (skid steer)
22101530	4	22101500		Açık kepçeli skreyperler
22101531	4	22101500		Kar üfleyiciler
22101532	4	22101500		Paletli yükleyiciler
22101533	4	22101500		Ağaç sökme dozerleri
22101534	4	22101500		Muharebe toprak hareketlendiricileri
22101535	4	22101500		Kazık çıkarıcı
22101536	4	22101500		Lastik yıkayıcı
22101537	4	22101500		Beton kazık kesici
22101538	4	22101500		Kar küreyici
22101539	4	22101500		Toprak hareketlendirme makinesi parçaları ve aksesuarları
22101600	3	22100000		Asfaltlama ekipmanları
22101632	4	22101600		Boya Sökme Makinesi
22101633	4	22101600		Kaplama Çatlağı Dolgu Ekipmanı
22101700	3	22100000		Ağır ekipman bileşenleri
22101800	3	22100000		Hava platformları (aerial lift)
22101900	3	22100000		Bina inşaat makineleri ve aksesuarları
22101901	4	22101900		Beton karıştırıcıları veya santralleri
22101909	4	22101900		Şlam (slurry) Makinesi
22102000	3	22100000		Bina yıkım makineleri ve ekipmanları
23000000	1		B	Endüstriyel İmalat ve İşleme Makineleri ve Aksesuarları
23100000	2	23000000		Hammadde işleme makineleri
23101500	3	23100000		Ahşap ve taş ve seramik ve benzeri işleme makineleri
23101501	4	23101500		Kopyalama makineleri
23101513	4	23101500		Frezeleme makineleri
23110000	2	23000000		Petrol işleme makineleri
23120000	2	23000000		Tekstil ve kumaş makineleri ve aksesuarları
23121500	3	23120000		Tekstil işleme makineleri ve aksesuarları
23121501	4	23121500		Nakış yapma makineleri
23121600	3	23120000		Tekstil işleme makineleri ve ekipmanları ve aksesuarları
23121614	4	23121600		Dikiş makineleri
23130000	2	23000000		Taş işleme (lapidari) makineleri ve ekipmanları
23131500	3	23130000		Öğütme ve zımparalama ve parlatma ekipmanları ve malzemeleri
23131501	4	23131500		Aşındırıcı bileşikler
23131503	4	23131500		Taşlama taşları
23131600	3	23130000		Faseta ekipmanları ve aksesuarları
23131700	3	23130000		Cabochon kesme ekipmanları
23140000	2	23000000		Deri işleme onarım makineleri ve ekipmanları
23141600	3	23140000		Deri hazırlama makineleri ve aksesuarları
23141601	4	23141600		Deri etleme makineleri
23141700	3	23140000		Deri işleme ve onarım makineleri ve aksesuarları
23150000	2	23000000		Endüstriyel proses makineleri ve ekipmanları ve malzemeleri
23151500	3	23150000		Kauçuk ve plastik işleme makineleri ve ekipmanları ve malzemeleri
23151600	3	23150000		Çimento ve seramik ve cam endüstrisi makineleri ve ekipmanları ve malzemeleri
23151700	3	23150000		Optik endüstrisi makineleri ve ekipmanları ve malzemeleri
23151800	3	23150000		İlaç endüstrisi makineleri ve ekipmanları ve malzemeleri
23151816	4	23151800		Kromatografi kolonları
23151817	4	23151800		Kromatografi ortamı (besiyeri)
23151900	3	23150000		Kağıt yapımı ve kağıt işleme makineleri ve ekipmanları ve malzemeleri
23152000	3	23150000		Bobin işleme ve kontrol makineleri ve ekipmanları ve malzemeleri
23152100	3	23150000		Ayırma makineleri ve ekipmanları
23152200	3	23150000		İmalat masaları ve sehpaları
23152900	3	23150000		Ambalaj makineleri
23152901	4	23152900		Sarma makineleri
23153000	3	23150000		Tutma ve konumlandırma ve yönlendirme sistemleri ve cihazları
23153100	3	23150000		Endüstriyel makine bileşenleri ve aksesuarları
23153145	4	23153100		Püskürtme tabancası
23153200	3	23150000		Robotik
23153400	3	23150000		Montaj makineleri
23153500	3	23150000		Boya sistemleri
23153600	3	23150000		Parça işaretleme makineleri
23153605	4	23153600		Nokta işaretleme makinesi
23153700	3	23150000		Hassas bağlama veya tork ekipmanları
23153800	3	23150000		Kaplama sistemleri
23160000	2	23000000		Döküm makineleri ve ekipmanları ve malzemeleri
23161500	3	23160000		Döküm makineleri ve ekipmanları
23161501	4	23161500		Döküm üfleyicileri
23161600	3	23160000		Döküm malzemeleri
23161700	3	23160000		Döküm kalıpları ve takımları
23180000	2	23000000		Endüstriyel gıda ve içecek ekipmanları
23181500	3	23180000		Gıda hazırlama makineleri
23181501	4	23181500		Dolum makineleri
23181502	4	23181500		Öğütme makineleri
23181507	4	23181500		Ezme makineleri
23181514	4	23181500		Peynir yapma makinesi
23181519	4	23181500		Pastörizasyon makinesi
23181522	4	23181500		Tohum veya fındık kabuk soyucusu
23181523	4	23181500		Mezbaha ekipmanı
23181600	3	23180000		Gıda kesme makineleri
23181601	4	23181600		Küp doğrama makineleri
23181700	3	23180000		Gıda pişirme ve tütsüleme makineleri
23181800	3	23180000		Endüstriyel içecek işleme makineleri
23190000	2	23000000		Karıştırıcılar ve parçaları ve aksesuarları
23191000	3	23190000		Parti (batch) karıştırıcıları
23191001	4	23191000		Değiştirilebilir hazneli karıştırıcılar
23191100	3	23190000		Sürekli karıştırıcılar
23191101	4	23191100		Tek vidalı karıştırıcılar
23200000	2	23000000		Kütle transfer ekipmanları
23201000	3	23200000		Gaz-sıvı temas sistemleri
23201200	3	23200000		Endüstriyel kurutma ekipmanları
23201201	4	23201200		Püskürtmeli kurutucular
23201202	4	23201200		Hava kurutucuları
23201203	4	23201200		Akışkan yataklı kurutucular
23201204	4	23201200		Gıda kurutma ekipmanları
23210000	2	23000000		Elektronik imalat makineleri ve ekipmanları ve aksesuarları
23220000	2	23000000		Tavuk işleme makineleri ve ekipmanları
23221000	3	23220000		Varış bölümü makineleri ve ekipmanları
23221001	4	23221000		Kasa boşaltma sistemi
23221100	3	23220000		Kesim ve tüy yolma bölümü makineleri ve ekipmanları
23230000	2	23000000		Kereste fabrikası ve kereste işleme makineleri ve ekipmanları
23231000	3	23230000		Tomruk kabuk soyucuları ve aksesuarları
23231001	4	23231000		Takım tutucu
23240000	2	23000000		Metal kesme makineleri ve aksesuarları
23241400	3	23240000		Metal taşlama makineleri
23241401	4	23241400		Tezgah taşlama makinesi
23241500	3	23240000		Metal kesme makineleri
23241600	3	23240000		Metal kesme takımları
23241615	4	23241600		Kılavuzlar (tap)
23241700	3	23240000		Metal çapak alma makineleri
23241800	3	23240000		Metal delme makineleri
23241900	3	23240000		Metal delik delme (delme tezgahı) makineleri
23242100	3	23240000		Metal kesme makinesi ekleri
23242200	3	23240000		Dişli imalat makineleri
23242300	3	23240000		Torna tezgahları ve tornalama merkezleri
23242400	3	23240000		İşleme merkezleri
23242500	3	23240000		Metal frezeleme makineleri
23242600	3	23240000		Özel veya çeşitli metal kesme makineleri
23242612	4	23242600		Metal gravür makinesi
23250000	2	23000000		Metal şekillendirme makineleri ve aksesuarları
23251500	3	23250000		Metal bükme makineleri
23251501	4	23251500		Hidrolik abkant pres
23251600	3	23250000		Metal haddeleme makineleri
23251700	3	23250000		Dövme makineleri
23251800	3	23250000		Metal şekillendirme kalıpları ve takımları
23251900	3	23250000		Metal kap imalat makineleri ve ekipmanları
23260000	2	23000000		Hızlı prototipleme makineleri ve aksesuarları
23261500	3	23260000		Hızlı prototipleme makineleri
23261501	4	23261500		Eriyik biriktirme modelleme makinesi (FDM)
23270000	2	23000000		Kaynak ve lehimleme ve sert lehimleme makineleri ve aksesuarları ve malzemeleri
23271400	3	23270000		Kaynak makineleri
23271401	4	23271400		Tozaltı ark kaynak makinesi
23271423	4	23271400		Alternatif akım AC ark kaynak makinesi
23271500	3	23270000		Sert lehimleme makineleri
23271600	3	23270000		Lehimleme makineleri
23271603	4	23271600		Havya (lehim ütüsü)
23271700	3	23270000		Kaynak ve lehimleme ve sert lehimleme aksesuarları
23271712	4	23271700		Kaynak veya lehimleme kiti
23271800	3	23270000		Kaynak ve lehimleme ve sert lehimleme malzemeleri
23271812	4	23271800		Kaynak çubuğu
23280000	2	23000000		Metal işleme makineleri
23281500	3	23280000		Kaplama makineleri
23290000	2	23000000		Endüstriyel takım tezgahları
23291500	3	23290000		Endüstriyel sondaj aletleri
23300000	2	23000000		Tel makineleri ve ekipmanları
23301500	3	23300000		Tel işleme makineleri ve ekipmanları ve aksesuarları
24000000	1		B	Malzeme Taşıma ve Şartlandırma ve Depolama Makineleri ve Aksesuarları ve Malzemeleri
24100000	2	24000000		Malzeme taşıma makineleri ve ekipmanları
24101500	3	24100000		Endüstriyel forkliftler
24101501	4	24101500		Arabalar
24101502	4	24101500		Dökme yük taşıyıcıları
24101503	4	24101500		Tekerlekli platformlar
24101504	4	24101500		El arabaları veya aksesuarları
24101505	4	24101500		Palet arabaları
24101506	4	24101500		İtme arabaları
24101507	4	24101500		El arabaları (tek tekerlekli)
24101508	4	24101500		Sürünme paspasları (mekanik)
24101509	4	24101500		El arabaları (vagon)
24101510	4	24101500		Devrilebilir arabalar (tilt truck)
24101511	4	24101500		Raf arabaları
24101512	4	24101500		Güç arabaları (power buggy)
24101513	4	24101500		Çekici (tugger)
24101514	4	24101500		Platform arabası
24101515	4	24101500		Çatallı taşıyıcı (straddle carrier) kamyon
24101516	4	24101500		Motorlu platform arabası
24101517	4	24101500		Elektrikli çekici traktör
24101600	3	24100000		Kaldırma ekipmanları ve aksesuarları
24101601	4	24101600		Asansörler
24101602	4	24101600		Vinçler (kaldıraç)
24101603	4	24101600		Forkliftler
24101604	4	24101600		Kaldırıcılar
24101605	4	24101600		Yükleme ekipmanları
24101606	4	24101600		İstifleyiciler
24101608	4	24101600		Bocurgatlar
24101609	4	24101600		Eğmeli aparatlar
24101610	4	24101600		Manipülatörler
24101611	4	24101600		Sapanlar
24101612	4	24101600		Krikolar
24101613	4	24101600		Makaralar veya kasnaklar
24101615	4	24101600		Yükleme rampaları
24101625	4	24101600		Konvansiyonel kamyon vinçleri
24101626	4	24101600		Yürüyen merdiven veya yürüyen yollar
24101629	4	24101600		Forklift veya asansör aksesuarları veya malzemeleri
24101630	4	24101600		Atölye vinçleri
24101633	4	24101600		Vinç (kaldıraç) tamburları
24101644	4	24101600		Yemek asansörü (dumbwaiter)
24101655	4	24101600		Araç park kaldırma sistemi
24101656	4	24101600		Traktör çekme vinci
24101658	4	24101600		Kaldırma mıknatısı
24101659	4	24101600		Araç hareketli krikosu veya el arabası
24101661	4	24101600		Araç kaldırıcı (lift)
24101663	4	24101600		Konteyner taşıyıcı/Yan yükleyici
24101675	4	24101600		Palet kaldırma cihazı
24101700	3	24100000		Konveyörler ve aksesuarları
24101706	4	24101700		Tramvay arabaları veya aksesuarları
24101751	4	24101700		Bagaj Konveyörü
24101800	3	24100000		Rıhtım ekipmanları
24101900	3	24100000		Varil taşıma ekipmanları
24102000	3	24100000		Raf ve depolama
24102100	3	24100000		Depolama ekipmanları ve malzemeleri
24102101	4	24102100		Kargo taşıma ekipmanları
24102102	4	24102100		Depo döner sistemleri
24102103	4	24102100		Depo kasalama makineleri
24102104	4	24102100		Palet boşaltıcılar
24102105	4	24102100		Paletleyiciler
24102106	4	24102100		Endüstriyel shrink ambalaj ekipmanları
24102107	4	24102100		Kartonlama makineleri
24102108	4	24102100		Ambalaj kompaktörleri
24102109	4	24102100		Çuval tutucuları
24102200	3	24100000		Paketleme aletleri
24102300	3	24100000		Otomatik kılavuzlu araçlar AGV
24102400	3	24100000		Atık malzeme taşıma ve geri dönüşüm sistemleri
24102401	4	24102400		Dikey atık kompaktörü
24102402	4	24102400		Sabit atık kompaktörü
24102403	4	24102400		Endüstriyel öğütücü (shredder)
24110000	2	24000000		Konteynerler ve depolama
24111500	3	24110000		Çantalar
24111501	4	24111500		Kanvas çantalar
24111502	4	24111500		Kağıt torbalar
24111503	4	24111500		Plastik torbalar
24111507	4	24111500		Alet çantaları
24111508	4	24111500		Çadır torbası
24111509	4	24111500		Su torbaları
24111510	4	24111500		Halat çantaları ve halat paketleri
24111511	4	24111500		Fiber file torba
24111512	4	24111500		Hasır torba
24111513	4	24111500		Pamuk torba
24111514	4	24111500		Fermuarlı torba
24111515	4	24111500		Dokunmamış kumaş torba
24111800	3	24110000		Tanklar ve silindirler ve aksesuarları
24111801	4	24111800		Hazneler
24111802	4	24111800		Hava veya gaz tankları veya silindirleri
24111803	4	24111800		Depolama tankları
24111804	4	24111800		Kalibrasyon tankları
24111805	4	24111800		Kimyasal tankları
24111806	4	24111800		Daldırma tankları
24111807	4	24111800		Genleşme tankları
24111808	4	24111800		Yakıt depolama tankları
24111809	4	24111800		Proses tankları
24111810	4	24111800		Su depolama tankları
24111811	4	24111800		Damacanalar (carboy)
24111812	4	24111800		Muhafaza havuzu
24111813	4	24111800		Durulama tankları
24111814	4	24111800		Sıcak su tankı
24111815	4	24111800		Buhar kondensat tankı
24111816	4	24111800		Sıvılaştırılmış gaz tankı veya tüpü
24111817	4	24111800		Çimento silosu
24111825	4	24111800		Küçük tohum depolama siloları
24112000	3	24110000		Kutular ve sepetler
24112003	4	24112000		Metalik olmayan kutular (bin)
24112004	4	24112000		Metalik kutular (bin)
24112005	4	24112000		Metalik sepetler
24112006	4	24112000		Metalik olmayan sepetler
24112007	4	24112000		Malzeme taşıma rafları
24112100	3	24110000		Fıçılar ve variller ve bidonlar
24112101	4	24112100		Fıçılar
24112113	4	24112100		Sabit yakıt varili
24112200	3	24110000		Tenekeler ve kovalar
24112204	4	24112200		Metalik kovalar
24112209	4	24112200		Bidonlar (jerrican)
24112400	3	24110000		Depolama sandıkları ve dolapları ve bavulları
24112401	4	24112400		Alet sandığı veya dolabı
24112402	4	24112400		Tehlikeli madde dolapları
24112412	4	24112400		Ekipman taşıma kutusu
24112500	3	24110000		Oluklu mukavva ve dağıtım için diğer malzemeler
24112501	4	24112500		Yarık oluklu kutular
24112600	3	24110000		Sıvı kapları
24112603	4	24112600		Su dağıtım kiti
24112700	3	24110000		Paletler
24112701	4	24112700		Ahşap palet
24112702	4	24112700		Plastik palet
24112800	3	24110000		Yük konteynerleri
24112801	4	24112800		Kuru yük konteyneri
24112802	4	24112800		Açık üstlü yük konteyneri
24112803	4	24112800		Platform yük konteyneri
24112805	4	24112800		Sıcaklık kontrollü yük konteyneri
24112806	4	24112800		Sabit yakıt kabı
24112807	4	24112800		Depolama ve transit üniteleri
24112900	3	24110000		Kasalar (crate)
24113000	3	24110000		Kaydırma yaprakları (slip sheet)
24113003	4	24113000		Plastik kaydırma yaprağı
24113100	3	24110000		Kutular
24113101	4	24113100		Posta kutusu
24113102	4	24113100		Antistatik kutu
24113103	4	24113100		Kutu kapağı
24113104	4	24113100		Soğuk depolama kutusu
24113105	4	24113100		Oy sandığı
24113106	4	24113100		Alet kutusu
24113107	4	24113100		Kutu bölmesi
24113108	4	24113100		Aşılar için yalıtımlı kutu
24113109	4	24113100		Kalıplanmış kutu
24113110	4	24113100		Özelleştirilmiş, Çok Amaçlı Kutu örn. Bebek kutusu, okul kutusu
24120000	2	24000000		Ambalaj malzemeleri
24121500	3	24120000		Ambalaj kutuları ve torbaları ve poşetleri
24121502	4	24121500		Ambalaj poşetleri veya torbaları
24121511	4	24121500		Ambalaj kartonu
24121512	4	24121500		Soğutucu paket veya buz kalıbı
24121513	4	24121500		Ambalaj kutusu (case)
24121514	4	24121500		Yalıtım paketi
24121800	3	24120000		Ambalaj tenekeleri
24122000	3	24120000		Şişeler
24122002	4	24122000		Plastik şişeler
24122003	4	24122000		Cam şişeler
24130000	2	24000000		Endüstriyel soğutma
24131500	3	24130000		Endüstriyel buzdolapları
24131501	4	24131500		Kombine buzdolabı dondurucular
24131502	4	24131500		Sıvı azot buzdolapları
24131503	4	24131500		İçine girilebilir soğuk hava depoları
24131504	4	24131500		Soğutmalı konteynerler
24131505	4	24131500		Soğutmalı kaplar
24131506	4	24131500		Soğutmalı tanklar
24131513	4	24131500		Soğutucu akışkan
24131515	4	24131500		İlaç buzdolabı ve dondurucu
24131516	4	24131500		Soğuk depolama odası
24131600	3	24130000		Endüstriyel dondurucular
24131601	4	24131600		Sandık tipi dondurucular
24131602	4	24131600		Dik kabin dondurucu
24131603	4	24131600		Düşük sıcaklık dondurucuları
24131604	4	24131600		Dondurarak kurutma ekipmanları
24131605	4	24131600		İçine girilebilir dondurucular
24131606	4	24131600		Plakalı dondurucular
24131607	4	24131600		Şok dondurucular
24131900	3	24130000		Buz makineleri
24140000	2	24000000		Paketleme malzemeleri
24141500	3	24140000		Sabitleme ve koruma malzemeleri
24141501	4	24141500		Streç ambalaj filmleri
24141504	4	24141500		Kurcalamaya karşı korumalı veya güvenlik mühürleri
24141506	4	24141500		Tenteler (branda)
24141510	4	24141500		Kablo koruyucuları
24141521	4	24141500		Fümigasyon örtüsü
24141600	3	24140000		Yastıklama malzemeleri
24141700	3	24140000		Ambalaj tüpleri ve çekirdekleri ve etiketleri ve aksesuarları
25000000	1		D	Ticari ve Askeri ve Özel Araçlar ve Aksesuarları ve Bileşenleri
25100000	2	25000000		Motorlu araçlar
25101500	3	25100000		Yolcu motorlu araçları
25101501	4	25101500		Minibüsler
25101502	4	25101500		Otobüsler
25101503	4	25101500		Otomobiller
25101504	4	25101500		Steyşın vagonlar
25101505	4	25101500		Minivanlar veya panelvanlar
25101506	4	25101500		Limuzinler
25101507	4	25101500		Hafif kamyonlar veya arazi araçları
25101508	4	25101500		Spor otomobil
25101509	4	25101500		Elektrikle çalışan araç
25101510	4	25101500		Zırhlı motorlu taşıt
25101600	3	25100000		Ürün ve malzeme taşıma araçları
25101601	4	25101600		Damperli kamyonlar
25101602	4	25101600		Çekici kamyonlar
25101604	4	25101600		Dağıtım kamyonları
25101609	4	25101600		Çamur veya kanalizasyon taşıma kamyonları
25101610	4	25101600		Su kamyonları
25101611	4	25101600		Kargo kamyonları
25101612	4	25101600		Beton taşıma kamyonu
25101613	4	25101600		Beton pompası kamyonu
25101614	4	25101600		Yük taşıma aracı (motovan)
25101615	4	25101600		Takas kamyon şasisi/Platform kaldırma sistemi kamyonu
25101700	3	25100000		Emniyet ve kurtarma araçları
25101702	4	25101700		Polis araçları
25101703	4	25101700		Ambulanslar
25101704	4	25101700		Yangın söndürme pompalı kamyon
25101705	4	25101700		Yangın söndürme su tanklı kamyon
25101706	4	25101700		Yangın söndürme kimyasal kamyonu
25101707	4	25101700		Yangın söndürme merdivenli kamyon
25101708	4	25101700		Kurtarma kamyonu
25101709	4	25101700		Duman tahliye kamyonu
25101710	4	25101700		Aydınlatmalı duman tahliye kamyonu
25101711	4	25101700		Uzaktan kumandalı lülle yangın söndürme kamyonu
25101712	4	25101700		Yangın araştırma aracı
25101713	4	25101700		Zırhlı ambulans
25101714	4	25101700		Zırhlı kurtarma aracı
25101715	4	25101700		Mayın Korumalı Araçlar - Ambulans
25101716	4	25101700		Mayın Korumalı Araçlar – Kurtarma Aracı
25101717	4	25101700		Uçak Kurtarma ve Yangın Söndürme, 3000 Galon (12.000 Litre)
25101718	4	25101700		Uçak Kurtarma ve Yangın Söndürme, 1500 Galon (6000 Litre)
25101719	4	25101700		Uçak Kurtarma ve Yangın Söndürme Ünitesi, 150 Galon (600 litre)
25101800	3	25100000		Motorlu bisikletler
25101801	4	25101800		Motosikletler
25101802	4	25101800		Skuterler
25101803	4	25101800		Mopedler
25101804	4	25101800		Motosiklet sepeti
25101900	3	25100000		Özel ve eğlence amaçlı araçlar
25101901	4	25101900		Tarım traktörleri
25101902	4	25101900		Karavanlar
25101903	4	25101900		Kar motosikletleri veya kar skuteri
25101904	4	25101900		Golf arabaları
25101905	4	25101900		Paletli veya tekerlekli her türlü arazi araçları
25101906	4	25101900		Go-kart
25101907	4	25101900		Römork, seyahat veya karavan
25101908	4	25101900		Dört tekerlekli motosikletler (quad)
25101909	4	25101900		Amfibi araç
25101910	4	25101900		Su sulama kamyonu
25101911	4	25101900		Hava platformlu kamyon
25101912	4	25101900		Merdivenli kaldırma kamyonu
25101913	4	25101900		Soğutmalı kamyon
25101914	4	25101900		Atık toplama aracı veya çöp kamyonu
25101915	4	25101900		Yağ tankeri kamyonu
25101916	4	25101900		Hazneli (hopper) kamyon
25101917	4	25101900		Düz platform (flatbed) kamyon
25101918	4	25101900		Mahalle elektrikli aracı NEV
25101919	4	25101900		Yol süpürücü
25101920	4	25101900		Tanker kamyonlar
25101921	4	25101900		Van kamyonlar (panelvan)
25101922	4	25101900		Yol onarım kamyonu
25101923	4	25101900		Paletli (kreyler) traktör
25101924	4	25101900		Bariyer temizleme aracı
25101925	4	25101900		Tabela kamyonu
25101926	4	25101900		Kar küreme kamyonu
25101927	4	25101900		Tuz serpme kamyonu
25101928	4	25101900		Mobil medya kamyonu
25101929	4	25101900		Mobil ofis aracı
25101930	4	25101900		Aydınlatma kamyonu
25101931	4	25101900		Dış yayın aracı (OB van)
25101932	4	25101900		Kalabalık kontrol kamyonu
25101933	4	25101900		Vinçli kamyon
25101934	4	25101900		Cenaze aracı
25101935	4	25101900		Püskürtme kamyonu
25101936	4	25101900		Vakum kamyonu
25101937	4	25101900		Tıbbi muayene ve tedavi otobüsü
25101938	4	25101900		Kan bağışı aracı (bloodmobile)
25101939	4	25101900		Römork, mobil sınıf
25101940	4	25101900		İş amaçlı arazi aracı UTV veya rekreasyonel yol dışı araç ROV
25101941	4	25101900		Mobil laboratuvar
25101942	4	25101900		Pist Süpürücü, Kendinden Hareketli
25101943	4	25101900		Pist Süpürücü, Çekilen
25101944	4	25101900		Pist Lastik İzi Temizleme Makinesi
25101945	4	25101900		Süpürücü, Pist
25101946	4	25101900		Su Tankeri
25101947	4	25101900		Sondaj kamyonu/Burgu kamyonu
25101948	4	25101900		Atölye kamyonu
25102000	3	25100000		Savaş araçları
25102001	4	25102000		Tanklar
25102002	4	25102000		Zırhlı muharebe araçları
25102003	4	25102000		Kundağı motorlu toplar
25102100	3	25100000		Çekici kamyonlar (truck tractor)
25102101	4	25102100		Alçak kabinli çekiciler
25102102	4	25102100		Yataklı uzun burunlu çekiciler
25102103	4	25102100		Yataksız uzun burunlu çekiciler
25102104	4	25102100		Yataklı motor üstü kabinli çekiciler
25102105	4	25102100		Yataksız motor üstü kabinli çekiciler
25102106	4	25102100		Çekici kafası (traktör head)
25110000	2	25000000		Deniz taşımacılığı
25111500	3	25110000		Ticari deniz araçları
25111501	4	25111500		Trolcüler
25111502	4	25111500		Balıkçı tekneleri
25111503	4	25111500		Kargo veya konteyner gemileri
25111504	4	25111500		Tarama gemileri
25111505	4	25111500		Tankerler
25111506	4	25111500		Römorkörler
25111507	4	25111500		Mavnalar
25111508	4	25111500		Yolcu veya araç feribotları
25111509	4	25111500		Yolcu gemileri
25111510	4	25111500		Kurtarma gemileri
25111511	4	25111500		Petrol veya gaz personel teknesi
25111512	4	25111500		Petrol veya gaz iş teknesi
25111513	4	25111500		Sismik gemi
25111514	4	25111500		Buzkıran
25111515	4	25111500		Sıvılaştırılmış gaz taşıyıcısı
25111516	4	25111500		Şişme kauçuk bot
25111517	4	25111500		Hovercraft (hava yastıklı tekne)
25111518	4	25111500		Hastane gemisi
25111520	4	25111500		Şamandıra
25111524	4	25111500		Dökme yük gemisi
25111527	4	25111500		Kürekli tekne
25111528	4	25111500		Karantina teknesi
25111529	4	25111500		Hava (meteoroloji) gemisi
25111532	4	25111500		Enkaz toplama gemisi
25111533	4	25111500		Eğitim gemisi
25111600	3	25110000		Emniyet ve kurtarma deniz araçları
25111601	4	25111600		Cankurtaran botları veya can salları
25111602	4	25111600		Yangın söndürme deniz araçları
25111603	4	25111600		Kurtarma gemileri veya botları
25111700	3	25110000		Askeri deniz araçları
25111722	4	25111700		Sahil güvenlik botu veya kateri
25111724	4	25111700		Balıkçılık eğitim gemisi
25111725	4	25111700		Balıkçılık araştırma gemisi
25111726	4	25111700		Deniz kirliliği kontrol gemisi
25111800	3	25110000		Eğlence amaçlı deniz araçları
25111801	4	25111800		Eğlence amaçlı yelkenliler
25111802	4	25111800		Eğlence amaçlı motorlu tekneler
25111803	4	25111800		Eğlence amaçlı kayıklar
25111804	4	25111800		Kanolar veya kayaklar
25111805	4	25111800		Kişisel motorlu deniz araçları
25111806	4	25111800		Sallar
25111807	4	25111800		Sandallar (dinghy)
25111808	4	25111800		Yatlar
25111809	4	25111800		Yassı tekne (skiff)
25111900	3	25110000		Deniz aracı sistemleri ve alt montajları
25111901	4	25111900		Deniz aracı iletişim sistemleri
25111902	4	25111900		Deniz pervaneleri
25111903	4	25111900		Yelkenler
25111904	4	25111900		Kürekler (palet)
25111905	4	25111900		Deniz balast sistemleri
25111906	4	25111900		Çapa takozları
25111907	4	25111900		Çapa halatları
25120000	2	25000000		Demiryolu ve tramvay makineleri ve ekipmanları
25121500	3	25120000		Lokomotifler ve elektrikli tramvaylar
25121501	4	25121500		Dizel yük lokomotifleri
25130000	2	25000000		Hava taşıtları
25131400	3	25130000		Güvenlik ve Kurtarma Uçağı
25131401	4	25131400		Kurtarma ve Yangın Söndürme Uçağı, 150 Galon
25131402	4	25131400		Kurtarma ve Yangın Söndürme Uçağı, 3000 Galon (12.000 Litre)
25131403	4	25131400		Kurtarma ve Yangın Söndürme Uçağı, 1500 Galon (6.000 Litre)
25131500	3	25130000		Motorlu sabit kanatlı hava taşıtları
25131504	4	25131500		Ticari yolcu pervaneli hava taşıtları
25131505	4	25131500		Kargo jet uçakları
25131506	4	25131500		Ticari yolcu jet uçakları
25131507	4	25131500		Özel veya iş amaçlı pervaneli hava taşıtları
25131508	4	25131500		Özel veya iş amaçlı jet uçakları
25131509	4	25131500		Sabit kanatlı eğitim uçağı veya eğitmen
25131510	4	25131500		Uçak, Tek Motorlu
25131511	4	25131500		Uçak, Çift Motorlu
25131512	4	25131500		Uçak, Geniş Gövdeli Jet
25131513	4	25131500		Uçak, Uçuş Muayene (Tam Donanımlı)
25131600	3	25130000		Sivil ve ticari döner kanatlı hava taşıtları
25131601	4	25131600		Yolcu taşıma helikopterleri
25131602	4	25131600		Kargo taşıma helikopterleri
25131604	4	25131600		Tıbbi veya kurtarma helikopterleri
25131700	3	25130000		Askeri sabit kanatlı hava taşıtları
25131705	4	25131700		Hedef veya keşif insansız hava araçları
25131707	4	25131700		Keşif veya gözetleme hava taşıtları
25131709	4	25131700		Askeri nakliye uçakları
25131800	3	25130000		Özel amaçlı hava taşıtları
25131900	3	25130000		Askeri döner kanatlı hava taşıtları
25131902	4	25131900		Askeri nakliye helikopterleri
25132100	3	25130000		İnsansız hava aracı
25132101	4	25132100		Tarım dronu
25150000	2	25000000		Uzay araçları
25151700	3	25150000		Uydular
25151701	4	25151700		İletişim uyduları
25160000	2	25000000		Motorsuz bisikletler
25161500	3	25160000		Pedalla çalışan araçlar
25161505	4	25161500		Dağ bisikletleri
25161506	4	25161500		Yarış bisikletleri
25161507	4	25161500		Bisikletler
25170000	2	25000000		Ulaşım bileşenleri ve sistemleri
25171500	3	25170000		Ön cam sileceği
25171507	4	25171500		Silecek lastikleri
25171600	3	25170000		Buz çözme ve buğu giderme sistemleri
25171700	3	25170000		Frenleme sistemleri ve bileşenleri
25171702	4	25171700		Otomotiv frenleme sistemleri
25171713	4	25171700		Disk fren balataları
25171900	3	25170000		Tekerlekler ve jant kapakları
25171901	4	25171900		Otomobil jantları veya tekerlekleri
25172000	3	25170000		Süspansiyon sistemi bileşenleri
25172100	3	25170000		Araç emniyet ve güvenlik sistemleri ve bileşenleri
25172200	3	25170000		Araç kapıları
25172300	3	25170000		Araç camları ve ön camları
25172400	3	25170000		Yakıt tankları ve sistemleri
25172406	4	25172400		Yakıt tankları
25172500	3	25170000		Lastikler ve iç lastikler
25172502	4	25172500		Otomobil iç lastikleri
25172503	4	25172500		Ağır kamyon lastikleri
25172504	4	25172500		Otomobil veya hafif kamyon lastikleri
25172505	4	25172500		Bisiklet iç lastikleri
25172506	4	25172500		Bisiklet dış lastikleri
25172509	4	25172500		Ağır kamyon iç lastiği
25172511	4	25172500		Lastik onarım kiti
25172512	4	25172500		Motosiklet lastiği
25172514	4	25172500		Motosiklet lastiği iç lastiği
25172600	3	25170000		Araç kaplaması ve dış kaplama
25172607	4	25172600		Araç yan panelleri
25172614	4	25172600		Kamyon örtü brandası
25172700	3	25170000		Çevre kontrol sistemleri
25172709	4	25172700		Araç klimasi
25172710	4	25172700		Araç ısıtıcısı
25172711	4	25172700		Araç hava temizleyicisi
25172800	3	25170000		Hidrolik sistemler ve bileşenleri
25172804	4	25172800		Hidrolik Motor
25172805	4	25172800		Hidrolik Servis Ünitesi
25172900	3	25170000		Dış araç aydınlatması
25172908	4	25172900		Araç arka lambası
25173000	3	25170000		İç araç aydınlatması
25173100	3	25170000		Konum ve seyrüsefer sistemleri ve bileşenleri
25173107	4	25173100		Araç küresel konumlama sistemi GPS
25173108	4	25173100		Araç seyrüsefer sistemleri
25173110	4	25173100		Yer Seyrüsefer Yardımcıları ve İniş Yardımcıları
25173111	4	25173100		Uydu Seyrüsefer Ekipmanı
25173112	4	25173100		Dijital küresel seyrüsefer uydu sistemi (DGNSS) Yerel Alan Güçlendirme Sistemi (LAAS)
25173113	4	25173100		Küresel seyrüsefer uydu sistemi (GNSS) Geniş Alan Güçlendirme Sistemi (WAAS)
25173114	4	25173100		Çok Yüksek Frekans (VHF) Dijital Küresel Seyrüsefer Uydu Sistemi (GNSS) Veri Bağlantısı
25173115	4	25173100		Seyrüsefer Sensörü
25173116	4	25173100		Küresel Konumlama Sistemi (GPS) Alıcısı Otonom Bütünlük İzleme
25173117	4	25173100		Konvansiyonel VHF Çok Yönlü Menzil (CVOR) ve HF Çok Yönlü Menzil (VOR)/Mesafe Ölçüm Ekipmanı (DME) Sistemleri
25173118	4	25173100		Doppler VHF Çok Yönlü Menzil (DVOR) ve DVOR/DME Sistemleri
25173119	4	25173100		Doppler VHF Çok Yönlü Menzil (DVOR) Tam Yer İstasyonu
25173120	4	25173100		Doppler VHF Çok Yönlü Menzil (DVOR)/Mesafe Ölçüm Ekipmanı (DME) Sistemleri
25173121	4	25173100		Mesafe Ölçüm Ekipmanı (DME) Sistemi
25173122	4	25173100		Aletli İniş Sistemi ve Aletli İniş Sistemi/Mesafe Ölçüm Ekipmanı (DME) Sistemi
25173123	4	25173100		Aletli İniş Sistemi (ILS)
25173124	4	25173100		Aletli İniş Sistemi (ILS) Lokalizer Ekipmanı
25173125	4	25173100		Aletli İniş Sistemi (ILS) Süzülme Yolu Ekipmanı
25173126	4	25173100		Aletli İniş Sistemi (ILS)/Mesafe Ölçüm Ekipmanı (DME)
25173127	4	25173100		Yönsüz İşaret Feneri (NDB) ve İlgili Ekipman
25173128	4	25173100		Yönsüz İşaret Fenerleri (NDB)
25173129	4	25173100		Yön Bulma Ekipmanı
25173130	4	25173100		Yön Bulucu
25173131	4	25173100		Doppler Yön Bulucu
25173132	4	25173100		Yön Bulma Ekipmanı, Aksesuarları
25173133	4	25173100		Çok Yüksek Frekans (VHF) İşaret Feneri ve İlgili Ekipman
25173134	4	25173100		Küresel Konumlama Sistemi (GPS) Komple
25173135	4	25173100		Diferansiyel Küresel Konumlama Sistemi (DGPS) - Yer İstasyonu
25173300	3	25170000		Ana kontrol sistemleri
25173700	3	25170000		Egzoz ve emisyon kontrolleri
25173800	3	25170000		Aktarma organı (drivetrain) sistemleri
25173900	3	25170000		Elektriksel bileşenler
25174000	3	25170000		Motor soğutma sistemi
25174100	3	25170000		Çatı sistemleri
25174200	3	25170000		Direksiyon sistemi
25174213	4	25174200		Direksiyon silindiri düzenekleri
25174400	3	25170000		Araç iç sistemleri
25174414	4	25174400		Takograf
25174600	3	25170000		Araç koltuk sistemleri
25174700	3	25170000		Motorsuz bisiklet bileşenleri ve aksesuarları
25174800	3	25170000		Özel araç sistemleri ve bileşenleri
25174900	3	25170000		Araç titreşim sönümleyicileri ve izolatörleri
25175000	3	25170000		Elektrikli araç şarj sistemleri
25175100	3	25170000		Ulaşım onarım parça kitleri
25175101	4	25175100		Motorlu taşıt onarım parça kiti
25175102	4	25175100		Motosiklet onarım parça kiti
25175103	4	25175100		Deniz taşıtı onarım parça kitleri
25175106	4	25175100		Motorsuz bisiklet onarım parça kiti
25175200	3	25170000		Özel, Güvenlik ve Kurtarma Aracı Aksesuarları
25175201	4	25175200		Ambulans Aksesuarları
25175202	4	25175200		Yangın Söndürme Aracı Aksesuarları
25175203	4	25175200		Arama ve Kurtarma Aracı Aksesuarları
25180000	2	25000000		Araç gövdeleri ve römorklar
25181600	3	25180000		Otomotiv şasileri
25181601	4	25181600		Otomobil şasisi
25181604	4	25181600		Kargo kamyonu kasası
25181605	4	25181600		Damperli kamyon kasası
25181606	4	25181600		Römork kasası
25181610	4	25181600		Hava kargo römorku
25181612	4	25181600		Tarımsal römork
25181614	4	25181600		Takas gövdesi/Platform kaldırma sistemi modülü
25181700	3	25180000		Ürün ve malzeme römorkları
25181701	4	25181700		Konteyner römorkları
25181703	4	25181700		Canlı hayvan römorkları
25181708	4	25181700		Römork çeki demirleri
25181719	4	25181700		Soğutmalı römork
25181720	4	25181700		Römork ve yarı römork parçaları
25190000	2	25000000		Ulaştırma hizmetleri ekipmanları
25191500	3	25190000		Hava taşımacılığı destek sistemleri ve ekipmanları
25191501	4	25191500		Yer destek eğitim sistemleri
25191502	4	25191500		Yer destek test veya bakım sistemleri
25191503	4	25191500		Entegre bakım bilgi sistemleri
25191504	4	25191500		Hava taşıtı uçuş simülatörleri veya eğiticileri
25191505	4	25191500		Hava taşıtı kargo taşıma ekipmanları
25191506	4	25191500		Hava taşıtı yakıt ikmal ekipmanları
25191507	4	25191500		Hava taşıtı buz çözme ekipmanları
25191508	4	25191500		Yolcu körükleri (jetway)
25191509	4	25191500		Hava taşıtı itme veya çekme traktörleri
25191510	4	25191500		Hava taşıtları için yer güç üniteleri
25191511	4	25191500		Hava taşıtları için tuvalet servis ekipmanları
25191512	4	25191500		Uçak merdivenleri veya merdiven kamyonları
25191513	4	25191500		Yer destek aracı bakım kiti
25191514	4	25191500		Uçak çekme çubuğu (towbar)
25191515	4	25191500		Yer kontrollü yaklaşma sistemi
25191516	4	25191500		Hava taşıtı hava marş ünitesi
25191517	4	25191500		Hava taşıtı klima ve ısıtma kamyonu
25191518	4	25191500		Havacılık sensörü test ekipmanı
25191519	4	25191500		Hava taşıtı çekme adaptörü
25191520	4	25191500		Çevresel test haznesi
25191521	4	25191500		Geri çekilebilir kancalı kablo destek sistemi
25191522	4	25191500		Hava taşıtı motoru bakım seti
25191523	4	25191500		Uçak bagaj çekicisi veya traktörü
25191524	4	25191500		Hava kargo konveyör kamyonu
25191525	4	25191500		Hava taşıtı yakıt ikmal kamyonu
25191526	4	25191500		Uçak Parçaları ve Aksesuarları
25191527	4	25191500		Helikopter Parçaları ve Aksesuarları
25191528	4	25191500		Yangın Söndürme ve Kurtarma için Uçak ve Hava Taşıtı Ekipmanı
25191529	4	25191500		Azot Dolum Arabası
25191530	4	25191500		Havaalanı Uçuş Yönetim Sistemi
25191531	4	25191500		Ortak Kullanım Terminal Ekipmanı (CUTE)
25191532	4	25191500		Oksijen Dolum Arabası
25191533	4	25191500		Havaalanı Bilgi Sistemi
25191534	4	25191500		Bagaj ve Kargo İşleme Sistemleri
25191535	4	25191500		Uçak Kabini Temizleme Ünitesi
25191536	4	25191500		Otomatik Uçuş Sorgu Yanıt Sistemleri
25191537	4	25191500		Bagaj İşleme Sistemi (BHS)
25191538	4	25191500		Su Servis Ünitesi
25191539	4	25191500		Bagaj Mutabakat Sistemi
25191540	4	25191500		İkram Servisi Ünitesi
25191541	4	25191500		Servis Platformu
25191542	4	25191500		Kara Aracı Takip Sistemi
25191543	4	25191500		Uçaklar için Katı Atık Bertaraf Ekipmanı
25191544	4	25191500		Römork, Bagaj/Kargo (Çekilebilir ve Kendinden Hareketli)
25191545	4	25191500		Hareket Kısıtlı Yolcu Yükleyici
25191546	4	25191500		Sabit Yolcu Yürüme Yolu
25191547	4	25191500		Hava Trafik Kontrol (ATC) Simülatörleri
25191548	4	25191500		Seyrüsefer Yardımcıları Eğitim Sistemleri
25191549	4	25191500		Uçuş Bilgi Görüntüleme Sistemi (FIDS)
25191550	4	25191500		Ön Şartlandırılmış Hava Ünitesi (PCA)
25191551	4	25191500		Mobil ATA Kontrol Kulesi
25191552	4	25191500		Araba, Bagaj (Yolcu)
25191553	4	25191500		Araba, Bagaj - Aksesuarları
25191554	4	25191500		Havaalanı veya Havacılık faturalandırma sistemi
25191600	3	25190000		Uzay taşımacılığı destek sistemleri ve ekipmanları
25191700	3	25190000		Araç servis ekipmanları
25191800	3	25190000		Araç test ve ölçüm ekipmanları
25200000	2	25000000		Havacılık-uzay sistemleri ve bileşenleri ve ekipmanları
25201700	3	25200000		Uçuş iletişimiyle ilgili sistemler
25201701	4	25201700		Hava taşıtı iletişim sistemleri
25201702	4	25201700		Uçuş veri kaydedicileri
25201800	3	25200000		Hava taşıtı ana kontrol sistemleri
25201801	4	25201800		Uçuş bilgisayar sistemleri
25201900	3	25200000		Hava taşıtı acil durum sistemleri
25201901	4	25201900		Hava taşıtı yangın kontrol veya söndürme sistemleri
25202100	3	25200000		Uçuş enstrümantasyonu
25202300	3	25200000		Hava taşıtı yolcu emniyet bağları
25202301	4	25202300		Uçak emniyet kemerleri
25202800	3	25200000		Havacılık Veri İletişim Ekipmanı
25202801	4	25202800		ATS Mesaj İşleme Sistemi (AMHS)
25202802	4	25202800		Havacılık Sabit Telekomünikasyon Ağı (AFTN)
25202803	4	25202800		İletişim Kontrol ve İzleme Ekipmanı
25202900	3	25200000		Hava Trafik Yönetimi Ekipmanı
25202901	4	25202900		Denetleyici İş İstasyonu
25202902	4	25202900		Otomatik Bağımlı Gözetim (ADS)
25202903	4	25202900		Hava Trafik Hizmetleri (ATS) Konsolları ve Konsol Ekipmanı
25202904	4	25202900		Dijital Ses Kayıt ve Oynatma Sistemi
25202905	4	25202900		Otomatik Terminal Bilgi Servisi (ATIS) Ekipmanı
25202906	4	25202900		Havacılık Bilgi Sistemi (AIS)
25202907	4	25202900		Havacılık Bilgi Yönetim Sistemi (AIM)
25202908	4	25202900		Volmet Ekipmanı
25202909	4	25202900		Seçici Arama Ekipmanı (Selcal)
25202910	4	25202900		Uçuş İlerleme Şeritleri
25202911	4	25202900		Çoklu Konumlandırma Gözetimi (MLAT)
26000000	1		B	Güç Üretimi ve Dağıtım Makineleri ve Aksesuarları
26100000	2	26000000		Güç kaynakları
26101100	3	26100000		Alternatif akım AC elektrik motorları
26101200	3	26100000		Doğru akım DC elektrik motorları
26101300	3	26100000		Elektriksiz motorlar
26101400	3	26100000		Motor veya jeneratör bileşenleri
26101412	4	26101400		Motor onarım kiti
26101500	3	26100000		Motorlar
26101501	4	26101500		Hidrolik motorlar
26101502	4	26101500		Pnömatik motorlar
26101503	4	26101500		Gaz motorları
26101504	4	26101500		Dizel motorlar
26101505	4	26101500		Buhar motorları
26101506	4	26101500		Türbin motorları
26101507	4	26101500		Turbofan motorları
26101508	4	26101500		Termal motorlar
26101509	4	26101500		Hidroelektrik motorlar
26101511	4	26101500		Hidrolik türbin motorları
26101513	4	26101500		Motor Onarım Kiti
26101515	4	26101500		Benzinli dıştan takma motor
26101700	3	26100000		Motor bileşenleri ve aksesuarları
26101720	4	26101700		Turboşarj
26101732	4	26101700		Bujiler
26101736	4	26101700		Pistonlar
26101740	4	26101700		Yakıt enjektörleri
26101764	4	26101700		Silindir gömlekleri
26101900	3	26100000		İçten yanmalı motor bileşenleri
26110000	2	26000000		Bataryalar ve jeneratörler ve kinetik güç aktarımı
26111500	3	26110000		Kinetik güç aktarımı
26111600	3	26110000		Güç jeneratörleri
26111601	4	26111600		Dizel jeneratörler
26111602	4	26111600		Hidroelektrik jeneratörler
26111603	4	26111600		Rüzgar jeneratörleri
26111604	4	26111600		Gaz jeneratörleri
26111605	4	26111600		Termal jeneratörler
26111606	4	26111600		Hidrolik jeneratörler
26111607	4	26111600		Güneş jeneratörleri
26111608	4	26111600		Buhar jeneratörleri
26111609	4	26111600		Gaz türbini jeneratörü
26111610	4	26111600		Selsin jeneratörü
26111611	4	26111600		Yardımcı jeneratör
26111612	4	26111600		Darbe (impulse) jeneratörü
26111613	4	26111600		Gelgit dalgası jeneratörü
26111614	4	26111600		Benzinli jeneratör
26111700	3	26110000		Bataryalar ve piller ve aksesuarları
26111701	4	26111700		Şarj edilebilir bataryalar
26111702	4	26111700		Alkalin piller
26111703	4	26111700		Araç aküleri
26111704	4	26111700		Batarya şarj cihazları
26111705	4	26111700		Kuru piller
26111706	4	26111700		Elektronik bataryalar
26111707	4	26111700		Kurşun asit aküler
26111708	4	26111700		Nikel demir bataryalar
26111709	4	26111700		Nikel kadmiyum bataryalar
26111710	4	26111700		Ürüne özel batarya paketleri
26111711	4	26111700		Lityum bataryalar
26111712	4	26111700		Nikel hidrojen bataryalar
26111713	4	26111700		Termal bataryalar
26111714	4	26111700		Çinko hava (pil)
26111715	4	26111700		Çinko kömür pili
26111716	4	26111700		Cıva oksit pili
26111717	4	26111700		Manganez piller
26111718	4	26111700		Gümüş oksit piller
26111719	4	26111700		Pil test cihazları
26111720	4	26111700		Pil tutucuları
26111721	4	26111700		Nikel metal hidrit bataryalar
26111722	4	26111700		Pil adaptörü veya aksesuarları
26111723	4	26111700		Pil dolapları veya kapakları veya kapıları
26111724	4	26111700		Piller için alet kitleri
26111725	4	26111700		Nikel sodyum klorür bataryalar
26111726	4	26111700		Floresan balast pil ünitesi
26111727	4	26111700		Pil deşarj cihazı
26111728	4	26111700		Standart hücre (cell)
26111729	4	26111700		Akü şarj ünitesi
26111800	3	26110000		Tahrik bileşenleri
26111801	4	26111800		V kayışları
26111900	3	26110000		Kavramalar
26112000	3	26110000		Kavrama parçaları ve aksesuarları
26112001	4	26112000		Baskı plakası
26112003	4	26112000		Kavrama (debriyaj) plakaları
26112004	4	26112000		Kavrama onarım kitleri
26112100	3	26110000		Endüstriyel frenleme sistemleri
26120000	2	26000000		Elektrik teli ve kablosu ve demeti
26121500	3	26120000		Elektrik teli
26121536	4	26121500		Uzatma kablosu
26121600	3	26120000		Elektrik kablosu ve aksesuarları
26121609	4	26121600		Ağ kablosu
26121613	4	26121600		Yalıtımlı veya kaplı kablo
26121629	4	26121600		Güç kablosu
26121630	4	26121600		Kablo aksesuarları
26121635	4	26121600		Kablo makaraları
26121636	4	26121600		Güç kablosu
26121700	3	26120000		Kablo demeti
26121800	3	26120000		Otomotiv kablosu
26130000	2	26000000		Güç üretimi
26131500	3	26130000		Enerji santralleri
26131501	4	26131500		Dizel enerji santralleri
26131502	4	26131500		Jeotermal enerji santralleri
26131503	4	26131500		Hidroelektrik enerji santralleri
26131504	4	26131500		Gaz enerji santralleri
26131505	4	26131500		Deniz enerji santralleri
26131506	4	26131500		Petrol enerji santralleri
26131507	4	26131500		Güneş enerji santralleri
26131508	4	26131500		Buhar enerji santralleri
26131509	4	26131500		Rüzgar enerji santralleri
26131510	4	26131500		Termal enerji santralleri
26131511	4	26131500		Jeneratör Seti, Benzinli
26131600	3	26130000		Egzoz yapıları veya tarama ekipmanları
26131700	3	26130000		Güç üretimi izleme veya tespit ekipmanları
26131800	3	26130000		Güç üretimi kontrol ekipmanları
26131900	3	26130000		Güneş enerjisi ekipmanı*
26140000	2	26000000		Atom ve nükleer enerji makineleri ve ekipmanları
26141600	3	26140000		Subkritik düzenek ekipmanları
26141700	3	26140000		Dozimetri ekipmanları
26141800	3	26140000		Sıcak hücre cihazları
26141900	3	26140000		Endüstriyel nükleonik cihazlar
26142000	3	26140000		Işınlama ekipmanları
26142100	3	26140000		Nükleer reaktör ekipmanları
26142200	3	26140000		Nükleer yakıt ekipmanları
26142300	3	26140000		Radyasyon kalkanı ekipmanları
26142302	4	26142300		Kurşun ekranlar
26142400	3	26140000		Radyoaktif atık ekipmanları
26142407	4	26142400		Radyoaktif atık bertaraf sistemleri
27000000	1		B	Aletler ve Genel Makineler
27110000	2	27000000		El aletleri
27111500	3	27110000		Kesme ve sıkıştırma ve delme aletleri
27111504	4	27111500		Çakılar
27111509	4	27111500		Burgular
27111600	3	27110000		Şekillendirme aletleri
27111700	3	27110000		Anahtarlar ve döndürücüler
27111701	4	27111700		Tornavidalar
27111704	4	27111700		Lokmalar
27111800	3	27110000		Ölçme ve markalama aletleri
27111801	4	27111800		Şerit metreler
27111900	3	27110000		Kaba ve ince işleme aletleri
27111913	4	27111900		Kenar kesici
27112000	3	27110000		Tarım, ormancılık ve bahçe el aletleri
27112004	4	27112000		Kürekler
27112035	4	27112000		Çit budama makinesi
27112100	3	27110000		Tutma ve kelepçeleme aletleri
27112200	3	27110000		Duvarcılık ve beton aletleri
27112300	3	27110000		İşaretleme aletleri
27112400	3	27110000		Bağlantı elemanı çakma aletleri
27112500	3	27110000		Kaldıraç ve bükme aletleri
27112600	3	27110000		Sızdırmazlık aletleri
27112700	3	27110000		Elektrikli aletler
27112712	4	27112700		Elektrikli kesiciler
27112800	3	27110000		Alet uçları ve aksesuarları
27112841	4	27112800		Metal için el matkap ucu
27112900	3	27110000		Dağıtma aletleri
27113000	3	27110000		Fırçalar
27113100	3	27110000		Çekme aletleri
27113200	3	27110000		Alet kitleri
27113201	4	27113200		Genel alet kitleri
27113203	4	27113200		Bilgisayar alet kitleri
27113204	4	27113200		Elektrikçi kitleri
27113205	4	27113200		Diş Açma Boru Alet Kiti
27113300	3	27110000		Hassas el aletleri
27113400	3	27110000		Marangozluk Aletleri
27113401	4	27113400		Tezgah testeresi
27113402	4	27113400		Ahşap torna seti
27113403	4	27113400		Marangoz kalemi
27120000	2	27000000		Hidrolik makineler ve ekipmanlar
27121500	3	27120000		Hidrolik presler
27121504	4	27121500		Endüstriyel hidrolik pres
27130000	2	27000000		Pnömatik makineler ve ekipmanlar
27131500	3	27130000		Pnömatik aletler
27131501	4	27131500		Pnömatik darbeli somun anahtarları
27140000	2	27000000		Otomotiv özel aletleri
27141000	3	27140000		Kaporta aletleri
30000000	1		C	Yapılar ve Bina ve İnşaat ve İmalat Bileşenleri ve Malzemeleri
30100000	2	30000000		Yapısal bileşenler ve temel şekiller
30101500	3	30100000		Köşebentler
30101700	3	30100000		Kirişler
30101800	3	30100000		Kanallar (profil)
30102000	3	30100000		Folyo
30102200	3	30100000		Levha
30102300	3	30100000		Profiller
30102306	4	30102300		Alüminyum profiller
30102400	3	30100000		Çubuk
30102800	3	30100000		Kazık
30102900	3	30100000		Direk
30103100	3	30100000		Raylar
30103200	3	30100000		Izgara
30103500	3	30100000		Bal peteği çekirdek
30103600	3	30100000		Yapısal ürünler
30103619	4	30103600		Prekast beton eleman
30103700	3	30100000		Örgü şerit (braid)
30103800	3	30100000		Metalik lifler ve filamentler
30103900	3	30100000		Şaftlar (miller)
30110000	2	30000000		Beton ve çimento ve alçı
30111500	3	30110000		Beton ve harçlar
30111501	4	30111500		Köpük beton
30111502	4	30111500		İletken beton
30111503	4	30111500		Yalıtkan beton
30111504	4	30111500		Harçlar
30111505	4	30111500		Hazır beton
30111506	4	30111500		Derz dolgusu (grout)
30111507	4	30111500		Toprakla kürlenmiş beton
30111508	4	30111500		Su geçirgen beton
30111509	4	30111500		Asfalt bazlı beton
30111600	3	30110000		Çimento ve kireç
30111601	4	30111600		Çimento
30111602	4	30111600		Klorlu kireç
30111603	4	30111600		Hidrolik kireç
30111604	4	30111600		Sönmüş kireç
30111605	4	30111600		Az yağlı kireç
30111607	4	30111600		Sönmemiş kireç
30111700	3	30110000		Alçılar
30111701	4	30111700		Alçıtaşı sıvası
30111800	3	30110000		Agregalar
30111900	3	30110000		Beton donatı donanımı
30120000	2	30000000		Yollar ve peyzaj
30121500	3	30120000		Bitümlü türevler
30121504	4	30121500		Bitüm
30121600	3	30120000		Asfaltlar
30121601	4	30121600		Asfalt
30121602	4	30121600		Zift
30121603	4	30121600		Gilsonit
30121604	4	30121600		İnceltilmiş bitüm ürünleri
30121605	4	30121600		Kapaklı rögar çerçeveleri
30121700	3	30120000		Yol ve demiryolu inşaat malzemeleri
30121701	4	30121700		Jeoizgara (geomesh)
30121702	4	30121700		Jeotekstil
30121703	4	30121700		Köprü korkuluğu
30121704	4	30121700		Beton plak
30121705	4	30121700		Döşeme plağı
30121706	4	30121700		Beton bordür
30121707	4	30121700		Gürültü koruma tahtası
30121708	4	30121700		Tuğla karo
30121709	4	30121700		Sınıflandırılmamış kırma taş
30121710	4	30121700		Döşeme taşı (parke)
30121711	4	30121700		Doğal bordür taşı
30121712	4	30121700		Direk kapağı
30121713	4	30121700		Rögar kapağı
30121714	4	30121700		Rögar kutusu
30121715	4	30121700		Köprü genleşme derzi
30121716	4	30121700		Köprü mesnedi montajı
30121717	4	30121700		Otokorkuluk (guardrail)
30121718	4	30121700		Kaya düşmesi için güvenlik çiti ve ağı
30121719	4	30121700		Yol için güvenlik ayırıcısı
30121720	4	30121700		Gider borusu koku bastırma cihazı
30121721	4	30121700		Drenaj toprak ve kum varili
30121800	3	30120000		Peyzaj mimarlığı malzemeleri
30130000	2	30000000		Yapısal inşaat ürünleri
30131500	3	30130000		Bloklar
30131502	4	30131500		Beton bloklar
30131503	4	30131500		Taş bloklar
30131504	4	30131500		Seramik bloklar
30131505	4	30131500		Haydit blok
30131506	4	30131500		Doğal kaya levha
30131507	4	30131500		Hafif beton blok
30131508	4	30131500		Cam blok
30131509	4	30131500		Ses yalıtım bloğu
30131510	4	30131500		Taş duvar (revetman) için beton blok
30131511	4	30131500		Beton zırh birimi
30131512	4	30131500		Otoklavlı gazbeton blok
30131513	4	30131500		Kauçuk blok
30131514	4	30131500		Betonarme menfez bloğu
30131515	4	30131500		Ahşap blok
30131516	4	30131500		Körler için yön bloğu (braille)
30131517	4	30131500		Kerpiç blok
30131518	4	30131500		Köprüler için beton blok
30131600	3	30130000		Tuğlalar
30131602	4	30131600		Seramik tuğlalar
30131603	4	30131600		Beton tuğlalar
30131604	4	30131600		Taş tuğlalar
30131605	4	30131600		Kireç kumtaşı tuğlası
30131606	4	30131600		Lös tuğlası
30131607	4	30131600		Kil tuğlası
30131608	4	30131600		Tuz sırlı tuğla
30131609	4	30131600		Fabrikasyon tuğla
30131610	4	30131600		Yalıtkan ateş tuğlası
30131611	4	30131600		Ahşap tuğla
30131700	3	30130000		Karolar ve döşeme taşları
30131703	4	30131700		Beton karolar veya döşeme taşları
30140000	2	30000000		Yalıtım
30150000	2	30000000		Dış cephe kaplama malzemeleri
30151500	3	30150000		Çatı kaplama malzemeleri
30151501	4	30151500		Rulo çatı kaplaması
30151502	4	30151500		Çatı dereleri
30151503	4	30151500		Çatı kaplama kumaşları
30151505	4	30151500		Çatı membranları
30151507	4	30151500		Ahşap çatı kaplama dilimleri
30151508	4	30151500		Çatı kaplama kiremitleri
30151509	4	30151500		Kauçuk destek bloğu
30151510	4	30151500		Arduvaz çatı kaplaması
30151511	4	30151500		Beton çatı kiremidi
30151512	4	30151500		Tuğla çatı kiremidi
30151513	4	30151500		Seramik çatı kiremidi
30151514	4	30151500		Metal çatı kiremidi
30151515	4	30151500		Ahşap çatı kiremidi
30151600	3	30150000		Çatı kaplama aksesuarları
30151700	3	30150000		Yağmur olukları ve aksesuarları
30151800	3	30150000		Cephe ve dış duvar kaplama malzemeleri
30151900	3	30150000		Bitirme malzemeleri ve ürünleri
30152000	3	30150000		Çit
30152100	3	30150000		Yüzey
30160000	2	30000000		İç mekan bitirme malzemeleri
30161500	3	30160000		Duvar bitirme malzemeleri
30161600	3	30160000		Tavan malzemeleri
30161700	3	30160000		Döşeme
30161702	4	30161700		Ahşap döşeme
30161800	3	30160000		Dolap işçiliği
30161803	4	30161800		Evsel dolap
30161900	3	30160000		Pervaz ve doğrama işçiliği
30162000	3	30160000		İç mekan laminatları
30162100	3	30160000		Merdivenler ve merdiven boşlukları
30162200	3	30160000		Tezgahlar
30162300	3	30160000		Dolap aksesuarları
30162400	3	30160000		Bölme duvarları
30170000	2	30000000		Kapılar ve pencereler ve cam
30171500	3	30170000		Kapılar
30171501	4	30171500		Cam kapılar
30171502	4	30171500		Sineklik kapılar
30171503	4	30171500		Kepenkli kapılar
30171504	4	30171500		Ahşap kapılar
30171505	4	30171500		Metal kapılar
30171506	4	30171500		Dış kapılar (storm)
30171507	4	30171500		Kapı kasaları
30171508	4	30171500		Sürgülü gizli kapılar
30171509	4	30171500		Döner kapılar
30171510	4	30171500		Otomatik kapılar
30171511	4	30171500		Salıncaklı kapı
30171512	4	30171500		Kapı açıcıları
30171513	4	30171500		Tekme plakaları (kapı)
30171514	4	30171500		Kapı kapatıcıları
30171515	4	30171500		Muayene kapağı (kapı)
30171516	4	30171500		Kapı teli (sineklik)
30171517	4	30171500		Ses yalıtım kapısı
30171518	4	30171500		Blem kapısı
30171519	4	30171500		Patlamaya dayanıklı kapı
30171520	4	30171500		Kapı ve pencere ilmeği
30171521	4	30171500		Su geçirmez kapı
30171522	4	30171500		Hava geçirmez kapı
30171523	4	30171500		Yangın kapısı
30171524	4	30171500		Kalkanlama kapısı
30171525	4	30171500		Basınç kapısı
30171526	4	30171500		Katlanır kapı
30171527	4	30171500		Melamin kapı
30171600	3	30170000		Pencereler
30171700	3	30170000		Cam ürünleri
30171701	4	30171700		Döşeme blokları
30171703	4	30171700		Eğimli kesilmiş cam
30171704	4	30171700		Kurşunlu cam
30171705	4	30171700		Lamine cam
30171706	4	30171700		Temperli cam
30171707	4	30171700		Emniyet camı
30171708	4	30171700		Float cam
30171709	4	30171700		Telli cam
30171710	4	30171700		Yalıtım camı (çift cam)
30171711	4	30171700		Oluklu cam
30171712	4	30171700		Katedral camı
30171800	3	30170000		Çatı pencereleri
30171900	3	30170000		Pencere kasaları
30171901	4	30171900		Çift sürmeli pencere kasaları
30171902	4	30171900		Tek sürmeli pencere kasaları
30171903	4	30171900		Menteşeli (kanatlı) pencere kasaları
30171904	4	30171900		Yatay sürgülü pencere kasaları
30171905	4	30171900		Eğmeli veya vasistas pencere kasaları
30171906	4	30171900		Sabit pencere kasaları
30171907	4	30171900		Pencere denizliği
30171908	4	30171900		Pencere kemeri
30172000	3	30170000		Kapılar (bahçe)
30172100	3	30170000		Garaj kapıları ve operatörleri
30180000	2	30000000		Sıhhi tesisat armatürleri
30181500	3	30180000		Vitrifiye ürünler
30181501	4	30181500		Küvetler
30181502	4	30181500		Bideler
30181503	4	30181500		Duşlar
30181504	4	30181500		Lavabolar
30181505	4	30181500		Klozetler
30181506	4	30181500		Pisuvarlar
30181507	4	30181500		Küvet veya duş kabinleri
30181508	4	30181500		Tuvalet bölmeleri
30181511	4	30181500		Klozet hazneleri
30181514	4	30181500		Klozet rezervuarı kapakları
30181515	4	30181500		Klozet rezervuarları
30181518	4	30181500		Musluklu Su Dağıtım Sehpası
30181519	4	30181500		Tuvalet / çömelme plakası
30181600	3	30180000		Sıhhi olmayan konut armatürleri
30181601	4	30181600		Sabunluk
30181602	4	30181600		Havlu çubuğu veya halkası veya askısı
30181603	4	30181600		Klozet kapağı
30181604	4	30181600		Klozet kapağı kapağı
30181605	4	30181600		Süzgeç (drenaj)
30181606	4	30181600		Bornoz kancası
30181607	4	30181600		Duş perdesi veya düzeneği
30181608	4	30181600		Duş çubuğu
30181609	4	30181600		Duş sepeti (caddy)
30181610	4	30181600		Tuvalet kağıdı tutucusu
30181611	4	30181600		Diş fırçası veya bardak tutucusu
30181612	4	30181600		Tıraş jileti kancası
30181613	4	30181600		Küvet veya jakuzi eteği
30181614	4	30181600		Sabun dağıtıcısı
30181700	3	30180000		Musluklar
30181701	4	30181700		Musluk ucu
30181702	4	30181700		Musluk ünitesi
30181800	3	30180000		Musluk ve duş başlıkları, jetler ve parçalar ve aksesuarlar
30181801	4	30181800		Duş başlığı
30181802	4	30181800		Musluk havalandırıcısı (aeratör)
30181803	4	30181800		El tipi duş ünitesi
30181804	4	30181800		Musluk kolu
30181805	4	30181800		Kombinasyon sabit ve el tipi duş başlığı
30181806	4	30181800		Girdap (whirlpool) jeti
30181807	4	30181800		Akıtma ağzı
30181808	4	30181800		Sıva altı valf
30181809	4	30181800		El duşu onarım kiti
30181810	4	30181800		Musluk trim (kaplama)
30181811	4	30181800		Musluk onarım kiti
30181812	4	30181800		Vücut sprey başlığı
30190000	2	30000000		İnşaat ve bakım destek ekipmanları
30191500	3	30190000		Merdivenler ve iskeleler
30191600	3	30190000		Merdiven ve iskele aksesuarları
30191700	3	30190000		İnşaat barakaları ve römorkları
30191800	3	30190000		Geçici inşaat ve bakım destek ekipmanları ve malzemeleri
30240000	2	30000000		Taşınabilir Yapı Bina Bileşenleri
30241500	3	30240000		Taşınabilir Yapı Birleştirme Bileşenleri
30241501	4	30241500		Boru çerçeve konnektörü
30241502	4	30241500		Ankraj plakası
30241503	4	30241500		Bağ halkası (bail ring)
30241504	4	30241500		Taban plakası
30241505	4	30241500		Kubbe (cupola)
30241506	4	30241500		Funiküler çan
30241507	4	30241500		Üçgen alınlık (gable)
30241508	4	30241500		Gin direği ve aksesuarları
30241509	4	30241500		Direk bölümü ve ana direk (king pole)
30241510	4	30241500		Yan direk
30241511	4	30241500		Kazık veya çivi (peg)
30241512	4	30241500		Üst kiriş (transom)
30241513	4	30241500		Çelik A çerçeve
30241514	4	30241500		Yapısal payanda
30241515	4	30241500		Yapısal hizalama aleti
30241600	3	30240000		Tribün ve açık tribün ve merdiven yapısal bileşenleri
30241601	4	30241600		Tribün ayak tahtası ve aksesuarları
30241602	4	30241600		Merdiven basamağı
30241603	4	30241600		Kiriş (stringer)
30241604	4	30241600		Basamak rıhtı
30241700	3	30240000		Çadır ve membran yapı iskelet ve örtü bileşenleri
30241701	4	30241700		İskelet kirişi veya rayı veya borusu
30241702	4	30241700		Taşınabilir yapı branda bölümü
30241705	4	30241700		Çadır için kışa hazırlık kiti
30250000	2	30000000		Yer altı madenciliği yapıları ve malzemeleri
30260000	2	30000000		Yapısal malzemeler
30263900	3	30260000		Özel çelik çubuklar
30265000	3	30260000		Alüminyum levhalar
30265001	4	30265000		Alüminyum SAE 1000 serisi soğuk haddelenmiş levha
30265002	4	30265000		Alüminyum SAE 1000 serisi sıcak haddelenmiş levha
30265003	4	30265000		Alüminyum SAE 2000 serisi soğuk haddelenmiş levha
30265004	4	30265000		Alüminyum SAE 2000 serisi sıcak haddelenmiş levha
30265005	4	30265000		Alüminyum SAE 3000 serisi soğuk haddelenmiş levha
30265006	4	30265000		Alüminyum SAE 3000 serisi sıcak haddelenmiş levha
30265007	4	30265000		Alüminyum SAE 4000 serisi soğuk haddelenmiş levha
30265008	4	30265000		Alüminyum SAE 4000 serisi sıcak haddelenmiş levha
30265009	4	30265000		Alüminyum SAE 5000 serisi soğuk haddelenmiş levha
30265010	4	30265000		Alüminyum SAE 5000 serisi sıcak haddelenmiş levha
30265011	4	30265000		Alüminyum SAE 6000 serisi soğuk haddelenmiş levha
30265012	4	30265000		Oluklu alüminyum levha
30265400	3	30260000		Demir levhalar
30265401	4	30265400		Sfero döküm sıcak haddelenmiş levha
30265402	4	30265400		Gri dökme demir sıcak haddelenmiş levha
30265403	4	30265400		Beyaz dökme demir sıcak haddelenmiş levha
30265404	4	30265400		Dövülebilir dökme demir sıcak haddelenmiş levha
30265800	3	30260000		Plastik çubuklar ve levhalar
30265802	4	30265800		Plastik levha
31000000	1		C	İmalat Bileşenleri ve Malzemeleri
31100000	2	31000000		Dökümler ve döküm parçaları
31110000	2	31000000		Ekstrüzyonlar
31130000	2	31000000		Dövme parçalar
31140000	2	31000000		Kalıplamalar
31150000	2	31000000		Halat ve zincir ve kablo ve tel ve kayış
31151500	3	31150000		Halatlar
31151600	3	31150000		Zincirler
31151700	3	31150000		Mekanik kablo
31151800	3	31150000		Mekanik tel
31151900	3	31150000		Kayışlar
31151902	4	31151900		Deri kayışlar
31151904	4	31151900		Plastik kayışlar
31152000	3	31150000		Güvenlik teli
31152100	3	31150000		Kordonlar
31152200	3	31150000		Elektrik dışı demir ve çelik tel
31152300	3	31150000		Elektrik dışı demir dışı metal tel
31160000	2	31000000		Hırdavat
31161500	3	31160000		Vidalar
31161600	3	31160000		Cıvatalar
31161700	3	31160000		Somunlar
31161800	3	31160000		Pullar
31161900	3	31160000		Yaylar
31162000	3	31160000		Çiviler
31162100	3	31160000		Ankrajlar
31162200	3	31160000		Perçinler
31162300	3	31160000		Montaj donanımı
31162400	3	31160000		Çeşitli bağlantı elemanları
31162500	3	31160000		Braketler ve destekler
31162600	3	31160000		Kancalar
31162700	3	31160000		Yuvarlanan donanım
31162800	3	31160000		Çeşitli hırdavat
31162900	3	31160000		Kelepçeler
31163000	3	31160000		Kavramalar (bağlantı)
31163100	3	31160000		Konnektörler
31163200	3	31160000		Tutma donanımı
31163300	3	31160000		Dik kayıtlar (stud)
31163400	3	31160000		Metal ağlar ve eleme yapıları
31170000	2	31000000		Rulmanlar ve burçlar ve tekerlekler ve dişliler
31171500	3	31170000		Rulmanlar
31171504	4	31171500		Bilyalı rulmanlar
31171600	3	31170000		Burçlar
31171700	3	31170000		Dişliler
31171800	3	31170000		Endüstriyel tekerlekler
31171900	3	31170000		Zincir dişlileri
31180000	2	31000000		Salmastralar contalar körükler ve kapaklar
31190000	2	31000000		Öğütme ve parlatma ve düzleştirme malzemeleri
31191500	3	31190000		Aşındırıcılar ve aşındırıcı ortamlar
31191506	4	31191500		Aşındırıcı diskler
31191600	3	31190000		Aşındırıcı taşlar
31200000	2	31000000		Yapıştırıcılar ve dolgu macunları
31201500	3	31200000		Bant
31201505	4	31201500		Çift taraflı bant
31201600	3	31200000		Yapıştırıcılar
31210000	2	31000000		Boyalar ve astarlar ve son katlar
31211500	3	31210000		Boyalar ve astarlar
31211507	4	31211500		Sprey boyalar
31211523	4	31211500		Yüksek sıcaklık boyası
31211600	3	31210000		Boya katkı maddeleri
31211700	3	31210000		Çeşitli son katlar
31211800	3	31210000		Boya çözücüleri ve incelticileri
31211900	3	31210000		Boya uygulayıcıları ve boyama aksesuarları
31220000	2	31000000		Boyama ve tabaklama özleri
31230000	2	31000000		İşlenmiş ham stok
31240000	2	31000000		Endüstriyel optik
31250000	2	31000000		Pnömatik ve hidrolik ve elektrikli kontrol sistemleri
31260000	2	31000000		Mahfazalar ve dolaplar ve kasalar
31270000	2	31000000		Makine yapımı parçalar
31280000	2	31000000		Sac baskı parçaları ve sac bileşenler
31290000	2	31000000		İşlenmiş ekstrüzyonlar
31300000	2	31000000		İşlenmiş dövme parçalar
31310000	2	31000000		İmal edilmiş boru montajları
31320000	2	31000000		İmal edilmiş çubuk stok montajları
31330000	2	31000000		İmal edilmiş yapısal montajlar
31340000	2	31000000		İmal edilmiş sac montajları
31350000	2	31000000		İmal edilmiş tüp montajları
31360000	2	31000000		İmal edilmiş levha montajları
31370000	2	31000000		Refrakter malzemeler
31380000	2	31000000		Mıknatıslar ve manyetik malzemeler
31390000	2	31000000		Talaşlı işleme parçaları
31400000	2	31000000		Contalar
31401500	3	31400000		Kalıplanmış contalar
31401503	4	31401500		O-ring kalıplanmış conta
31410000	2	31000000		Sızdırmazlık elemanları (keçe)
31420000	2	31000000		Sinterlenmiş parçalar
32000000	1		C	Elektronik Bileşenler ve Malzemeler
32100000	2	32000000		Baskılı devreler ve entegre devreler ve mikro montajlar
32101500	3	32100000		Devre kartları ve radyo frekansı RF bileşenleri
32101600	3	32100000		Entegre devreler
32101601	4	32101600		Rastgele erişimli bellek RAM
32110000	2	32000000		Ayrık yarı iletken cihazlar
32120000	2	32000000		Pasif ayrık bileşenler
32121700	3	32120000		Ayrık bileşenler
32121701	4	32121700		Doğrultucular
32121702	4	32121700		İndüktörler
32121703	4	32121700		Ferritler
32121704	4	32121700		Statik dönüştürücüler
32121705	4	32121700		İnvertörler
32130000	2	32000000		Elektronik donanım ve bileşen parçaları ve aksesuarları
32131000	3	32130000		Elektronik bileşen parçaları ve hammaddeleri ve aksesuarları
32140000	2	32000000		Elektron tüpü cihazları ve aksesuarları
32150000	2	32000000		Otomasyon kontrol cihazları ve bileşenleri ve aksesuarları
39000000	1		C	Elektrik Sistemleri ve Aydınlatma ve Bileşenleri ve Aksesuarları ve Malzemeleri
39100000	2	39000000		Lambalar ve ampuller ve lamba bileşenleri
39101600	3	39100000		Lambalar ve ampuller
39101601	4	39101600		Halojen lambalar
39101602	4	39101600		Tıbbi lambalar
39101603	4	39101600		Güneş enerjili lambalar
39101605	4	39101600		Floresan lambalar
39101612	4	39101600		Akkor lambalar
39101616	4	39101600		Ultraviyole UV lambalar
39101800	3	39100000		Lamba bileşenleri ve aksesuarları
39101900	3	39100000		Lamba Balastları ve Lamba Trafoları
39110000	2	39000000		Aydınlatma Armatürleri ve Aksesuarları
39111500	3	39110000		İç mekan aydınlatma armatürleri ve aksesuarları
39111527	4	39111500		Güneş enerjili aydınlatma armatürü
39111530	4	39111500		Ticari aşağı aydınlatma armatürü
39111531	4	39111500		Ticari aşağı aydınlatma trim (çerçeve)
39111600	3	39110000		Dış mekan aydınlatma armatürleri ve aksesuarları
39111608	4	39111600		Konut sokak lambaları
39111610	4	39111600		El feneri
39111612	4	39111600		Alan aydınlatması
39111613	4	39111600		Güvenlik aydınlatması
39111616	4	39111600		Dış mekan aydınlatması aksesuarları
39111617	4	39111600		Yenilenebilir enerji sokak aydınlatması
39111621	4	39111600		Heliport Aydınlatma Sistemleri
39111622	4	39111600		Pist ve Taksi Yolu Aydınlatma Sistemi
39111623	4	39111600		Havaalanı Aydınlatma Lambası
39111624	4	39111600		Yaklaşma Aydınlatma Sistemi
39111625	4	39111600		Yaklaşma Aydınlatma Sistemi, Direk
39111626	4	39111600		Hassas Yaklaşma Yol Göstergesi Sistemi (PAPI)
39111627	4	39111600		Hassas Yaklaşma Yol Göstergesi Sistemi (PAPI)
39111628	4	39111600		Projektör (flood light)
39111629	4	39111600		Engel Aydınlatması
39111630	4	39111600		Havaalanı Beacon (İşaret Farı)
39111700	3	39110000		Acil durum aydınlatması ve aksesuarları
39111800	3	39110000		Aydınlatma aksesuarları
39111810	4	39111800		Lamba starteri
39111900	3	39110000		Özel ortam armatürleri ve aksesuarları
39112000	3	39110000		Taşınabilir ve Geçici Aydınlatma ve aksesuarları
39112100	3	39110000		Optik aydınlatma
39112200	3	39110000		Özel efekt cihazları
39112300	3	39110000		Sahne ve stüdyo aydınlatması ve aksesuarları
39112400	3	39110000		Sahne ve stüdyo aydınlatması karartma ve kontrol cihazları
39112500	3	39110000		Sahne ve stüdyo armatürleri
39112600	3	39110000		Elektriksiz aydınlatma cihazları
39120000	2	39000000		Elektrikli ekipmanlar ve bileşenler ve malzemeler
39121000	3	39120000		Güç şartlandırma ekipmanları
39121001	4	39121000		Dağıtım güç trafoları
39121004	4	39121000		Güç kaynağı üniteleri
39121006	4	39121000		Güç adaptörleri veya invertörleri
39121011	4	39121000		Kesintisiz güç kaynağı UPS
39121017	4	39121000		Güç dağıtım üniteleri PDU
39121036	4	39121000		Radyo frekansı RF trafosu
39121040	4	39121000		Elektrik gücü tasarrufu cihazı
39121100	3	39120000		Dağıtım ve kontrol merkezleri ve aksesuarları
39121101	4	39121100		Yük merkezleri
39121300	3	39120000		Elektrik kutuları ve mahfazaları ve bağlantı parçaları ve aksesuarları
39121400	3	39120000		Elektrik pabuçları fişleri ve konnektörleri
39121402	4	39121400		Elektrik fişleri
39121406	4	39121400		Elektrik prizleri
39121500	3	39120000		Elektrik kontrolleri ve aksesuarları
39121534	4	39121500		Gösterge veya pilot lambaları
39121600	3	39120000		Devre koruma cihazları ve aksesuarları
39121621	4	39121600		Yıldırımdan korunma aparatı ve aksesuarları
39121635	4	39121600		Voltaj regülatörü
39121700	3	39120000		Elektrik donanımı ve malzemeleri
39121701	4	39121700		Elektrik askıları
39121721	4	39121700		Elektrik izolatörleri
39121800	3	39120000		Akıllı Bina Tesisatları IBI
39121801	4	39121800		Kontrol üniteleri veya cihazları
39121803	4	39121800		Bina çevre kontrol sistemi
39121900	3	39120000		Elektrik güvenlik cihazları ve aksesuarları
39121901	4	39121900		Devre kesici kilitleme (lockout)
39122000	3	39120000		Elektrikli Değişken Hız Sürücüleri
39122001	4	39122000		İnvertör sürücü AC
39122100	3	39120000		Elektrik iletim ve dağıtım ekipmanları
39122200	3	39120000		Elektrik anahtarları ve aksesuarları
39122216	4	39122200		Basmalı düğme anahtarı
39122300	3	39120000		Elektrik röleleri ve aksesuarları
39130000	2	39000000		Elektrik teli yönetim cihazları ve aksesuarları ve malzemeleri
39131500	3	39130000		Tel İşaretleyicileri ve Tel İşaretleme Cihazları
39131600	3	39130000		Tel koruma cihazları
39131700	3	39130000		Tel Kanalları Boru ve Busway'ler
40000000	1		D	Dağıtım ve Şartlandırma Sistemleri ve Ekipmanları ve Bileşenleri
40100000	2	40000000		Isıtma ve havalandırma ve hava sirkülasyonu
40101500	3	40100000		Havalandırma
40101503	4	40101500		Menfezler
40101512	4	40101500		Havalandırma tüpü bağlantı parçaları
40101600	3	40100000		Hava sirkülasyonu ve parçaları ve aksesuarları
40101601	4	40101600		Üfleyiciler
40101602	4	40101600		Hava sirkülatörleri
40101604	4	40101600		Fanlar
40101609	4	40101600		Tavan vantilatörü
40101700	3	40100000		Soğutma ekipmanları ve parçaları ve aksesuarları
40101701	4	40101700		Klimalar
40101702	4	40101700		Soğutma eşanjörleri
40101703	4	40101700		Evaporatif soğutucular
40101704	4	40101700		Yoğuşma üniteleri
40101707	4	40101700		Soğutma kulesi aksesuarları
40101709	4	40101700		Klima santrali (AHU)
40101710	4	40101700		Pistonlu soğutucu (chiller)
40101711	4	40101700		Santrifüj sıvı soğutucu (chiller)
40101712	4	40101700		Vidalı soğutucu (chiller)
40101713	4	40101700		Absorpsiyonlu soğutucu (chiller)
40101714	4	40101700		Absorpsiyonlu soğutucu ısıtıcı
40101716	4	40101700		Soğutma kulesi
40101717	4	40101700		Klima güç tasarrufu cihazı
40101719	4	40101700		Sıvı soğutucu akışkan alıcısı
40101720	4	40101700		Ünite soğutucusu
40101721	4	40101700		Su soğutmalı kondansatör
40101722	4	40101700		Buhar kondansatörü
40101723	4	40101700		Termoelektrik soğutucu
40101800	3	40100000		Isıtma ekipmanları ve parçaları ve aksesuarları
40101801	4	40101800		Radyatörler
40101802	4	40101800		Isı eşanjörleri
40101805	4	40101800		Fırınlar (kalorifer)
40101806	4	40101800		Isı pompaları
40101807	4	40101800		Güneş enerjili ısıtma üniteleri
40101808	4	40101800		Isıtma sobaları
40101900	3	40100000		Nem kontrolü
40101901	4	40101900		Buharlaştırıcılar
40101902	4	40101900		Nem alıcılar
40101903	4	40101900		Nemlendiriciler
40102000	3	40100000		Kazanlar (buhar kazanı)
40102100	3	40100000		Şömineler ve aksesuarları
40140000	2	40000000		Sıvı ve gaz dağıtımı
40141600	3	40140000		Vanalar
40141700	3	40140000		Donanım ve bağlantı parçaları
40141900	3	40140000		Kanallar (hava)
40142000	3	40140000		Hortumlar
40142200	3	40140000		Akışkan ve gaz regülatörleri
40142500	3	40140000		Çek valfler ve süzgeçler (tuzaklar)
40150000	2	40000000		Endüstriyel pompalar ve kompresörler
40151500	3	40150000		Pompalar
40151503	4	40151500		Santrifüj pompalar
40151506	4	40151500		El pompaları
40151507	4	40151500		Sulama pompaları
40151510	4	40151500		Su pompaları
40151583	4	40151500		Hidrolik Pompa
40151585	4	40151500		Pedallı pompalar
40151600	3	40150000		Kompresörler
40151601	4	40151600		Hava kompresörleri
40151607	4	40151600		Soğutucu akışkan kompresörleri
40151700	3	40150000		Pompa parçaları ve aksesuarları
40160000	2	40000000		Endüstriyel filtreleme ve arıtma
40161500	3	40160000		Filtreler
40161504	4	40161500		Yağ filtreleri
40161505	4	40161500		Hava filtreleri
40161600	3	40160000		Arıtma
40161602	4	40161600		Hava temizleyiciler
40161608	4	40161600		Hava sterilizatörü
40161609	4	40161600		Su arıtma sistemi
40161700	3	40160000		Ayırıcılar
40161800	3	40160000		Filtre ortamı
40170000	2	40000000		Boru ve boru hattı ve boru bağlantı parçaları
40171600	3	40170000		Endüstriyel boru ve borulama
40174700	3	40170000		Boru dişli flanşları
40174712	4	40174700		Diş Açma Boru Alet Kiti
40180000	2	40000000		Borular boru tesisatı ve boru bağlantı parçaları
40181800	3	40180000		Kaynaklı çelik borular
40183000	3	40180000		Kauçuk ve plastik boru (hortum)
40183001	4	40183000		Kauçuk boru (hortum)
41000000	1		E	Laboratuvar ve Ölçüm ve Gözlem ve Test Ekipmanları
41100000	2	41000000		Laboratuvar ve bilimsel ekipmanlar
41101500	3	41100000		Laboratuvar karıştırma ve dağıtma ve homojenleştirme ekipmanları ve malzemeleri
41101502	4	41101500		Stomacher cihazları
41101503	4	41101500		Laboratuvar püskürtücüleri
41101504	4	41101500		Homojenleştiriciler
41101515	4	41101500		Sıvı ölçüm tenekeleri
41101516	4	41101500		Dounce homojenleştiricileri
41101518	4	41101500		Laboratuvar blenderları veya emülsifiyerleri
41101519	4	41101500		Laboratuvar hücre parçalayıcısı (disruptor)
41101700	3	41100000		Laboratuvar delme ve öğütme ve kesme ve ezme ve presleme ekipmanları
41101701	4	41101700		Laboratuvar değirmenleri
41101703	4	41101700		Doku öğütücüler
41101705	4	41101700		Laboratuvar kırıcıları veya pulverizatörleri
41101706	4	41101700		Laboratuvar parçalayıcıları
41101707	4	41101700		Laboratuvar presleri
41101708	4	41101700		Laboratuvar öğütücü veya parlatıcı
41101709	4	41101700		Laboratuvar asfalt ve beton karıştırıcısı
41101800	3	41100000		Laboratuvar elektron ve katı hal fiziği ekipmanları
41101801	4	41101800		Elektron tabancaları
41101802	4	41101800		X ışını jeneratörleri
41101803	4	41101800		Kulometreler
41101804	4	41101800		Elektroskoplar
41101805	4	41101800		Akı ölçerler
41101806	4	41101800		Manyetometreler
41101807	4	41101800		Elektron kırınım aparatları
41101808	4	41101800		Nötron kırınım aparatları
41101809	4	41101800		Optik kırınım aparatları
41101810	4	41101800		Difraktometreler
41101811	4	41101800		Elektron probu X ışını mikro analizörü
41101812	4	41101800		Parçacık hızlandırıcı
41101813	4	41101800		Laboratuvar X ışını ekipmanı denetleyicisi
41101900	3	41100000		Laboratuvar iyonik ekipmanları
41101901	4	41101900		İyon kaynakları
41101902	4	41101900		İyon değişim aparatları
41101903	4	41101900		İyon implantasyon ekipmanları
41102400	3	41100000		Laboratuvar ısıtma ve kurutma ekipmanları
41102401	4	41102400		Gaz brülörleri
41102402	4	41102400		İspirto brülörleri
41102403	4	41102400		Laboratuvar yakma fırınları
41102404	4	41102400		Laboratuvar ısıtıcıları
41102405	4	41102400		Isıtma mantoları veya bantları
41102406	4	41102400		Laboratuvar elektrikli ocakları
41102407	4	41102400		Isıtma dolapları
41102410	4	41102400		Kızılötesi kurutucular
41102412	4	41102400		Sıcak hava üfleyicileri
41102421	4	41102400		Sıcaklık döngüsü odaları veya termal döngüleyiciler
41102422	4	41102400		Kuru banyolar veya ısıtma blokları
41102423	4	41102400		Karıştırmalı elektrikli ocaklar
41102424	4	41102400		Lam ısıtıcıları
41102425	4	41102400		Lam kurutucuları
41102426	4	41102400		Isıtma veya kurutma ekipmanları veya aksesuarları
41102427	4	41102400		Kurutma kulesi
41102428	4	41102400		Emici kağıt (bibulous)
41102429	4	41102400		Kan ünitesi tüpü ısı yapıştırıcısı
41102430	4	41102400		Laboratuvar genel amaçlı ısı yapıştırıcısı
41102500	3	41100000		Laboratuvar entomoloji ekipmanları ve aksesuarları
41102501	4	41102500		Laboratuvar böcek kapları
41102502	4	41102500		Entomoloji için yetiştirme tesisleri
41102503	4	41102500		Entomoloji için kumaş veya ağ
41102504	4	41102500		Entomolojik iğneleme ekipmanları
41102505	4	41102500		Entomolojik montaj malzemeleri
41102506	4	41102500		Entomolojik tepsiler
41102507	4	41102500		Entomolojik yakalama ekipmanları
41102508	4	41102500		Entomolojik aspiratörler
41102509	4	41102500		Entomolojik kepçeler
41102510	4	41102500		Entomolojik monocup'lar
41102511	4	41102500		Entomolojik yapışkan tuzaklar
41102512	4	41102500		Böcek test kitleri
41102513	4	41102500		Entomolojik sergi üniteleri
41102600	3	41100000		Hayvan laboratuvarı ekipmanları ve aksesuarları
41102601	4	41102600		Küçük hayvanlar için laboratuvar kafesleri
41102602	4	41102600		Akvaryum ekipmanları
41102603	4	41102600		Hayvan tanımlama malzemeleri
41102604	4	41102600		Hayvan yakalama cihazları
41102605	4	41102600		Balık havalandırma sistemleri
41102606	4	41102600		Laboratuvar hayvan sabitleyicileri veya askıları
41102608	4	41102600		Hayvan test ekipmanları
41102610	4	41102600		Araştırma testi için hayvan
41102611	4	41102600		Araştırma hayvanı yemi ve diyeti
41102612	4	41102600		Araştırma hayvanı indüksiyon haznesi
41102613	4	41102600		Araştırma hayvanı fizyolojik test kiti
41102614	4	41102600		Araştırma hayvanı yatak malzemesi
41102700	3	41100000		Kristalografi ekipmanları
41102701	4	41102700		Kristal kafes modelleri
41102702	4	41102700		Sintilasyon kristal düzenekleri
41102703	4	41102700		Işık saçılım ekipmanları
41102704	4	41102700		X ışını kırınım ekipmanları
41102705	4	41102700		Kristalizatörler
41102900	3	41100000		Histoloji ekipmanları
41102901	4	41102900		Doku gömme istasyonları
41102905	4	41102900		Histolojik boyama aparatları
41102909	4	41102900		Doku işlemcileri
41102910	4	41102900		Doku kültürü aparatları
41102911	4	41102900		Histolojik bıçaklar veya bıçak tutucular veya ağızlar
41102912	4	41102900		Histolojik cam bıçak yapıcıları
41102913	4	41102900		Histolojik bilemeler veya kayışlar veya bileşikler
41102914	4	41102900		Ultrasonik parçalayıcılar
41102915	4	41102900		Histoloji numune alma ve diseksiyon istasyonları
41102916	4	41102900		Mikrotomlar
41102917	4	41102900		Mikrotom bıçakları
41102918	4	41102900		Laboratuvar lamel kapatıcıları
41102919	4	41102900		Çözücü geri dönüştürücüleri
41102920	4	41102900		Histoloji doku kasetleri
41102921	4	41102900		Histoloji parafini
41102922	4	41102900		Otomatik lamel kapatma ekipmanları
41102923	4	41102900		Somatik hücre sayacı
41102928	4	41102900		Otomatik mikroskop lamı etiketleyicisi
41103000	3	41100000		Laboratuvar soğutma ekipmanları
41103001	4	41103000		Soğutmalı soğutma plakası probları
41103003	4	41103000		Kriyostatlar
41103004	4	41103000		Fan sirkülasyonlu fırınlar
41103005	4	41103000		Ultra soğuk veya çok düşük sıcaklık dik dolaplar veya dondurucular
41103006	4	41103000		Kriyojenik veya sıvı azot dondurucuları
41103007	4	41103000		Soğutma üniteleri veya soğuk su sirkülatörleri
41103008	4	41103000		Soğutmalı soğutma modülleri
41103010	4	41103000		Kan bankası buzdolapları
41103011	4	41103000		Genel amaçlı buzdolapları veya buzdolabı dondurucular
41103012	4	41103000		Yanıcı madde depolama buzdolapları veya buzdolabı dondurucular
41103013	4	41103000		Patlamaya karşı korumalı buzdolapları veya buzdolabı dondurucular
41103014	4	41103000		Kromatografi buzdolapları
41103015	4	41103000		Kan bankası dondurucuları
41103017	4	41103000		Yanıcı madde depolama dondurucuları
41103019	4	41103000		Plazma depolama dondurucuları
41103020	4	41103000		Ultra soğuk veya çok düşük sıcaklık sandık dondurucuları
41103021	4	41103000		Laboratuvar plakalı dondurucuları
41103022	4	41103000		Soğuk taşıma veya depolama
41103023	4	41103000		Laboratuvar soğutucuları (chiller)
41103024	4	41103000		Soğuk tuzaklar
41103025	4	41103000		Laboratuvar soğutma ekipmanı aksesuarları
41103026	4	41103000		Tezgah üstü buz kovası veya soğutma kabı
41103027	4	41103000		Kan ünitesi depolama kılıfı
41103028	4	41103000		Sıvı azot ölçüm çubuğu
41103029	4	41103000		Kriyojenik depolama çubuğu (cane)
41103030	4	41103000		Kriyojenik depolama torbası veya dış sargı
41103031	4	41103000		Yalıtımlı taşıma soğutucusu veya çantası
41103032	4	41103000		Kriyojenik tüp veya flakon kalıcı işaretleyici veya etiketi
41103033	4	41103000		Laboratuvar dewar şişesi
41103034	4	41103000		Mikrobiyal organizma kriyojenik depolama için kriyobead sistemi
41103035	4	41103000		Taze donmuş plazma depolama kutusu veya çerçevesi
41103036	4	41103000		Soğutmalı numune depolama rafı veya tepsisi
41103037	4	41103000		PCR tüp şeridi ve plaka soğutucusu
41103200	3	41100000		Laboratuvar yıkama ve temizleme ekipmanları
41103201	4	41103200		Kimya mühendisliği yıkayıcıları
41103202	4	41103200		Laboratuvar yıkama makineleri
41103203	4	41103200		Pipet yıkayıcıları
41103205	4	41103200		Yıkama makinesi rafları veya aksesuarları
41103206	4	41103200		Laboratuvar yıkama deterjanları
41103207	4	41103200		Mikroplaka yıkayıcıları
41103208	4	41103200		Kan bankası hücre yıkayıcıları
41103209	4	41103200		Laboratuvar yıkama şişeleri
41103210	4	41103200		Laboratuvar ultraviyole UV sterilizatörleri
41103211	4	41103200		Laboratuvar atık su arıtma ekipmanı
41103212	4	41103200		Laboratuvar cam eşya temizleme fırçası
41103213	4	41103200		Laboratuvar yüzey ve cam eşya dekontaminanı
41103300	3	41100000		Akışkanlar mekaniği ekipmanları
41103301	4	41103300		Sıvı sintilasyon sayaçları
41103302	4	41103300		Akü asidi hidrometreleri
41103303	4	41103300		Densitometreler
41103305	4	41103300		Yüksek vakum ekipmanları
41103306	4	41103300		Pnömatik vakum ekipmanları
41103307	4	41103300		Vakum veya cıva buharı ekipmanları
41103308	4	41103300		Yüksek vakum yanma aparatı
41103309	4	41103300		Akış enjeksiyon analiz ekipmanları
41103310	4	41103300		Gaz veya buhar konsantrasyonu ölçüm cihazları
41103311	4	41103300		Manometreler
41103312	4	41103300		Viskozimetreler
41103313	4	41103300		Derinlik göstergeleri
41103314	4	41103300		Mikroskobik yapı tahmin aparatı
41103315	4	41103300		Çözelti yoğunluğu tahmin aparatı
41103316	4	41103300		Piknometreler
41103317	4	41103300		Yüzey gerilimi ölçüm cihazları
41103318	4	41103300		Nükleer dansitometre
41103319	4	41103300		Konsantrasyon ölçüm cihazı
41103320	4	41103300		Yoğunluk ölçüm cihazı
41103321	4	41103300		Yüzen cisim stabilitesi ölçüm aparatı
41103322	4	41103300		Drenaj (su çekimi) göstergesi
41103323	4	41103300		Açık kanal akustik debimetre
41103324	4	41103300		Laboratuvar dalga jeneratörü
41103325	4	41103300		Görsel akışkan akış aparatı
41103326	4	41103300		Rüzgar tüneli
41103327	4	41103300		Akıntı ölçer (current meter)
41103328	4	41103300		Vakum tabanlı pipet aspiratör sistemi
41103400	3	41100000		Laboratuvar ortam şartlandırma ekipmanları
41103401	4	41103400		Kontaminasyon kontrol ekranları
41103403	4	41103400		Mikrobiyolojik hava kontrol ekipmanları
41103406	4	41103400		İzolasyon eldiven kutuları
41103407	4	41103400		Anaerobik hazne
41103408	4	41103400		Soğutmalı kabin tipi ortam veya büyüme hazneleri
41103409	4	41103400		Isıtmalı kabin tipi ortam veya büyüme hazneleri
41103410	4	41103400		Soğutmalı ve ısıtmalı kabin tipi ortam veya büyüme hazneleri
41103411	4	41103400		Soğutmalı içine girilebilir ortam veya büyüme hazneleri
41103412	4	41103400		Isıtmalı içine girilebilir ortam veya büyüme hazneleri
41103413	4	41103400		Soğutmalı ve ısıtmalı içine girilebilir ortam veya büyüme hazneleri
41103414	4	41103400		Laboratuvar ortam şartlandırma ekipmanı aksesuarları
41103415	4	41103400		Temiz tezgahlar (clean bench)
41103416	4	41103400		Sıcaklık döngüsü haznesi
41103417	4	41103400		İç mekan hava kalitesi monitörü
41103418	4	41103400		Sıcaklık ve nem içine girilebilir çevresel hazne
41103419	4	41103400		Kirlilik çevresel haznesi
41103420	4	41103400		Ozon çevresel haznesi
41103421	4	41103400		Patlama çevresel haznesi
41103500	3	41100000		Laboratuvar muhafazaları ve aksesuarları
41103501	4	41103500		Ebülyometre
41103502	4	41103500		Çeker ocaklar
41103504	4	41103500		Laminer akış kabinleri veya istasyonları
41103506	4	41103500		PCR muhafazaları
41103507	4	41103500		HEPA filtreli muhafazalar
41103508	4	41103500		Karbon filtreli muhafazalar
41103509	4	41103500		Laboratuvar yıkayıcıları (scrubber)
41103510	4	41103500		Laboratuvar üfleyicileri
41103511	4	41103500		Laboratuvar muhafaza aksesuarları
41103512	4	41103500		Statik gidericiler
41103513	4	41103500		Doku kültürü muhafazaları
41103514	4	41103500		Laboratuvar buhar jeneratörü
41103515	4	41103500		Laboratuvar gaz jeneratörü
41103516	4	41103500		Kol davlumbazı
41103517	4	41103500		Biyolojik güvenlik kabini
41103700	3	41100000		Laboratuvar banyoları
41103701	4	41103700		Sirkülasyonlu banyolar
41103702	4	41103700		Termostatik banyolar
41103703	4	41103700		Çoklu banyolar
41103704	4	41103700		Biyolojik banyolar
41103705	4	41103700		Organ banyoları
41103706	4	41103700		Su banyoları
41103707	4	41103700		Yağ banyoları
41103708	4	41103700		Kum banyoları
41103709	4	41103700		Soğutmalı banyolar
41103710	4	41103700		Yörüngesel çalkalamalı su banyoları
41103711	4	41103700		İleri geri çalkalamalı su banyoları
41103712	4	41103700		Daldırma sirkülatörleri
41103713	4	41103700		Viskozite banyoları
41103714	4	41103700		Doku flotasyon banyoları
41103715	4	41103700		Laboratuvar banyosu aksesuarları veya malzemeleri
41103716	4	41103700		Kan bankası plazma çözme banyosu
41103717	4	41103700		Doku kültürü banyosu
41103718	4	41103700		Histoloji doku dondurma banyosu
41103800	3	41100000		Laboratuvar karıştırma ve çalkalama ekipmanları ve malzemeleri
41103801	4	41103800		Laboratuvar mikserleri
41103802	4	41103800		Silindirli karıştırıcılar
41103803	4	41103800		Karıştırma masaları
41103804	4	41103800		Çoklu banklı veya flokülasyon ekipmanları
41103805	4	41103800		Laboratuvar vibratörleri
41103806	4	41103800		Manyetik karıştırıcılar
41103807	4	41103800		Laboratuvar dokunmatik mikserleri
41103808	4	41103800		Trombosit karıştırıcıları
41103809	4	41103800		Hematoloji veya kimya karıştırıcıları
41103810	4	41103800		Üstten karıştırıcılar
41103811	4	41103800		Yörüngesel çalkalayıcılar
41103812	4	41103800		İleri geri çalkalayıcılar
41103813	4	41103800		Döner çalkalayıcılar
41103814	4	41103800		Vorteks karıştırıcıları
41103815	4	41103800		Tüp döndürücüleri
41103816	4	41103800		Mikser veya çalkalayıcı aksesuarları veya uçları
41103817	4	41103800		Laboratuvar reaktörü
41103818	4	41103800		Mikroplaka çalkalayıcısı
41103819	4	41103800		Doku kültürü silindir tamburu
41103900	3	41100000		Laboratuvar santrifüjleri ve aksesuarları
41103901	4	41103900		Mikrosantrifüjler
41103902	4	41103900		Soğutmalı mikrosantrifüjler
41103903	4	41103900		Tezgah üstü santrifüjler
41103904	4	41103900		Soğutmalı tezgah üstü santrifüjler
41103905	4	41103900		Yer santrifüjleri
41103906	4	41103900		Soğutmalı yer santrifüjleri
41103907	4	41103900		Ultrasantrifüjler
41103908	4	41103900		Vakum santrifüjleri
41103909	4	41103900		Santrifüj rotorları
41103910	4	41103900		Santrifüj kovaları
41103911	4	41103900		Santrifüj adaptörleri
41103912	4	41103900		Santrifüj fırçaları
41103913	4	41103900		Laboratuvar santrifüj aksesuarları
41103914	4	41103900		Sitosantrifüj
41103915	4	41103900		Sitosantrifüj sitohuni veya filtre kartı veya kelepçe
41103916	4	41103900		Santrifüj kontrol kartı veya baskılı devre kartı
41103917	4	41103900		Santrifüj mikroplaka taşıyıcısı veya sızdırmazlık kapağı
41104000	3	41100000		Numune alma ekipmanları
41104001	4	41104000		Numune değiştiriciler
41104002	4	41104000		Numune oksitleyici
41104003	4	41104000		Numune hazırlama hattı
41104004	4	41104000		Numune hazırlama bombaları
41104005	4	41104000		Laboratuvar numune kovaları (bailer)
41104006	4	41104000		Coliwasa numune alıcıları
41104007	4	41104000		Su numune alıcıları
41104008	4	41104000		Hava numune alıcıları veya toplayıcıları
41104009	4	41104000		Hava numune alma pompaları
41104010	4	41104000		Hava numune alıcılarıyla kullanım için reaktif kitleri
41104011	4	41104000		Numune alıcıları için filtreler veya diğer yedek parçalar
41104012	4	41104000		Toz çökeltme tutucuları veya kavanozları
41104013	4	41104000		Kükürt dioksit veya duman numune alıcıları
41104014	4	41104000		Numune uygulayıcıları
41104015	4	41104000		Bitki numunesi analiz ekipmanları
41104017	4	41104000		Numune tutucular
41104018	4	41104000		Katı faz ekstraksiyon müstahzarları
41104020	4	41104000		Kalsine eleman akış tepsisi
41104021	4	41104000		Fraksiyon toplayıcı
41104022	4	41104000		Numune şekillendirici
41104023	4	41104000		Su numune alıcısı aksesuarları
41104100	3	41100000		Numune toplama ve taşıma kapları ve malzemeleri
41104101	4	41104100		Lam veya numune posta gönderileri
41104102	4	41104100		Lansetler
41104103	4	41104100		Topuk ısıtıcıları
41104104	4	41104100		Turnikeler
41104105	4	41104100		Numune toplama veya taşıma torbaları
41104106	4	41104100		Flebotomi tepsileri veya aksesuarları
41104107	4	41104100		Vakumlu kan toplama tüpleri veya kapları
41104108	4	41104100		Vakumsuz kan toplama tüpleri veya kapları
41104109	4	41104100		Kan ünitesi toplama torbaları
41104110	4	41104100		Kan kültürü şişeleri
41104111	4	41104100		Sitoloji toplama kitleri veya kapları
41104112	4	41104100		İdrar toplama kapları
41104114	4	41104100		Frepp Sepp toplama kapları
41104115	4	41104100		Serum filtre toplama kapları
41104116	4	41104100		Sürüntü toplama veya taşıma kapları
41104117	4	41104100		Numune tutucular
41104118	4	41104100		Numune toplama kabı
41104119	4	41104100		Kemik dokusu toplama kapları
41104120	4	41104100		Sedimantasyon hızı tüpleri
41104121	4	41104100		Besiyerli dışkı toplama kapları
41104122	4	41104100		Besiyersiz dışkı toplama kapları
41104123	4	41104100		Balgam toplama aparatları veya kapları
41104124	4	41104100		Laboratuvar kemik iliği biyopsisi tepsileri
41104125	4	41104100		Histoloji veya patoloji koruyucu numune kabı
41104126	4	41104100		Histoloji veya patoloji numune kabı
41104127	4	41104100		Laboratuvar besleyicisi
41104128	4	41104100		Sürüntü çubuğu olmadan kültür numune toplayıcı
41104129	4	41104100		Yenidoğan metabolik bozukluk taraması toplama kartı
41104130	4	41104100		Kan kültürü toplama kiti
41104131	4	41104100		Kıl kurdu toplama kürekçiği veya cihazı
41104132	4	41104100		Böbrek taşı için idrar süzgeci
41104133	4	41104100		Göbek kordonu kanı toplayıcısı
41104134	4	41104100		Tanısal numune gönderici için soğutucu paket
41104135	4	41104100		Şablon kanama zamanı kesi cihazı ve kurutma kağıdı
41104136	4	41104100		Numune bırakma kutusu
41104137	4	41104100		Arteriyel ve kapiler kan gazı toplama kiti
41104138	4	41104100		Kan alma iğne tutucuları
41104200	3	41100000		Laboratuvar su arıtma ekipmanları ve malzemeleri
41104201	4	41104200		Su arıtma reaktifleri
41104202	4	41104200		İyon giderme veya demineralizasyon ekipmanları
41104203	4	41104200		Baz değişim ekipmanları
41104204	4	41104200		Ters ozmoz ekipmanları
41104205	4	41104200		Ultraviyole su arıtma üniteleri
41104206	4	41104200		Ultra saf su sistemleri
41104207	4	41104200		Su analiz sistemleri
41104208	4	41104200		Kurutucular (dehidratör)
41104209	4	41104200		Oksijen gidericiler
41104210	4	41104200		Çözücüler (dissolver)
41104211	4	41104200		Yumuşatıcılar
41104212	4	41104200		Su filtrasyon kartuşları
41104213	4	41104200		Damıtık veya deiyonize su
41104214	4	41104200		Ters ozmoz ekipmanı parçaları ve aksesuarları
41104300	3	41100000		Fermantasyon ekipmanları
41104301	4	41104300		Standart fermantasyon üniteleri
41104302	4	41104300		Sürekli kültür aparatları
41104303	4	41104300		Anaerobik kavanozlar veya aksesuarları
41104304	4	41104300		Sindirim sistemleri
41104305	4	41104300		İnspissatörler
41104306	4	41104300		İn vitro kültür ekipmanları
41104307	4	41104300		Mikrobiyoloji fermantasyon ekipmanları
41104308	4	41104300		Anaerobik ortam kültür sistemleri veya malzemeleri
41104309	4	41104300		Mikroaerofilik ortam kültür sistemi
41104400	3	41100000		Laboratuvar inkübasyon ekipmanları
41104401	4	41104400		Yerçekimi konveksiyonlu genel amaçlı inkübatörler
41104402	4	41104400		Zorlanmış hava veya mekanik konveksiyonlu genel amaçlı inkübatörler
41104403	4	41104400		Doku kültürü inkübatörleri
41104404	4	41104400		Soğutmalı biyolojik oksijen ihtiyacı BOD inkübatörleri
41104405	4	41104400		Çalkalamalı inkübatörler
41104406	4	41104400		Plaka inkübatörleri
41104413	4	41104400		Nem kontrollü kuru duvarlı tek hazneli karbondioksit inkübatörleri
41104414	4	41104400		Nem kontrollü kuru duvarlı çift hazneli karbondioksit inkübatörleri
41104415	4	41104400		Su ceketli tek hazneli üç gazlı inkübatörler
41104416	4	41104400		Su ceketli çift hazneli üç gazlı inkübatörler
41104417	4	41104400		Nem kontrollü su ceketli tek hazneli üç gazlı inkübatörler
41104418	4	41104400		Nem kontrollü su ceketli çift hazneli üç gazlı inkübatörler
41104419	4	41104400		Kuru duvarlı tek hazneli üç gazlı inkübatörler
41104420	4	41104400		Kuru duvarlı çift hazneli üç gazlı inkübatörler
41104423	4	41104400		Soğutmalı inkübatörler
41104424	4	41104400		İnkübatör aksesuarları
41104425	4	41104400		Karbondioksit inkübatörü
41104426	4	41104400		Besiyeri hazırlama aparatı
41104427	4	41104400		Trombosit inkübatörü
41104500	3	41100000		Laboratuvar fırınları ve aksesuarları
41104501	4	41104500		Laboratuvar mekanik konveksiyonlu fırınları
41104502	4	41104500		Yerçekimi konveksiyonlu fırınlar
41104503	4	41104500		Yaşlandırma fırınları
41104504	4	41104500		Temiz oda fırınları
41104505	4	41104500		Laboratuvar kuvars fırın potaları
41104506	4	41104500		Laboratuvar güvenlik fırınları
41104507	4	41104500		Laboratuvar mikrodalga fırınları
41104508	4	41104500		İndüksiyon kurutucuları
41104509	4	41104500		Vakum fırınları
41104510	4	41104500		Kurutma dolapları veya fırınları
41104511	4	41104500		Hibridizasyon fırınları veya inkübatörleri
41104512	4	41104500		Laboratuvar fırın aksesuarları
41104513	4	41104500		Magnezyum eritme fırını
41104600	3	41100000		Laboratuvar fırınları ve aksesuarları
41104601	4	41104600		Laboratuvar kutu fırınları
41104602	4	41104600		Programlanabilir kutu fırınları
41104603	4	41104600		Tüp fırınları
41104604	4	41104600		Programlanabilir tüp fırınları
41104605	4	41104600		Pota fırınları
41104609	4	41104600		Laboratuvar güvenlik fırınları
41104610	4	41104600		Laboratuvar fırın taban plakaları
41104611	4	41104600		Laboratuvar fırın yedek yalıtımı
41104612	4	41104600		Laboratuvar fırın aksesuarları
41104613	4	41104600		Laboratuvar sıcak presi
41104700	3	41100000		Laboratuvar dondurarak kurutucuları ve liyofilizatörleri ve aksesuarları
41104701	4	41104700		Dondurarak kurutucular veya liyofilizatörler
41104702	4	41104700		Dondurarak kurutucu cam eşyaları
41104703	4	41104700		Tepsili kurutucular
41104704	4	41104700		Dondurarak kurutucu veya liyofilizatör aksesuarları
41104800	3	41100000		Laboratuvar dekantasyon ve damıtma ve buharlaştırma ve ekstraksiyon ekipmanları ve malzemeleri
41104801	4	41104800		Balon veya imbik üniteleri
41104802	4	41104800		Çift damıtma üniteleri
41104803	4	41104800		Laboratuvar evaporatörleri
41104804	4	41104800		Vakum veya döner evaporatörler
41104805	4	41104800		Azot üflemeli evaporatörler
41104806	4	41104800		Laboratuvarlar için ekstraksiyon ekipmanları
41104810	4	41104800		Fraksiyonlama aparatı
41104811	4	41104800		Yoğunluk gradyenti fraksiyonlayıcıları
41104812	4	41104800		Damıtma boruları veya kolonları veya bağlantı parçaları
41104813	4	41104800		Geri akış bileşenleri
41104814	4	41104800		Laboratuvar ısı değişim yoğuşturucuları
41104815	4	41104800		Kjeldahl azot tayin aparatı
41104816	4	41104800		Vakum veya santrifüjlü konsantratörler
41104817	4	41104800		Ekstraksiyon kartuşları (thimble)
41104818	4	41104800		Yapılandırılmış dolgu (packing)
41104819	4	41104800		Hücre toplayıcı (harvester)
41104820	4	41104800		Laboratuvar fraksiyonel damıtma aparatı
41104821	4	41104800		Statik numune konsantratörü
41104900	3	41100000		Laboratuvar filtreleme ekipmanları ve malzemeleri
41104901	4	41104900		Laboratuvar hat filtreleri
41104902	4	41104900		Jel filtrasyon ekipmanları
41104903	4	41104900		Ultra filtrasyon ekipmanları
41104904	4	41104900		Sinterlenmiş hücre filtreleri
41104905	4	41104900		İnce kanallı filtrasyon ekipmanları
41104907	4	41104900		Moleküler filtrasyon ekipmanları
41104908	4	41104900		Laboratuvar kartuş elemanlı filtreler
41104909	4	41104900		Laboratuvar filtre tutucuları veya siklonları
41104910	4	41104900		Laboratuvar çok katmanlı veya presli filtreler
41104911	4	41104900		Laboratuvar hava filtrasyon sistemleri
41104912	4	41104900		Akışkan presli filtre
41104913	4	41104900		Biyoseparasyon filtreleri
41104914	4	41104900		Şişe üstü veya filtrasyon kapları
41104915	4	41104900		Kapsül filtreler
41104916	4	41104900		Santrifüjlü filtreler
41104917	4	41104900		Laboratuvar ortam filtreleri
41104918	4	41104900		Laboratuvar cam filtreleri
41104919	4	41104900		Laboratuvar HEPA filtreleri
41104920	4	41104900		Hibridizasyon filtreleri
41104921	4	41104900		Laboratuvar membran filtreleri
41104922	4	41104900		Şırınga filtreleri
41104923	4	41104900		Çok kuyulu plaka filtreleri
41104924	4	41104900		Mikrobiyoloji filtreleri
41104925	4	41104900		Laboratuvar filtrasyon donanımı veya aksesuarları
41104927	4	41104900		Filtre destek ekranları
41104928	4	41104900		Laboratuvar şişe alıcısı
41104929	4	41104900		Laboratuvar filtre kağıtları
41104930	4	41104900		Moleküler elek
41104931	4	41104900		Serum ayırıcı tüp filtresi
41104932	4	41104900		Hücre süzgeci
41104933	4	41104900		PCR Sistemi
41105000	3	41100000		Laboratuvar elekleri ve eleme ekipmanları ve malzemeleri
41105001	4	41105000		Laboratuvar ayırıcıları
41105002	4	41105000		Laboratuvar eleme ekipmanları
41105003	4	41105000		Test elekleri
41105100	3	41100000		Laboratuvar pompaları ve tüpleri
41105101	4	41105100		Laboratuvar vakum pompaları
41105102	4	41105100		Peristaltik pompalar
41105103	4	41105100		Laboratuvar santrifüj pompaları
41105104	4	41105100		Şırınga pompaları
41105105	4	41105100		Dozaj pompaları
41105106	4	41105100		Kromatografi pompaları
41105107	4	41105100		Laboratuvar varil pompaları
41105108	4	41105100		Laboratuvar genel amaçlı tüpleri
41105109	4	41105100		Döner kanatlı pompalar
41105200	3	41100000		Laboratuvar lam boyama ekipmanları ve aksesuarları
41105202	4	41105200		Hematoloji lam boyayıcıları
41105203	4	41105200		Mikrobiyoloji lam boyayıcıları
41105204	4	41105200		Laboratuvar lam boyayıcı aksesuarları
41105205	4	41105200		Mikro lam yapma ekipmanları
41105206	4	41105200		İmmünohistokimya otomatik boyayıcısı
41105207	4	41105200		İmmünohistokimya otomatik boyayıcı aksesuarı
41105208	4	41105200		Laboratuvar boyama rafı ve tepsisi
41105209	4	41105200		Çok bölümlü manuel lam boyayıcı seti
41105300	3	41100000		Laboratuvar elektroforez ve blotlama sistemi ve malzemeleri
41105301	4	41105300		Jel kutuları
41105302	4	41105300		Jel kurutucuları
41105303	4	41105300		Elektroforez sistemi güç kaynakları
41105304	4	41105300		Transilluminatörler
41105305	4	41105300		Elektroforez sistemi aksesuarları
41105307	4	41105300		Kapiler elektroforez için cihazlar
41105308	4	41105300		Kapilerler veya kartuşlar
41105309	4	41105300		Kapiler elektroforez için kitler veya reaktifler
41105310	4	41105300		Blotlama veya transfer aksesuarları
41105311	4	41105300		Blotlama veya transfer aparatı
41105312	4	41105300		Taraklar veya plakalar veya ara parçalar veya tepsiler
41105313	4	41105300		Kasetler veya ilgili tespit aksesuarları
41105314	4	41105300		Jel dokümantasyon sistemleri
41105315	4	41105300		Jel dokümantasyon aksesuarları
41105316	4	41105300		Ultraviyole çapraz bağlayıcılar
41105317	4	41105300		Agaroz jel yapma reaktifleri
41105319	4	41105300		Poliakrilamid jel yapma reaktifleri
41105320	4	41105300		Poliakrilamid hazır jelleri
41105321	4	41105300		Nükleik asit jel boyası
41105322	4	41105300		Poliakrilamid jel boyası
41105323	4	41105300		Elektroforez hazır tamponları veya çözeltileri
41105325	4	41105300		DNA veya DNA hibridizasyonu için mikrokuyu plakaları
41105326	4	41105300		Hibridizasyon reaktifleri veya tamponları
41105327	4	41105300		Konjuge nükleotidler veya oligomerler
41105328	4	41105300		Hazır northern veya southern veya western blotlar
41105329	4	41105300		Bloklama ajanları
41105330	4	41105300		Kontrol proteinleri veya hücre lizatları veya doku lizatları
41105331	4	41105300		Protein kemifloresan tespit reaktifleri veya kitleri veya substratları
41105332	4	41105300		Protein kemilüminesan tespit reaktifleri veya kitleri veya substratları
41105333	4	41105300		Protein kromojenik tespit reaktifleri veya kitleri veya substratları
41105334	4	41105300		DNA miktar tayini belirteçleri
41105335	4	41105300		DNA boyut belirteçleri veya standartları
41105336	4	41105300		İzoelektrik odaklama IEF belirteçleri
41105337	4	41105300		Protein elektroforezi belirteçleri
41105338	4	41105300		RNA belirteçleri veya standartları
41105339	4	41105300		Blotlama membranları
41105340	4	41105300		Elektroforez sistemi
41105341	4	41105300		Otoradyografi filmi
41105342	4	41105300		Agaroz jel elektroforezi için kit ve reaktif
41105343	4	41105300		Bant tabanlı elektroforez için kit ve reaktif
41105344	4	41105300		Elektroforez numune aplikatörü veya bıçağı
41105345	4	41105300		Protein jel boyası
41105500	3	41100000		Nükleik asit DNA ve RNA ekstraksiyon ve saflaştırma ve miktar tayini kitleri ve bileşenleri
41105501	4	41105500		DNA temizleme veya jel ekstraksiyon kitleri
41105502	4	41105500		Gıdadan DNA ekstraksiyonu için kitler
41105504	4	41105500		Genomik DNA saflaştırma kitleri
41105506	4	41105500		Mesajcı RNA mRNA saflaştırma kitleri
41105508	4	41105500		Nükleik asit birlikte çöktürücüleri
41105509	4	41105500		Nükleik asit miktar tayini kitleri
41105510	4	41105500		Faj DNA saflaştırma kitleri
41105511	4	41105500		Mayadan plazmid DNA ekstraksiyonu için kitler
41105512	4	41105500		Plazmid veya kozmid veya bakteriyel yapay kromozom BAC saflaştırma kiti
41105513	4	41105500		İşaretli nükleik asit saflaştırma kitleri
41105514	4	41105500		Nükleik asit ekstraksiyonu veya çöktürme veya yeniden süspansiyon için reaktifler
41105515	4	41105500		RNA temizleme veya stabilizasyon malzemeleri
41105516	4	41105500		RNA jel ekstraksiyon kitleri
41105517	4	41105500		Bitki hücreleri veya dokusundan nükleik asit ekstraksiyonu için kitler
41105518	4	41105500		Toplam RNA saflaştırma kitleri
41105519	4	41105500		Viral DNA saflaştırma kitleri
41105520	4	41105500		Viral RNA saflaştırma kitleri
41105521	4	41105500		DNA tespit sistemi
41105600	3	41100000		DNA dizileme ürünleri
41105601	4	41105600		Dizileme için kitler veya enzimler
41105700	3	41100000		Gen dizileri (array)
41105800	3	41100000		İn vitro transkripsiyon ve translasyon ürünleri
41105803	4	41105800		Transkripsiyon veya translasyon sistemleri veya kitleri
41105804	4	41105800		Translasyon işaretleme aksesuarları
41105900	3	41100000		Kütüphaneler ve ilgili materyaller
41105902	4	41105900		Komplementer DNA (cDNA) kütüphaneleri
41105903	4	41105900		Komplementer DNA (cDNA) sentez kitleri
41105906	4	41105900		Protein veya peptit gösterim kütüphaneleri
41105907	4	41105900		İki hibrit kütüphaneler veya sistemler
41105908	4	41105900		Viral paketleme kitleri
41106000	3	41100000		Nükleik asit işaretleme ve tespit sistemleri
41106004	4	41106000		Nükleik asit radyoaktif olmayan işaretleme kitleri
41106005	4	41106000		Nükleik asit radyoaktif işaretleme kitleri
41106100	3	41100000		DNA analiz kitleri
41106101	4	41106100		Sitogenetik kitleri
41106102	4	41106100		Diferansiyel gösterim veya çıkarma kitleri
41106103	4	41106100		DNA tiplemesi kitleri
41106104	4	41106100		Nükleaz koruma testleri
41106200	3	41100000		Mikroorganizma çoğaltma ve transformasyon besiyerleri ve kitleri ve ekipmanları
41106203	4	41106200		Bakteri transformasyon kitleri
41106204	4	41106200		Bakteri için şişe agar besiyeri veya stab
41106210	4	41106200		Schizosaccharomyces pombe için besiyeri veya takviyeler
41106211	4	41106200		Schizosaccharomyces pombe besiyeri bileşenleri veya katkıları
41106212	4	41106200		Bakteri için besiyeri bileşenleri veya katkıları
41106213	4	41106200		Hazır karışım kuru besiyeri
41106214	4	41106200		Kompetan bakteri hazırlamak için reaktifler
41106215	4	41106200		Kompetan maya hazırlamak için reaktifler
41106216	4	41106200		Maya için zengin besiyeri
41106217	4	41106200		Bakteri için özel plakalar
41106218	4	41106200		Özel hazır karışım kuru besiyeri
41106219	4	41106200		Maya için sentetik tam takviye karışımları
41106220	4	41106200		Maya için sentetik besiyeri
41106221	4	41106200		Maya kompetan hücreleri
41106222	4	41106200		Maya transformasyon kitleri
41106223	4	41106200		Maya azot bazları YNB veya YNB varyantları
41106224	4	41106200		Elektroporasyon sistemi
41106232	4	41106200		Otomatik mikrobiyal kültür plakası ekme cihazı
41106300	3	41100000		Polimeraz zincir reaksiyonu PCR ve ters transkriptaz PCR (RT-PCR) ürünleri
41106302	4	41106300		Gene özel PCR kitleri
41106303	4	41106300		PCR saflaştırması için kitler
41106306	4	41106300		PCR tamponları
41106307	4	41106300		PCR optimizasyon ürünleri
41106308	4	41106300		PCR veya RT-PCR primerleri
41106309	4	41106300		Hazır komplementer DNA (cDNA)
41106311	4	41106300		Saflaştırılmış RNA
41106313	4	41106300		Ters transkriptaz PCR (RT-PCR) kitleri
41106314	4	41106300		Termostabil DNA polimerazları veya kitleri
41106315	4	41106300		Hasta başı PCR makinesi
41106400	3	41100000		Primerler ve linkerlar ve adaptörler
41106401	4	41106400		Adaptörler veya linkerlar
41106402	4	41106400		Çeşitli primerler
41106403	4	41106400		Dizileme primerleri
41106500	3	41100000		Protein ekspresyonu ürünleri
41106501	4	41106500		Bakteriyel ekspresyon kitleri
41106502	4	41106500		Ökaryotik transfeksiyon reaktifleri
41106505	4	41106500		Böcek ekspresyon kitleri
41106506	4	41106500		Böcek besiyeri
41106507	4	41106500		Böcek besiyeri takviyeleri veya reaktifleri
41106508	4	41106500		Memeli hücre ekspresyon kitleri
41106509	4	41106500		Memeli hücreleri
41106510	4	41106500		Memeli hücreleri veya dokularından protein ekstraksiyonu için kitler
41106511	4	41106500		Bakteriden protein ekstraksiyonu için kitler
41106512	4	41106500		Mayadan protein ekstraksiyonu için kitler
41106513	4	41106500		Raportör gen testi
41106514	4	41106500		Stabil memeli hücre hatları
41106515	4	41106500		Maya ekspresyon kitleri
41106516	4	41106500		Enzim ekspresyonu sarf malzemeleri
41106600	3	41100000		Vektörler
41106601	4	41106600		Kromozom hedefleme vektörleri
41106604	4	41106600		Gösterim vektör haritaları veya dizileri
41106605	4	41106600		Enzim raportör vektör haritaları veya dizileri
41106606	4	41106600		Ekspresyon komplementer DNA (cDNA) vektörleri
41106607	4	41106600		Floresan protein vektör haritaları veya dizileri
41106608	4	41106600		Füzyon vektörleri
41106609	4	41106600		Gen hedefleme vektörleri
41106610	4	41106600		Genel klonlama vektörleri
41106611	4	41106600		Hibrit sistem vektörleri veya kitleri
41106612	4	41106600		Böcek ekspresyon vektörleri
41106615	4	41106600		PCR klonlama vektörleri veya kitleri
41106616	4	41106600		Faj veya viral DNA
41106617	4	41106600		Plazmid mutagenez vektörleri veya kitleri
41106619	4	41106600		Dizileme vektörleri
41106620	4	41106600		Sinyal iletimi raportör vektör haritaları veya dizileri
41106621	4	41106600		Virüs aracılı ekspresyon vektörleri veya kitleri
41106622	4	41106600		Maya ekspresyon vektörleri
41110000	2	41000000		Ölçüm ve gözlem ve test cihazları
41111500	3	41110000		Ağırlık ölçüm cihazları
41111501	4	41111500		Elektronik üstten yüklemeli teraziler
41111502	4	41111500		Laboratuvar terazileri
41111503	4	41111500		Mekanik teraziler
41111504	4	41111500		Çekme yaylı teraziler
41111505	4	41111500		Kalibrasyon ağırlıkları veya ağırlık setleri
41111506	4	41111500		Hayvan tartım terazileri
41111507	4	41111500		Tezgah terazileri
41111508	4	41111500		Vücut ağırlığı ölçüm terazileri
41111509	4	41111500		Yer veya platform terazileri
41111510	4	41111500		Posta terazileri
41111511	4	41111500		Kamyon veya ray terazileri
41111512	4	41111500		Üçlü kollu teraziler
41111513	4	41111500		Nem terazileri
41111515	4	41111500		Terazi tartım kapları veya kayıkçıkları veya kağıtları
41111516	4	41111500		Ağırlık ölçüm cihazı aksesuarları
41111517	4	41111500		Analitik teraziler
41111518	4	41111500		Aks yükü terazileri
41111519	4	41111500		Vinç terazisi
41111520	4	41111500		Konveyör tartım terazisi
41111521	4	41111500		Termogravimetre
41111522	4	41111500		Hazne (hopper) terazisi
41111523	4	41111500		Ağırlık prototipi
41111524	4	41111500		Fiyat gösteren terazi
41111525	4	41111500		Otomatik paketleyici terazi
41111526	4	41111500		Otomatik seçici terazi
41111528	4	41111500		Bagaj Terazisi, Kargo
41111529	4	41111500		Bagaj Terazisi, Check-in Bankosu
41111530	4	41111500		Elektronik tartı
41111531	4	41111500		Kargo terazisi
41111600	3	41110000		Uzunluk ve kalınlık ve mesafe ölçüm cihazları
41111601	4	41111600		Mikrometreler
41111602	4	41111600		Adımsayarlar
41111603	4	41111600		Mesafe ölçerler (rangefinder)
41111604	4	41111600		Cetveller
41111605	4	41111600		Gerinim ölçerler
41111606	4	41111600		Tellurometreler
41111607	4	41111600		İplik sayaçları veya ölçerler
41111613	4	41111600		Mesafe ölçerler
41111614	4	41111600		Yükseklik ölçerler
41111615	4	41111600		Lazer ölçüm sistemleri
41111616	4	41111600		Mesafe için ölçüm tekerlekleri
41111617	4	41111600		Sentil ölçü çakıları
41111618	4	41111600		Mastar blok seti
41111619	4	41111600		Geçer veya geçmez mastar
41111620	4	41111600		Etalon kama
41111621	4	41111600		Kumpaslar
41111622	4	41111600		Mikrometre kumpasları
41111623	4	41111600		Kalınlık ölçüm cihazları
41111624	4	41111600		Aleksometre
41111625	4	41111600		Eğri ölçer (kurvimetre)
41111626	4	41111600		Mastar bloğu
41111627	4	41111600		V bloğu
41111628	4	41111600		Tel metre
41111629	4	41111600		Kablo veya tel uzatmalı doğrusal konum sensörü
41111630	4	41111600		Komparatör saati veya kadran göstergesi
41111631	4	41111600		Yarıçap mastarı
41111632	4	41111600		Silindir mastarı
41111633	4	41111600		Hava mikrometresi
41111634	4	41111600		Elektrikli mikrometre
41111635	4	41111600		Mastar bloğu komparatörü
41111636	4	41111600		Silindir çapı ölçüm ekipmanı
41111637	4	41111600		Konik kupa test cihazı
41111638	4	41111600		Sigara çevresi test cihazı
41111639	4	41111600		Vidalı tapa mastarı ve çapraz girinti
41111640	4	41111600		Kaynak mastarı
41111641	4	41111600		Diş adımı mastarı
41111642	4	41111600		Ray bağlantı boşluğu mastarı
41111643	4	41111600		Tel mastarı
41111644	4	41111600		Pim mastarı
41111645	4	41111600		Sinüs çubuğu (sine bar)
41111646	4	41111600		Teleskopik mastar
41111647	4	41111600		Delik mastarı
41111648	4	41111600		Konik mastar
41111649	4	41111600		Lastik diş derinliği mastarı
41111650	4	41111600		Matkap mastarı
41111651	4	41111600		Katetometre
41111652	4	41111600		Kompresometre
41111700	3	41110000		Görüntüleme ve gözlem cihazları ve aksesuarları
41111701	4	41111700		İyon mikroskopları
41111702	4	41111700		Monoküler mikroskoplar
41111703	4	41111700		Stereo veya diseksiyon ışık mikroskopları
41111704	4	41111700		Mikroskop aydınlatıcıları
41111705	4	41111700		Mikroskop objektifleri
41111706	4	41111700		Mikroskoplar için foto eklentileri
41111707	4	41111700		Profil projektörleri
41111708	4	41111700		Mikroskoplar için video eklentileri
41111709	4	41111700		Binoküler ışık bileşik mikroskopları
41111710	4	41111700		Kombine elektron ve ışık mikroskopları
41111711	4	41111700		Elektron mikroskopları
41111712	4	41111700		Ters mikroskoplar
41111713	4	41111700		Büyüteçler
41111714	4	41111700		Lupler (lupe)
41111715	4	41111700		Teleskoplar
41111716	4	41111700		Boroskop muayene ekipmanları
41111717	4	41111700		Dürbünler
41111718	4	41111700		Metalurjik mikroskoplar
41111719	4	41111700		Karanlık alan mikroskopları
41111720	4	41111700		Taramalı elektron mikroskopları
41111721	4	41111700		Geçirimli elektron mikroskopları
41111722	4	41111700		Floresan mikroskopları
41111723	4	41111700		Taramalı ışık veya döner disk veya lazer taramalı mikroskoplar
41111724	4	41111700		Taramalı prob mikroskopları
41111725	4	41111700		Polarize mikroskoplar
41111726	4	41111700		Akustik mikroskoplar
41111727	4	41111700		Projeksiyon mikroskopları
41111728	4	41111700		Geniş alan mikroskopları
41111729	4	41111700		Mikroskop oküleri
41111730	4	41111700		Mikroskop kondansörleri
41111731	4	41111700		Mikroskop kollektörleri
41111733	4	41111700		Mikroskop tüpleri
41111734	4	41111700		Mikroskop tablaları
41111735	4	41111700		Otomatik mikroskop tablaları
41111736	4	41111700		Mikroskop kılıfları
41111737	4	41111700		Videoskoplar
41111738	4	41111700		Fiberskoplar
41111739	4	41111700		Laboratuvar mikroskobu yedek ampulleri
41111740	4	41111700		Otomatik optik muayene sistemi
41111741	4	41111700		Mikroskop diferansiyel girişim kontrastı ekipmanı
41111742	4	41111700		Periskop veya koruyucu skop
41111743	4	41111700		Otokolimatör
41111744	4	41111700		Mikroskobik mikrometre
41111745	4	41111700		Mikromanipülatör
41111746	4	41111700		Optik kaldıraç (manivela)
41111747	4	41111700		Endüstriyel fiberskop
41111748	4	41111700		Multimedya görüntü mikroskobu
41111749	4	41111700		Faz kontrast mikroskobu
41111750	4	41111700		Mikroskop titreşim önleyici matı veya masası
41111751	4	41111700		Mikroskop floresan filtresi
41111752	4	41111700		Mikroskop filtre küpü veya kutusu
41111753	4	41111700		Manuel mikroskop revolveri (nosepiece)
41111754	4	41111700		Motorlu mikroskop revolveri (nosepiece)
41111755	4	41111700		Mikroskop düğmesi
41111756	4	41111700		Mikroskop taban ünitesi
41111757	4	41111700		Mikroskop kafası
41111758	4	41111700		Mikroskop gövdesi
41111759	4	41111700		Trinoküler ışık bileşik mikroskobu
41111760	4	41111700		Mikroskop numune manipülasyon sistemi ve aksesuarları
41111761	4	41111700		Geçirimli elektron mikroskobu TEM ızgarası veya destek filmi
41111762	4	41111700		Geçirimli elektron mikroskobu TEM ızgarası depolama kutusu
41111763	4	41111700		Mikroskop temizleme kiti
41111764	4	41111700		Mikroskop bağlantı parçası
41111765	4	41111700		Mikroskop tablası lam klipsi
41111766	4	41111700		El tipi dijital mikroskop
41111767	4	41111700		Mikroskop tablası ısıtma sistemi veya inkübatörü ve aksesuarları
41111768	4	41111700		Işıklı kutu aglütinasyon görüntüleyicisi
41111769	4	41111700		Işıklı ayna aglütinasyon görüntüleyicisi
41111770	4	41111700		Mikroskop işaretçisi
41111771	4	41111700		Desibel Ölçer
41111772	4	41111700		LCR Ölçeri
41111800	3	41110000		Tahribatsız muayene ekipmanları
41111808	4	41111800		X ışını radyografi muayene ekipmanları
41111809	4	41111800		Sızdırmazlık test ekipmanları
41111810	4	41111800		Sıcak test ekipmanı istasyonu
41111811	4	41111800		Soğuk test ekipmanı istasyonu
41111812	4	41111800		Gama ışını radyografi muayene ekipmanı
41111815	4	41111800		Donatı metal dedektörü
41111816	4	41111800		Yer değiştirme ölçüm cihazı
41111817	4	41111800		Pirinç tadı ölçüm sistemi
41111818	4	41111800		Tahribatsız muayene reaktifi
41111819	4	41111800		Çelik halat test cihazı
41111820	4	41111800		Floresan dedektörü
41111900	3	41110000		Gösterge ve kayıt cihazları
41111901	4	41111900		Sayaçlar
41111902	4	41111900		Elektronik sayaçlar
41111903	4	41111900		Metal dedektörleri
41111904	4	41111900		Elektronik kolonlar
41111905	4	41111900		Elektronik ölçüm probları
41111906	4	41111900		Şerit kaydediciler
41111907	4	41111900		Dijital okumalı kaydediciler
41111908	4	41111900		Grafik kaydediciler
41111909	4	41111900		Manyetik bant kaydediciler
41111910	4	41111900		Çok kalemli kaydediciler
41111911	4	41111900		Osilografik kaydediciler
41111912	4	41111900		Fizyolojik kaydediciler
41111913	4	41111900		Nokta çizimli kaydediciler
41111914	4	41111900		Servo kaydediciler
41111915	4	41111900		Çift metalli sensörler
41111916	4	41111900		Temassız sensörler
41111917	4	41111900		Dijital test cihazları
41111918	4	41111900		Jiroskopik cihazlar
41111919	4	41111900		Metalik olmayan nesneler için tespit aparatı
41111920	4	41111900		Koordinat ölçüm makineleri CMM
41111921	4	41111900		Hız sensörleri
41111922	4	41111900		Lamba arızası sensörü
41111923	4	41111900		Erken ateşleme vuruntu sensörü
41111924	4	41111900		Oksijen sensörleri
41111926	4	41111900		Yakınlık sensörleri
41111927	4	41111900		Basınç sensörleri
41111928	4	41111900		Akım sensörleri
41111929	4	41111900		Radyasyon dedektörleri
41111930	4	41111900		Elektrik gücü sensörleri
41111931	4	41111900		Akış sensörleri
41111932	4	41111900		Sıvı kaçağı dedektörleri
41111933	4	41111900		Elektrik yükü sensörleri
41111934	4	41111900		Kuvvet veya tork sensörleri
41111935	4	41111900		Eğim sensörleri
41111936	4	41111900		Tamamlayıcı metal oksit yarı iletken CMOS görüntü sensörleri
41111937	4	41111900		Döner konum sensörleri
41111938	4	41111900		Seviye sensörleri veya vericileri
41111939	4	41111900		Akustik sensörler
41111940	4	41111900		Renk sensörleri
41111941	4	41111900		Koku sensörleri
41111942	4	41111900		Opaklık veya toz veya görüş sensörleri
41111943	4	41111900		Elektriksel direnç veya iletkenlik sensörleri
41111944	4	41111900		Elektriksel admitans sensörleri
41111945	4	41111900		Doğrusal konum sensörleri
41111946	4	41111900		Elektriksel indüktans sensörleri
41111947	4	41111900		Şerit kaydedici kalemleri
41111948	4	41111900		Manuel veya elektronik hematoloji diferansiyel hücre sayaçları
41111949	4	41111900		Saat sayacı (çalışma saati)
41111950	4	41111900		Seviye göstergesi
41111951	4	41111900		Higrostat
41111952	4	41111900		Hidrojen sülfür sensörü
41111953	4	41111900		Takviye şişirme sabitleyici devreye alma sensörü
41111954	4	41111900		Sıvı sensörü
41111955	4	41111900		Güneş sensörü
41111956	4	41111900		Kızılötesi sıcaklık sensörü
41111957	4	41111900		Yağ basıncı sensörü
41111958	4	41111900		Manifold ortam basıncı sensörü
41111959	4	41111900		Yakıt basıncı sensörü
41111960	4	41111900		Ultrasonik sensör
41111961	4	41111900		Yolcu (occupant) sensörü
41111962	4	41111900		Fren aşınma sensörü
41111963	4	41111900		Yakıt seviyesi sensörü
41111964	4	41111900		Emniyet kemeri gerginlik sensörü
41111965	4	41111900		Su sensörü
41111966	4	41111900		Nem sensörü
41111967	4	41111900		Yanal uzun sapma sensörü
41111968	4	41111900		Açısal hız sensörü
41111969	4	41111900		Voltaj kontrol sensörü
41111970	4	41111900		Sıcaklık sensörü
41111971	4	41111900		İkili (binary) sayaç
41111972	4	41111900		Takviye şişirme sabitleyici SIR veya hava yastığı bobin düzeneği sensörü
41111973	4	41111900		Parçacık sayacı
41111974	4	41111900		Isıtma sensörü test cihazı
41111975	4	41111900		Manyetik alan monitörü
41111976	4	41111900		Su sayacı kontrol sistemi
41111977	4	41111900		İyon sayacı
41111978	4	41111900		Manuel mikrohematokrit tüp okuyucusu
41111979	4	41111900		Klinik sıcaklık kontrollü ekipman için veri kaydedici
41111980	4	41111900		Klinik sıcaklık kontrollü ekipman için uzaktan izleme sistemi
41111981	4	41111900		Kan kullanım yönetim sistemi
41112100	3	41110000		Transdüserler
41112101	4	41112100		Piezoelektrik kristaller
41112103	4	41112100		Fiber sensörler
41112104	4	41112100		Ses transdüserleri
41112105	4	41112100		Sıcaklık vericileri
41112106	4	41112100		Nem vericileri
41112107	4	41112100		Elektro-pnömatik transdüserler
41112108	4	41112100		Yük hücreleri (loadcell)
41112109	4	41112100		Akım transdüseri
41112110	4	41112100		Basınç transdüseri
41112111	4	41112100		Yer değiştirme transdüseri
41112112	4	41112100		Elektrik gücü transdüseri
41112113	4	41112100		Mekanik enerji transdüseri
41112114	4	41112100		Termo-higro vericisi
41112200	3	41110000		Sıcaklık ve ısı ölçüm cihazları
41112201	4	41112200		Kalorimetreler
41112202	4	41112200		Isı izleme ekipmanları
41112203	4	41112200		Erime noktası kaydedicileri
41112204	4	41112200		Pirometreler
41112205	4	41112200		Sıcaklık regülatörleri
41112206	4	41112200		Termokupllar
41112207	4	41112200		Termograflar
41112209	4	41112200		Termostatlar
41112210	4	41112200		Uzaktan okumalı termometreler
41112211	4	41112200		Direnç termometreleri
41112212	4	41112200		Yüzey termometreleri
41112213	4	41112200		El tipi termometre
41112214	4	41112200		Kriyojenik sıcaklık kontrol cihazları
41112215	4	41112200		Nemlendirici sıcaklık kontrol cihazları
41112216	4	41112200		Termowell'ler (sıcaklık kuyusu)
41112217	4	41112200		Termohead'ler
41112219	4	41112200		Termokupl probları
41112220	4	41112200		Laboratuvar dondurucu veya buzdolabı termometreleri
41112221	4	41112200		Laboratuvar inkübatör termometreleri
41112222	4	41112200		Sıcaklık göstergesi
41112223	4	41112200		Bileşik gösterge
41112224	4	41112200		Kızılötesi termometre
41112225	4	41112200		Direnç sıcaklık dedektörü RTD
41112226	4	41112200		Düşük sıcaklık termokupl sensörü
41112227	4	41112200		Yüksek sıcaklık termokupl sensörü
41112228	4	41112200		Yanma verimliliği analizörü
41112229	4	41112200		Isı sayacı
41112230	4	41112200		Pirometre kalibratörü
41112231	4	41112200		Yağ bulutlanma ve akma noktası test cihazı
41112232	4	41112200		Donma noktası ölçüm cihazı
41112233	4	41112200		Erime noktası ölçüm cihazı
41112234	4	41112200		Isı debimetresi
41112235	4	41112200		Özgül ısı ölçüm cihazı
41112236	4	41112200		Asfalt yumuşama noktası test cihazı
41112237	4	41112200		Çiy noktası termometresi
41112238	4	41112200		Damlama noktası test cihazı
41112239	4	41112200		Cam termometre
41112240	4	41112200		Kan ünitesi sıcaklık doğrulama şeridi
41112241	4	41112200		Laboratuvar fırını termometresi
41112242	4	41112200		Laboratuvar su banyosu termometresi
41112243	4	41112200		Laboratuvar ısı bloğu termometresi
41112244	4	41112200		Kalibrasyon referans termometresi
41112300	3	41110000		Nem ve rutubet ölçüm cihazları
41112301	4	41112300		Higrometreler
41112302	4	41112300		Psikrometreler
41112303	4	41112300		Sıcaklık nem test cihazları
41112304	4	41112300		Nem ölçerler
41112305	4	41112300		Nem kontrol cihazı
41112306	4	41112300		Nem kalibratörü
41112307	4	41112300		Çimento su tutma test cihazı
41112400	3	41110000		Basınç ölçüm ve kontrol cihazları
41112401	4	41112400		Derinlik ölçerler
41112402	4	41112400		Manostatlar
41112403	4	41112400		Basınç göstergeleri
41112404	4	41112400		Basınç regülatörü
41112405	4	41112400		Basınç veya vakum kaydedicileri
41112406	4	41112400		Vakum ölçerler
41112407	4	41112400		Sıvı seviye kontrolleri veya cihazları
41112408	4	41112400		Basınç yoğunlaştırıcıları
41112409	4	41112400		Basınç tarayıcıları
41112410	4	41112400		Basınç vericileri
41112411	4	41112400		Basınç kontrol cihazları
41112412	4	41112400		Basınç göstergesi
41112413	4	41112400		Diferansiyel basınç göstergesi
41112414	4	41112400		Basınç kalibratörü
41112415	4	41112400		Warburg aparatı
41112416	4	41112400		Patlama basıncı test cihazı
41112417	4	41112400		Buhar basıncı ölçüm cihazı
41112418	4	41112400		Kapiler basınç test cihazı
41112419	4	41112400		Sigara filtresi çekiş direnci ölçeri
41112420	4	41112400		Basınç düşüşü göstergesi
41112421	4	41112400		Meyve sertliği test cihazı
41112422	4	41112400		Hidrolik basınç test cihazı
41112423	4	41112400		Basınç altimetresi
41112500	3	41110000		Sıvı ve gaz akış ölçüm ve gözlem cihazları
41112501	4	41112500		Debimetreler
41112502	4	41112500		Reometreler
41112503	4	41112500		Rotametreler
41112504	4	41112500		Su sayaçları
41112505	4	41112500		Su sayacı yedek parçaları
41112506	4	41112500		Venturiler
41112508	4	41112500		Gaz göstergeleri
41112509	4	41112500		Hava hızı ve sıcaklık monitörleri
41112510	4	41112500		Görüş akış göstergeleri
41112511	4	41112500		Görüş akış pencereleri
41112512	4	41112500		Akış bilgisayarları veya toplayıcıları
41112513	4	41112500		Orifis plakası
41112514	4	41112500		Yağ göstergeleri
41112516	4	41112500		Akış vericileri
41112517	4	41112500		Optik debimetre ve aksesuarları
41112518	4	41112500		Pompa verimliliği test ekipmanı
41112519	4	41112500		Pitot göstergesi
41112520	4	41112500		Yangın pompası debimetresi
41112521	4	41112500		Kalibrasyon kolonu
41112522	4	41112500		Su sayacı test cihazı
41112523	4	41112500		Yakıt debimetresi
41112600	3	41110000		Hijyen izleme ve test ekipmanları
41112601	4	41112600		Manuel sürüntü test kitleri
41112602	4	41112600		Otomatik sürüntü test kitleri
41112700	3	41110000		Laboratuvar tohum ve yem test ekipmanları
41112701	4	41112700		Tahıl analizörleri
41112702	4	41112700		Tohum sayaçları
41112704	4	41112700		Yem analizörleri
41112800	3	41110000		Ulaşımla ilgili ekipmanlar ve cihazlar
41112801	4	41112800		Hız göstergeleri
41112802	4	41112800		Takometreler
41112803	4	41112800		Takometre diskleri
41112900	3	41110000		Seyrüsefer ekipmanları ve cihazları
41112901	4	41112900		Yön bulma pusulaları
41112902	4	41112900		Radyo seyrüsefer cihazları
41112903	4	41112900		Sekstantlar
41112904	4	41112900		Karmaşık kontrol cihazları
41113000	3	41110000		Kimyasal değerlendirme cihazları ve malzemeleri
41113001	4	41113000		Dijital analizör kontrol cihazları
41113002	4	41113000		Kemilüminesans veya biyolüminesans analizörleri
41113003	4	41113000		Elektrogravimetri analizörleri
41113004	4	41113000		Alev iyonizasyon analizörleri
41113005	4	41113000		İyon analizörleri
41113006	4	41113000		Radyometri analizörleri
41113007	4	41113000		Rastgele erişimli analizörler
41113008	4	41113000		Sintigrafik analizörler
41113009	4	41113000		Termal diferansiyel analizörler
41113010	4	41113000		Termo gravimetri analizörleri
41113023	4	41113000		Jel ayırma ekipmanları
41113024	4	41113000		Hidrometreler
41113025	4	41113000		Monokromatörler
41113026	4	41113000		Nefelometreler
41113027	4	41113000		Osmometreler
41113029	4	41113000		Polarograflar
41113030	4	41113000		Radyokromatografik tarayıcı
41113031	4	41113000		Sakarometreler
41113033	4	41113000		Volümetreler
41113034	4	41113000		pH test şeritleri veya kağıtları
41113035	4	41113000		Kimyasal test şeritleri veya kağıtları
41113036	4	41113000		Mikroplakalar
41113037	4	41113000		Mikroplaka okuyucuları
41113038	4	41113000		Alkolometre
41113039	4	41113000		Osmometre aksesuarları
41113040	4	41113000		Koloni sayacı
41113041	4	41113000		Element analizörü
41113042	4	41113000		Süt analizörü
41113043	4	41113000		Diyet lifi tayin sistemi
41113044	4	41113000		Alkol hidrometresi
41113045	4	41113000		Yağ filmi test cihazı
41113046	4	41113000		Yapışma test cihazı
41113047	4	41113000		Yağ köpürme özellikleri test cihazı
41113048	4	41113000		Renk haslığı test cihazı
41113049	4	41113000		Yanma analizörü
41113050	4	41113000		Arsenik dedektörü
41113051	4	41113000		Oksidasyon-redüksiyon test cihazı
41113052	4	41113000		Tebeşirleşme test cihazı
41113053	4	41113000		Pas önleme test cihazı
41113054	4	41113000		Demülsibilite (sıvı ayrışma) test cihazı
41113055	4	41113000		Yakıt zamkı test cihazı
41113056	4	41113000		Alev deneyi teli
41113057	4	41113000		Çamur densitometresi
41113100	3	41110000		Gaz analizörleri ve monitörleri
41113107	4	41113100		Azot gazı analizörleri
41113108	4	41113100		Azot oksit analizörleri
41113109	4	41113100		ORSAT ekipmanları
41113110	4	41113100		Oksijen gazı analizörleri
41113115	4	41113100		Radon dedektörleri
41113116	4	41113100		Gaz dedektör tüpleri
41113117	4	41113100		Tek gaz monitörleri
41113118	4	41113100		Çok gazlı monitörler
41113119	4	41113100		Çözünmüş karbondioksit analizörleri
41113124	4	41113100		Respirometre
41113300	3	41110000		Sıvı ve katı ve elementel analizörler
41113301	4	41113300		Asit veya baz analizörleri
41113309	4	41113300		Enzim analizörleri
41113310	4	41113300		Yağ asidi analizörleri
41113311	4	41113300		Halojenür dedektör lambası
41113312	4	41113300		Laktat analizörleri
41113313	4	41113300		Madeni yağ test cihazları
41113318	4	41113300		Uranyum analizörleri
41113319	4	41113300		Su analizörleri
41113320	4	41113300		Yağlama yağı test kiti
41113322	4	41113300		Azot veya nitrat veya nitrit analizörü
41113323	4	41113300		Şeker analizörleri
41113325	4	41113300		Yıkanabilirlik test cihazı
41113327	4	41113300		Film aplikatörü
41113328	4	41113300		Cıva analizörü
41113331	4	41113300		Donma ve çözülme test cihazı
41113332	4	41113300		Sıvı rasyon analizörü
41113333	4	41113300		Zeta potansiyeli analizörü
41113400	3	41110000		Nükleer değerlendirme cihazları
41113600	3	41110000		Elektriksel ölçüm ve test ekipmanları ve aksesuarları
41113601	4	41113600		Ampermetreler
41113602	4	41113600		Faz ölçerler
41113603	4	41113600		Laboratuvar köprüleri
41113604	4	41113600		Kapasitans ölçerler
41113605	4	41113600		Termoanaliz derivatografları
41113606	4	41113600		Donma izleme göstergeleri
41113607	4	41113600		Isı stresi monitörleri
41113608	4	41113600		Çakışma veya antikoincidans sayaçları
41113611	4	41113600		Çapraz konuşma ölçerler
41113612	4	41113600		Topraklama direnci test cihazları
41113613	4	41113600		Elektriksel değer kaydedicileri
41113614	4	41113600		Elektromanyetik alan ölçerler
41113615	4	41113600		Elektrometreler
41113616	4	41113600		Elektronik yükler
41113617	4	41113600		Alan şiddeti ölçüm ekipmanları
41113618	4	41113600		Kazanç ölçüm cihazları
41113619	4	41113600		Galvanometreler
41113620	4	41113600		Yüksek gerilim kablo tespiti
41113621	4	41113600		Empedans ölçerler
41113622	4	41113600		Kalibreli indüktans bobinleri veya kutuları
41113623	4	41113600		Yalıtım direnci ölçerler
41113624	4	41113600		Yalıtım test cihazları
41113625	4	41113600		İyonizasyon odaları
41113626	4	41113600		İyon ölçerler
41113627	4	41113600		Hat toprak çevrim test cihazları
41113628	4	41113600		Megohmmetreler
41113629	4	41113600		Mikrodalga kaçak ölçerler
41113630	4	41113600		Multimetreler
41113631	4	41113600		Ohmmetreler
41113632	4	41113600		Osilograflar
41113633	4	41113600		Potansiyometreler
41113634	4	41113600		Q Metreler
41113635	4	41113600		Kalibreli direnç ölçüm ekipmanları
41113636	4	41113600		Seviye jeneratörleri
41113637	4	41113600		Gerilim veya akım ölçerler
41113638	4	41113600		Osiloskoplar
41113639	4	41113600		İvmeölçerler
41113640	4	41113600		Wattmetreler
41113641	4	41113600		GFI devre test cihazları
41113642	4	41113600		Devre test cihazı
41113643	4	41113600		Talep ölçerler veya kaydediciler
41113644	4	41113600		Devre izleyiciler
41113645	4	41113600		Toprak kaçağı cihazları
41113646	4	41113600		Sıcaklık kalibratörü veya simülatörü
41113647	4	41113600		Frekans kalibratörü veya simülatörü
41113649	4	41113600		Psofometre
41113650	4	41113600		Fonksiyonel test cihazı
41113651	4	41113600		Devre kontrol panosu (ring out board)
41113652	4	41113600		Tel düzeneği panosu
41113653	4	41113600		Devre içi test cihazı ICT
41113654	4	41113600		Akım döngüsü sayacı
41113655	4	41113600		Jeneratör test seti
41113656	4	41113600		Servo sistem test cihazı
41113657	4	41113600		Devre kesici test cihazı
41113658	4	41113600		Anahtar dayanıklılık test cihazı
41113659	4	41113600		VAr metre (reaktif güç)
41113660	4	41113600		Osilatör test cihazı
41113661	4	41113600		Voltaj regülatörü test cihazı
41113662	4	41113600		Kavite rezonatörü
41113663	4	41113600		Trafo test cihazı
41113664	4	41113600		Faz sırası göstergesi
41113665	4	41113600		Temas direnci test cihazı
41113666	4	41113600		Parafudr test cihazı
41113667	4	41113600		Watt-saat sayacı test ekipmanı
41113668	4	41113600		Kondansatör test cihazı
41113669	4	41113600		Hat voltajı dedektörü
41113670	4	41113600		Direnç test ekipmanı
41113671	4	41113600		Akım bölücü
41113672	4	41113600		Röle test cihazı
41113673	4	41113600		Pano ve şalt tablosu sayacı
41113674	4	41113600		Patlatma makinesi test cihazı
41113675	4	41113600		Frekans kontrol test ekipmanı
41113676	4	41113600		Düşük voltaj test cihazı
41113677	4	41113600		Dayanım voltajı test cihazı
41113678	4	41113600		Pens test cihazı
41113679	4	41113600		Akım trafosu ve gerilim trafosu test ekipmanı
41113680	4	41113600		Güç faktörü ölçeri
41113681	4	41113600		Kombi test cihazı
41113682	4	41113600		Elektrik gücü test cihazı
41113683	4	41113600		Lamba test cihazı
41113684	4	41113600		Voltaj ve akım ölçeri kalibratörü
41113685	4	41113600		Statik elektrik ölçüm ekipmanı
41113686	4	41113600		Nabız (pals) ölçeri
41113687	4	41113600		Fren test makinesi
41113688	4	41113600		Dönüştürücü test ekipmanı
41113689	4	41113600		Denetleyici test ekipmanı
41113700	3	41110000		Elektronik ve iletişim ölçüm ve test cihazları
41113701	4	41113700		Katot ışını tüpü test cihazı
41113702	4	41113700		Komparatörler
41113703	4	41113700		Yönlü kuplör
41113704	4	41113700		Entegre devre test cihazları
41113705	4	41113700		Lojik durum test cihazları
41113706	4	41113700		Yarı iletken test cihazları
41113708	4	41113700		Güç ölçerler
41113709	4	41113700		Modülasyon ölçerler
41113710	4	41113700		Seviye ölçer
41113711	4	41113700		Ağ analizörleri
41113712	4	41113700		Bant test cihazları
41113713	4	41113700		Bant hızı test cihazları
41113714	4	41113700		Diferansiyatör
41113716	4	41113700		Fiber optik arıza bulucuları
41113717	4	41113700		Fiber optik test kaynakları
41113726	4	41113700		Isıya dayanıklılık test cihazı
41113727	4	41113700		Distorsiyon ölçeri
41113728	4	41113700		Elektromanyetik kalkanlı çevresel hazne
41113800	3	41110000		Jeofizik ve jeoteknik cihazlar
41113801	4	41113800		Jeolojik pusulalar
41113802	4	41113800		Jeolojik arama aparatları
41113803	4	41113800		Elektromanyetik jeofizik cihazlar
41113804	4	41113800		Gravite jeofizik cihazları
41113805	4	41113800		İndüklenmiş polarizasyon IP jeofizik cihazları
41113806	4	41113800		Manyetometre jeofizik cihazları
41113807	4	41113800		Özdirenç jeofizik cihazları
41113808	4	41113800		Gravimetreler
41113809	4	41113800		Yer altı radarı (GPR)
41113810	4	41113800		Hidrotermal test ekipmanı
41113811	4	41113800		Katı yatak (mesnet) test cihazı
41113812	4	41113800		Yer sürtünmesi test cihazı
41113813	4	41113800		Standart agrega
41113814	4	41113800		Zemin plastik limit test cihazı
41113815	4	41113800		Zemin büzülme limiti test cihazı
41113816	4	41113800		Konsolidasyon test cihazı
41113817	4	41113800		Zemin likit limit test cihazı
41113818	4	41113800		Plaka yükleme test cihazı
41113819	4	41113800		Zemin analizörü
41113820	4	41113800		Agrega özgül ağırlık test cihazı
41113821	4	41113800		Zemin penetrasyon test cihazı
41113822	4	41113800		Kaliforniya taşıma oranı test cihazı (CBR)
41113823	4	41113800		Numune genleşme test cihazı
41113824	4	41113800		Zemin yük geçirgenliği test cihazı
41113825	4	41113800		Zemin agrega analizörü
41113826	4	41113800		Zemin dokusu analizörü
41113827	4	41113800		Zemin serbest basınç aparatı
41113828	4	41113800		Kum yoğunluğu konisi aparatı
41113829	4	41113800		Su altı zemin alma ekipmanı
41113830	4	41113800		Agrega birim ağırlığı ölçüm cihazı
41113831	4	41113800		Maça kumu su ölçüm cihazı
41113900	3	41110000		Toprak ölçüm ekipmanları
41113901	4	41113900		Sondaj ölçüm cihazları
41113902	4	41113900		Çözünme veya parçalanma test cihazları
41113903	4	41113900		Partikül boyutu ölçüm aparatları
41113904	4	41113900		Penetrometreler
41113905	4	41113900		Geçirgenlik test aparatları
41113906	4	41113900		Geçirgenlik veya gözeneklilik tahmin aparatı
41113907	4	41113900		Porozimetreler
41113908	4	41113900		Kum test aparatları
41113909	4	41113900		Toprak karot örnekleme aparatları
41113910	4	41113900		Toprak test kitleri
41114000	3	41110000		Kaya ve tabaka ölçüm ekipmanları
41114001	4	41114000		Eğim ölçerler (klinometre)
41114100	3	41110000		Sismolojik cihazlar
41114102	4	41114100		Deprem simülatörleri
41114103	4	41114100		Sismik alarm modülleri
41114104	4	41114100		Sismik amplifikatörler
41114105	4	41114100		Taşınabilir sismik aparatlar
41114106	4	41114100		Sismik kaydediciler veya sismograflar
41114107	4	41114100		Sismometreler
41114108	4	41114100		Titreşim ölçerler (vibrometre)
41114200	3	41110000		Arazi ölçüm (haritacılık) cihazları
41114201	4	41114200		Şerit metreler
41114202	4	41114200		Ölçüm çubukları
41114203	4	41114200		Ölçüm masaları
41114207	4	41114200		Total station (takeometre)
41114300	3	41110000		Hidrolojik cihazlar
41114301	4	41114300		Açık akıntı akım ölçerleri
41114302	4	41114300		Su kuyuları için loglama cihazları
41114303	4	41114300		Açık akıntı su seviyesi kaydedicileri
41114400	3	41110000		Meteorolojik cihazlar
41114401	4	41114400		Anemometreler
41114402	4	41114400		Barometreler
41114403	4	41114400		Yağış veya buharlaşma kaydedicileri
41114404	4	41114400		Radyosonde aparatları
41114405	4	41114400		Yağmur kaydedicileri
41114406	4	41114400		Yağış veya buharlaşma yüzey gözlem aparatları
41114407	4	41114400		Güneş radyasyonu yüzey gözlem aparatları
41114408	4	41114400		Sıcaklık veya nem yüzey gözlem aparatları
41114409	4	41114400		Rüzgar yüzey gözlem aparatları
41114410	4	41114400		Hava istasyonları
41114411	4	41114400		Meteoroloji cihazı aksesuarları
41114412	4	41114400		Radyo akustik sondaj sistemi
41114413	4	41114400		Bulut tavanı ölçeri (seyilometre)
41114414	4	41114400		Meteoroloji uydusu alıcı ekipmanı
41114415	4	41114400		Yıldırım analiz sistemi
41114416	4	41114400		Hava haritası kaydedici veya tarayıcısı
41114417	4	41114400		Meteoroloji şamandıra robotu
41114418	4	41114400		Meteoroloji uydusu veri alma ve analiz sistemi
41114419	4	41114400		Alçak seviye rüzgar kayması uyarı sistemi
41114420	4	41114400		Barometre kalibratörü
41114421	4	41114400		Higrometre kalibratörü
41114422	4	41114400		Yağmur ölçer kalibratörü
41114423	4	41114400		Otomatik hava sistemi kalibratörü
41114424	4	41114400		Anemometre kalibratörü
41114425	4	41114400		Aktinometre kalibratörü
41114426	4	41114400		Baroswitch
41114427	4	41114400		Rüzgar oku (yön)
41114428	4	41114400		Meteoroloji Balonu
41114429	4	41114400		Hidrojen Jeneratörü
41114430	4	41114400		Pist Görüş Mesafesi Sistemi
41114431	4	41114400		Transmissometre (görüş ölçer)
41114500	3	41110000		Mekanik cihazlar
41114501	4	41114500		Dinamometreler
41114502	4	41114500		Elastometreler
41114503	4	41114500		Ekstensometreler
41114504	4	41114500		Hatve ölçüm cihazları
41114505	4	41114500		Yuvarlaklık test cihazları
41114506	4	41114500		Sferometreler
41114507	4	41114500		Yay test makineleri
41114508	4	41114500		Yüzey test cihazları
41114509	4	41114500		Tansiyometreler
41114510	4	41114500		Tork sınırlayıcı
41114511	4	41114500		Yumuşaklık test cihazı
41114512	4	41114500		Yüksek hızlı dönme dengesi test cihazı
41114513	4	41114500		Eksantriklik ölçüm cihazı
41114514	4	41114500		Burulma titreşimi ölçüm cihazı
41114515	4	41114500		Merkezkaç kuvveti test cihazı
41114516	4	41114500		Kesme kuvveti ölçüm cihazı
41114517	4	41114500		Hidrolik şişirme (bulge) test cihazı
41114518	4	41114500		Fermuar dayanıklılık test cihazı
41114519	4	41114500		Çekme ve araba sistemi
41114520	4	41114500		Düşürme test cihazı
41114521	4	41114500		Hava kompresörü test cihazı
41114522	4	41114500		Dişli test cihazı
41114523	4	41114500		Test çubuğu
41114524	4	41114500		Hidrolik test cihazı
41114525	4	41114500		Yağ filtresi test cihazı
41114526	4	41114500		Hava temizleyici test cihazı
41114527	4	41114500		Kayış test cihazı
41114528	4	41114500		Düzlemsel hareket mekanizması ölçüm cihazı
41114529	4	41114500		Lastik çalışma test cihazı
41114530	4	41114500		Yapışma gerilimi test cihazı
41114600	3	41110000		Metaller ve metalurji ve yapısal malzemeler test cihazları
41114601	4	41114600		Aşınma test cihazları
41114602	4	41114600		Basınç (sıkıştırma) test cihazları
41114603	4	41114600		Beton veya çimento test cihazları
41114604	4	41114600		Korozyon test cihazları
41114605	4	41114600		Çatlak veya korozyon dedektörleri
41114606	4	41114600		Sünme test cihazları
41114607	4	41114600		Süneklik test makineleri
41114608	4	41114600		Yorulma test cihazları
41114609	4	41114600		Dövme test aparatları
41114610	4	41114600		Döküm test aparatları
41114611	4	41114600		Sertlik test cihazları
41114612	4	41114600		Darbe test cihazları
41114613	4	41114600		Yük çerçevesi
41114614	4	41114600		Metal test cihazları
41114615	4	41114600		Fotoelastik test cihazları
41114616	4	41114600		Akma gerilimi göstergeleri
41114617	4	41114600		Gevşeme test cihazları
41114618	4	41114600		Pürüzlülük ölçüm cihazları
41114619	4	41114600		Kesme dayanımı test cihazları
41114620	4	41114600		Şok test aparatları
41114621	4	41114600		Çekme test cihazları
41114622	4	41114600		Burulma test cihazları
41114623	4	41114600		Eğilme veya enine test makineleri
41114624	4	41114600		Titreşim test cihazları
41114625	4	41114600		Aşınma test cihazları (wear)
41114626	4	41114600		Kaynak test aparatları
41114627	4	41114600		Test halkası (proving ring)
41114628	4	41114600		Plastiklik test cihazı
41114629	4	41114600		Isıl distorsiyon test cihazı
41114630	4	41114600		Termal şok test cihazı
41114631	4	41114600		Gerilim test cihazı
41114632	4	41114600		Çekme dayanımı test cihazı
41114633	4	41114600		Isıl genleşme test cihazı
41114634	4	41114600		Erichsen test cihazı
41114635	4	41114600		Mücevher değerlendirme test cihazı
41114636	4	41114600		Polimer kalıplama koşulu ölçüm cihazı
41114637	4	41114600		Kiriş test aparatı
41114638	4	41114600		Yük test cihazı
41114639	4	41114600		Çimento akış test cihazı
41114640	4	41114600		Yol düzlemi ölçüm ekipmanı
41114641	4	41114600		Laboratuvar çimento kürleme ekipmanı
41114642	4	41114600		Pinhole (delik) dedektörü
41114643	4	41114600		Çimento hacim sabitliği test cihazı
41114644	4	41114600		Beton hava ölçüm cihazı
41114645	4	41114600		Harç uzunluğu test cihazı
41114646	4	41114600		Vicat iğnesi test cihazı
41114647	4	41114600		Çökme (slump) test cihazı
41114648	4	41114600		Beton veya çimento titreşim test cihazı
41114649	4	41114600		Harç geçirgenliği test cihazı
41114650	4	41114600		Beton silindir kalıbı
41114700	3	41110000		Kağıt ve ahşap ve tekstil test cihazları
41114800	3	41110000		Seramik ve cam test cihazları
41114802	4	41114800		Cam test cihazları
41115100	3	41110000		Kömür ve cevher test cihazları
41115102	4	41115100		Goniometre
41115200	3	41110000		Radar ve sonar sistemleri ve bileşenleri
41115300	3	41110000		Işık ve dalga üretme ve ölçme ekipmanları
41115301	4	41115300		Işık absorpsiyon ölçerler
41115302	4	41115300		Anekoik odalar
41115303	4	41115300		Frekans analizörleri
41115304	4	41115300		Frekans sayaçları veya zamanlayıcı veya bölücüler
41115307	4	41115300		Lazerler
41115308	4	41115300		Işık ölçerler
41115310	4	41115300		Optik kalibrasyon setleri
41115311	4	41115300		Fotometreler
41115312	4	41115300		Tezgah refraktometreleri veya polarimetreleri
41115314	4	41115300		Polarimetreler
41115315	4	41115300		Polariskoplar
41115316	4	41115300		Reflektometreler
41115317	4	41115300		Stroboskoplar
41115318	4	41115300		Kolorimetreler
41115319	4	41115300		Tüp veya plaka okuyucuları
41115320	4	41115300		Sinyal jeneratörleri
41115321	4	41115300		Kızılötesi görüntüleyiciler
41115322	4	41115300		Lazer ışını analizörleri
41115323	4	41115300		Fonksiyon jeneratörü
41115324	4	41115300		Ultraviyole sensörü
41115325	4	41115300		Termal görüntüleyici
41115326	4	41115300		Optik kolimatör
41115327	4	41115300		Fotoelektrik ölçüm ekipmanı
41115330	4	41115300		Bulanıklık (haze) ölçeri
41115335	4	41115300		Vektörskop
41115340	4	41115300		Fotometre aksesuarları
41115400	3	41110000		Spektroskopik ekipmanlar
41115401	4	41115400		Spektroflorimetreler veya florimetreler
41115402	4	41115400		Spektrograflar
41115403	4	41115400		Spektrometreler
41115404	4	41115400		Kütle spektrometreleri
41115405	4	41115400		Proton spektrometreleri
41115406	4	41115400		Spektrofotometreler
41115407	4	41115400		Atomik absorpsiyon AA spektrometreleri
41115408	4	41115400		Kızılötesi spektrometreler
41115409	4	41115400		Nükleer manyetik rezonans NMR spektrometreleri
41115411	4	41115400		İndüktif eşleşmiş plazma ICP spektrometreleri
41115412	4	41115400		Spektrobolometre
41115413	4	41115400		Akış sitometresi
41115414	4	41115400		Radyo ışını spektroskopisi sistemi
41115415	4	41115400		Kimyasal analiz için elektron spektroskopisi sistemi
41115416	4	41115400		Elektron spin rezonansı spektrometresi
41115417	4	41115400		Atomik absorpsiyon AA spektrometresi aksesuarları
41115418	4	41115400		Spektrofotometre aksesuarları
41115500	3	41110000		Ses üretme ve ölçme ekipmanları
41115600	3	41110000		Elektrokimyasal ölçüm cihazları ve aksesuarları
41115601	4	41115600		Karl Fischer titrasyon ekipmanları
41115602	4	41115600		Titrasyon ekipmanları
41115603	4	41115600		pH metreler
41115609	4	41115600		İletkenlik ölçerler
41115700	3	41110000		Kromatografik ölçüm cihazları ve aksesuarları
41115703	4	41115700		Gaz kromatografları
41115704	4	41115700		İyon kromatografları
41115705	4	41115700		Sıvı kromatografları
41115707	4	41115700		Yüksek basınçlı sıvı kromatografı kromatografisi
41115708	4	41115700		Yüksek basınçlı ince tabaka kromatografı TLC
41115709	4	41115700		Yüksek basınçlı sıvı kromatografisi HPLC kolonları
41115800	3	41110000		Klinik ve tanısal analizörler ve aksesuarları ve malzemeleri
41115801	4	41115800		Amino asit analizörleri
41115802	4	41115800		Amino asit analizörü aksesuarları veya malzemeleri
41115803	4	41115800		Kan bankası analizörleri
41115804	4	41115800		Kan bankası analizörü aksesuarları veya malzemeleri
41115805	4	41115800		Kan gazı analizörleri
41115806	4	41115800		Kan gazı analizörü aksesuarları veya malzemeleri
41115807	4	41115800		Kimya analizörleri
41115808	4	41115800		Kimya analizörü aksesuarları veya malzemeleri
41115809	4	41115800		Koagülasyon analizörleri
41115810	4	41115800		Koagülasyon analizörü aksesuarları veya malzemeleri
41115811	4	41115800		DNA dizisi analizörleri
41115812	4	41115800		DNA dizisi analizörü aksesuarları veya malzemeleri
41115813	4	41115800		Toksikoloji analizörleri
41115814	4	41115800		Toksikoloji analizörleri aksesuarları veya malzemeleri
41115815	4	41115800		Hematoloji analizörleri
41115816	4	41115800		Hematoloji analizörü aksesuarları veya malzemeleri
41115817	4	41115800		Histoloji analizörleri
41115818	4	41115800		Histoloji analizörü aksesuarları veya malzemeleri
41115819	4	41115800		İmmünoloji analizörleri
41115820	4	41115800		İmmünoloji analizörü aksesuarları veya malzemeleri
41115821	4	41115800		Mikrobiyoloji analizörleri
41115822	4	41115800		Mikrobiyoloji analizörü aksesuarları veya malzemeleri
41115823	4	41115800		Protein analizörleri
41115824	4	41115800		Protein analizörü aksesuarları veya malzemeleri
41115825	4	41115800		Radyoizotopik analizörler
41115826	4	41115800		Radyoizotopik analizör aksesuarları veya malzemeleri
41115827	4	41115800		İdrar analizi analizörleri
41115828	4	41115800		İdrar analizi analizörü aksesuarları veya malzemeleri
41115829	4	41115800		Et veya süt ürünü analizörleri
41115830	4	41115800		Glukoz analizörleri
41115831	4	41115800		Mikroplaka taşıma için istifleyici veya magazin
41115832	4	41115800		Antibiyotik tespit ekipmanı
41115833	4	41115800		Cilt analizörü
41115834	4	41115800		Akış sitometresi aksesuarları veya malzemeleri
41115835	4	41115800		Androjenite ve fertilite otomatik sayacı
41115836	4	41115800		Androjenite ve fertilite otomatik sayaç aksesuarları ve malzemeleri
41115837	4	41115800		Parçacık sayacı ve boyutlandırıcı
41115838	4	41115800		Parçacık sayacı ve boyutlandırıcı aksesuarları ve malzemeleri
41115839	4	41115800		Kan bankası aferez ve donör ünitesi işleme analizörü
41115840	4	41115800		Kan bankası aferez ve donör ünitesi işleme analizörü aksesuarları ve malzemeleri
41115841	4	41115800		Otomatik kan kültürü sistemi
41115842	4	41115800		Otomatik kan kültürü sistemi analizörü aksesuarları veya malzemeleri
41115843	4	41115800		Moleküler tanı analizörü
41115844	4	41115800		Moleküler tanı analizörü aksesuarları
41115845	4	41115800		Hücre metabolizması analizörü
41115846	4	41115800		Hücre metabolizması analizörü aksesuarları
41115847	4	41115800		Ter klorürü iyontoforez analizörü
41115848	4	41115800		Ter klorürü iyontoforez analizörü aksesuarları
41115849	4	41115800		Elektrolit analizörü
41115850	4	41115800		Pipetör verme kalibrasyon ve doğrulama analizörü
41115851	4	41115800		Pipetör verme kalibrasyon ve doğrulama analizörü aksesuarları
41115852	4	41115800		Akış sitometrisi analizörü
41115853	4	41115800		Otomatik yüksek performanslı kromatografi HPLC analizörü sistemi
41115854	4	41115800		Otomatik yüksek performanslı kromatografi HPLC analizörü sistemi aksesuarları
41115855	4	41115800		Nakil tanı analizörü
41115856	4	41115800		Nakil tanı analizörü aksesuarları
41115857	4	41115800		Alev fotometresi analizörü
41115858	4	41115800		Alev fotometresi analizörü aksesuarları
41115859	4	41115800		Gaz-sıvı kromatografisi ve kütle spektrometrisi analizörü
41115860	4	41115800		Genomik analiz analizörü
41115861	4	41115800		Genomik analiz analizörü aksesuarları
41115862	4	41115800		Nükleik asit ekstraksiyon, izolasyon ve saflaştırma analizörü
41115863	4	41115800		Nükleik asit ekstraksiyon izolasyon ve saflaştırma analizörü aksesuarları
41115864	4	41115800		Multipleks analizörü
41115865	4	41115800		Multipleks analizörü aksesuarları
41115866	4	41115800		Biyomanyetik ayırma analizörü
41115867	4	41115800		Biyomanyetik ayırma analizörü aksesuarları
41115868	4	41115800		Otomatik kalite kontrol yöneticisi sistemi
41115872	4	41115800		Klinik Kimya Analizörü, taşınabilir
41116000	3	41110000		Klinik ve tanısal analizör reaktifleri
41116001	4	41116000		Amino asit analizörü reaktifleri
41116002	4	41116000		Kan bankası analizörü reaktifleri
41116003	4	41116000		Kan gazı analizörü reaktifleri
41116004	4	41116000		Kimya analizörü reaktifleri
41116005	4	41116000		Koagülasyon analizörü reaktifleri
41116006	4	41116000		DNA dizisi analizörü reaktifleri
41116007	4	41116000		Toksikoloji analizörü reaktifleri
41116008	4	41116000		Hematoloji analizörü reaktifleri
41116009	4	41116000		Histoloji analizörü reaktifleri
41116010	4	41116000		İmmünoloji analizörü reaktifleri
41116011	4	41116000		Mikrobiyoloji analizörü reaktifleri
41116012	4	41116000		Protein analizörü reaktifleri
41116013	4	41116000		Radyoizotopik analizör reaktifleri
41116014	4	41116000		İdrar analizi analizörü reaktifleri
41116015	4	41116000		Akış sitometrisi analizörü reaktifleri veya antikorları
41116016	4	41116000		Elektrolit analizörü reaktifi
41116017	4	41116000		Androjenite ve fertilite otomatik sayaç reaktifi
41116018	4	41116000		Parçacık boyutlandırıcı ve sayaç analizörü reaktifi
41116019	4	41116000		Hormon analizörü reaktifi
41116020	4	41116000		Viroloji analizörü reaktifi
41116021	4	41116000		Otomatik kan kültürü sistemi analizörü reaktifi
41116022	4	41116000		Pipetör verme kalibrasyon ve doğrulama analizörü reaktifi
41116023	4	41116000		Otomatik yüksek performanslı kromatografi HPLC analizörü sistemi reaktifi veya kiti
41116024	4	41116000		Nakil analizörü reaktifi veya kiti
41116025	4	41116000		Alev fotometresi analizörü reaktifi veya kiti
41116026	4	41116000		Gaz-sıvı kromatografisi ve kütle spektrometrisi analizörü reaktifi
41116027	4	41116000		Nükleik asit ekstraksiyon izolasyon ve saflaştırma analizörü reaktifi ve kiti
41116029	4	41116000		Anti-B serumu, monoklonal
41116100	3	41110000		Manuel test kitleri ve kalite kontrolleri ve kalibratörleri ve standartları
41116101	4	41116100		Kan bankası test kitleri veya malzemeleri
41116102	4	41116100		Kan bankası reaktifleri veya çözeltileri
41116103	4	41116100		Kan bankası kalite kontrolleri veya kalibratörleri veya standartları
41116104	4	41116100		Kimya test kitleri veya malzemeleri
41116105	4	41116100		Kimya reaktifleri veya çözeltileri
41116106	4	41116100		Kimya test şeritleri veya test kağıdı
41116107	4	41116100		Kimya kalite kontrolleri veya kalibratörleri veya standartları
41116108	4	41116100		Koagülasyon test kitleri veya malzemeleri
41116109	4	41116100		Koagülasyon reaktifleri veya çözeltileri
41116110	4	41116100		Koagülasyon kalite kontrolleri veya kalibratörleri veya standartları
41116111	4	41116100		Sitoloji test kitleri veya malzemeleri
41116112	4	41116100		Sitoloji kalite kontrolleri veya kalibratörleri veya standartları
41116113	4	41116100		Sitoloji reaktifleri veya çözeltileri veya boyaları
41116116	4	41116100		Çevre test kitleri veya malzemeleri
41116117	4	41116100		Çevre reaktifleri veya çözeltileri veya boyaları
41116118	4	41116100		Gıda test kitleri veya malzemeleri
41116119	4	41116100		Gıda test kiti reaktifleri veya çözeltileri veya boyaları
41116120	4	41116100		Hematoloji test kitleri veya malzemeleri
41116121	4	41116100		Hematoloji reaktifleri veya çözeltileri veya boyaları
41116122	4	41116100		Hematoloji kalite kontrolleri veya kalibratörleri veya standartları
41116123	4	41116100		Histoloji test kitleri veya malzemeleri
41116124	4	41116100		Histoloji reaktifleri veya çözeltileri veya boyaları
41116125	4	41116100		Histoloji kalite kontrolleri veya kalibratörleri veya standartları
41116126	4	41116100		İmmünoloji veya seroloji test kitleri veya malzemeleri
41116127	4	41116100		İmmünoloji veya seroloji reaktifleri veya çözeltileri veya boyaları
41116128	4	41116100		İmmünoloji veya seroloji kalite kontrolleri veya kalibratörleri veya standartları
41116129	4	41116100		Mikrobiyoloji veya bakteriyoloji test kitleri veya malzemeleri
41116130	4	41116100		Mikrobiyoloji veya bakteriyoloji reaktifleri veya çözeltileri veya boyaları
41116131	4	41116100		Mikrobiyoloji veya bakteriyoloji tanımlama veya duyarlılık diskleri veya panelleri
41116132	4	41116100		Mikrobiyoloji veya bakteriyoloji kalite kontrolleri veya kalibratörleri veya standartları
41116133	4	41116100		Moleküler biyoloji test kitleri veya malzemeleri
41116134	4	41116100		Moleküler biyoloji reaktifleri veya çözeltileri veya boyaları
41116135	4	41116100		Moleküler biyoloji kalite kontrolleri veya kalibratörleri veya standartları
41116136	4	41116100		İdrar analizi test kitleri veya malzemeleri
41116137	4	41116100		İdrar analizi reaktifleri veya çözeltileri veya boyaları
41116138	4	41116100		İdrar analizi test şeritleri
41116139	4	41116100		İdrar analizi kalite kontrolleri veya kalibratörleri veya standartları
41116140	4	41116100		Parazitoloji veya mikoloji test kitleri veya malzemeleri
41116141	4	41116100		Parazitoloji veya mikoloji reaktifleri veya çözeltileri veya boyaları
41116142	4	41116100		Parazitoloji veya mikoloji besiyeri
41116143	4	41116100		Parazitoloji veya mikoloji kalite kontrolleri veya kalibratörleri veya standartları
41116144	4	41116100		Viroloji test kitleri veya malzemeleri
41116145	4	41116100		Viroloji kalite kontrolleri veya kalibratörleri veya standartları
41116146	4	41116100		Toksikoloji test kitleri veya malzemeleri
41116147	4	41116100		Toksikoloji kalite kontrolleri veya kalibratörleri veya standartları
41116148	4	41116100		Akış sitometrisi test kitleri veya malzemeleri
41116149	4	41116100		Limulus amebosit lizat LAL test cihazı
41116150	4	41116100		Androjenite ve fertilite test kitleri ve malzemeleri
41116151	4	41116100		Androjenite ve fertilite kalite kontrolleri ve kalibratörleri ve standartları
41116152	4	41116100		Akış sitometrisi kalite kontrolleri ve kalibratörleri ve standartları
41116153	4	41116100		İmmünohistokimya kalite kontrolleri ve kalibratörleri ve standartları
41116154	4	41116100		Parçacık sayacı ve boyutlandırıcı kalite kontrolleri ve kalibratörleri ve standartları
41116155	4	41116100		Moleküler biyoloji ve hücre kültürü büyüme besiyeri
41116156	4	41116100		Viroloji reaktifleri veya çözeltileri veya boyaları
41116157	4	41116100		Viroloji hücre ve doku kültürü besiyeri
41116158	4	41116100		Enzim bağlı immünosorbent testi ELISA kiti
41116159	4	41116100		Nakil tanı test kiti
41116160	4	41116100		Nakil tanı reaktifi veya çözeltisi
41116161	4	41116100		Çoklu yöntem immünboyama tespiti uygulaması için primer ve sekonder antikorlar
41116162	4	41116100		Androjenite ve fertilite reaktifi veya çözeltisi veya boyası
41116163	4	41116100		Pipetör verme manuel kalibrasyon ve doğrulama test kiti
41116164	4	41116100		Laboratuvar yeterlilik değerlendirmesi veya laboratuvar performans iyileştirme takibi için test kiti veya probu
41116165	4	41116100		Manuel kan kültürü sistemi
41116166	4	41116100		pH ölçeri ve iletkenlik ölçeri kalibrantı ve standardı
41116167	4	41116100		Radyometrik tespit için radyo işaretli kimyasal
41116200	3	41110000		Hasta başı (point of care) test malzemeleri ve ekipmanları
41116201	4	41116200		Glukoz monitörleri veya ölçerleri
41116202	4	41116200		Kolesterol monitörleri veya ölçerleri
41116203	4	41116200		Monitör veya ölçer aksesuarları
41116205	4	41116200		Hızlı test kitleri
41116206	4	41116200		Laboratuvar testi için tanısal içecekler
41116207	4	41116200		Hemoglobin veya hematokrit monitörü veya ölçeri
41116208	4	41116200		Kan kimyası çok parametreli monitör veya ölçer
41116209	4	41116200		Kan koagülasyonu çok parametreli monitör veya ölçer
41116210	4	41116200		Metabolik bozukluk nefes ölçer monitör veya ölçeri
41116211	4	41116200		Etanol nefes ölçer (breathalyzer)
41116212	4	41116200		Monitör veya ölçer kalite kontrolleri kalibratörleri veya standartları
41116213	4	41116200		Glikozillenmiş hemoglobin HbA1c testi ölçeri
41116214	4	41116200		Glikozillenmiş hemoglobin HbA1c testi ölçeri aksesuarları
41116215	4	41116200		Glukoz testi monitörü veya ölçeri aksesuarları
41116216	4	41116200		Kan kurşunu testi monitörü veya ölçeri
41116217	4	41116200		Kan kurşunu testi monitörü veya ölçeri aksesuarları
41116218	4	41116200		Kardiyak belirteç paneli testi monitörü veya ölçeri
41116219	4	41116200		Kardiyak belirteç paneli testi monitörü veya ölçeri aksesuarları
41116220	4	41116200		Lipid profili veya riskli karaciğer enzimi testi monitörü veya ölçeri
41116221	4	41116200		Lipid profili veya riskli karaciğer enzimi testi monitörü veya ölçeri aksesuarları
41116222	4	41116200		Kan bilirubin testi monitörü veya ölçeri
41116223	4	41116200		Kan bilirubin testi monitörü veya ölçeri aksesuarları
41116224	4	41116200		Glukoz ve beta hemoglobin testi monitörü veya ölçeri aksesuarları
41116225	4	41116200		Çok parametreli monitör
41116300	3	41110000		Laboratuvar parlama noktası test cihazları
41116301	4	41116300		Parlama noktası test cihazları
41116302	4	41116300		Yanmazlık test cihazı
41116303	4	41116300		Tutuşabilirlik test cihazı
41116304	4	41116300		Yangın noktası test cihazı
41116400	3	41110000		İvme ve titreşim ölçüm cihazları
41116500	3	41110000		Cihaz parçaları ve aksesuarları
41116501	4	41116500		Sayaç kadranları veya kadran kitleri
41116502	4	41116500		Elektrik klipsi
41120000	2	41000000		Laboratuvar malzemeleri ve donanımları
41121500	3	41120000		Pipetler ve sıvı işleme ekipmanları ve malzemeleri
41121501	4	41121500		Robotik veya otomatik sıvı işleme sistemleri
41121502	4	41121500		Laboratuvar seyrelticileri
41121503	4	41121500		Manuel çok kanallı hava deplasmanlı pipetörler
41121504	4	41121500		Manuel tek kanallı hava deplasmanlı pipetörler
41121505	4	41121500		Manuel tek kanallı pozitif deplasmanlı pipetörler
41121506	4	41121500		Manuel tek kanallı tekrarlı pipetörler
41121507	4	41121500		Elektronik tek kanallı pipetörler
41121508	4	41121500		Elektronik çok kanallı pipetörler
41121509	4	41121500		Pasteur veya transfer pipetleri
41121510	4	41121500		Volumetrik pipetler
41121511	4	41121500		Serolojik pipetler
41121513	4	41121500		Damlatma pipetleri
41121514	4	41121500		Pipet pompaları
41121515	4	41121500		Pipet puarları
41121516	4	41121500		Şişe üstü dağıtıcıları
41121517	4	41121500		Pipetör iç parçaları veya aksesuarları
41121518	4	41121500		Aspirasyon pipeti
41121519	4	41121500		Pozitif deplasmanlı tekrarlı pipetör
41121520	4	41121500		Otomatik flakon veya tüp kapak açıcı kapatıcısı
41121521	4	41121500		Otomatik sıvı işleme sistemi aksesuarları
41121522	4	41121500		Pipetör reaktif haznesi
41121523	4	41121500		PPR Aşısı için Steril Sulandırıcılar
41121600	3	41120000		Pipet uçları
41121601	4	41121600		Filtreli pipet uçları
41121602	4	41121600		Aerosol bariyerli pipet uçları
41121603	4	41121600		Düşük tutmalı pipet uçları
41121604	4	41121600		Referans pipet uçları
41121605	4	41121600		Ultramikro pipet uçları
41121606	4	41121600		Jel yükleme pipet uçları
41121607	4	41121600		Üniversal pipet uçları
41121608	4	41121600		Robotik pipet uçları
41121609	4	41121600		Değişken hacimli pipet uçları
41121610	4	41121600		Tekrarlı pipetör hazne pipet ucu
41121700	3	41120000		Deney tüpleri
41121701	4	41121700		Çok amaçlı veya genel test tüpleri
41121702	4	41121700		Mikrosantrifüj tüpleri
41121703	4	41121700		Santrifüj tüpleri
41121704	4	41121700		Kriyojenik tüpler
41121705	4	41121700		Nükleer manyetik rezonans NMR tüpleri
41121706	4	41121700		Kültür tüpleri
41121707	4	41121700		Ayırıcı test tüpleri
41121708	4	41121700		Antikoagülanlı test tüpleri
41121709	4	41121700		Kapiler veya hematokrit tüpler
41121710	4	41121700		Test tüpü kapatıcıları veya kapakları
41121711	4	41121700		İdrar analizi test tüpleri veya aksesuarları
41121712	4	41121700		Viskozimetre tüpü
41121713	4	41121700		Kum boyutu analizörü
41121714	4	41121700		Küme tüpü veya tüp şeridi veya kapağı
41121715	4	41121700		Numune taşıma tüpü veya alikot tüpü
41121800	3	41120000		Genel laboratuvar cam eşyaları ve plastik eşyaları ve malzemeleri
41121801	4	41121800		Laboratuvar saat camları
41121802	4	41121800		Laboratuvar karıştırma çubukları
41121803	4	41121800		Laboratuvar beherleri
41121804	4	41121800		Laboratuvar erlenleri (balon)
41121805	4	41121800		Laboratuvar dereceli silindirleri (mezür)
41121806	4	41121800		Laboratuvar flakonları
41121807	4	41121800		Laboratuvar ampulleri
41121808	4	41121800		Laboratuvar büretleri
41121809	4	41121800		Laboratuvar hunileri
41121810	4	41121800		Laboratuvar boyama kapları veya kavanozları
41121811	4	41121800		Laboratuvar mikrokimya kitleri
41121812	4	41121800		Laboratuvar kapları (petri)
41121813	4	41121800		Küvetler (cuvette)
41121814	4	41121800		Laboratuvar kapakları veya lamelleri
41121815	4	41121800		Laboratuvar adaptörleri veya konnektörleri veya bağlantı parçaları
41121816	4	41121800		Laboratuvar cam tüpü
41121817	4	41121800		Cam fanus (bell jar)
41121818	4	41121800		Laboratuvar depolama şişesi
41121819	4	41121800		Laboratuvar damlalık şişesi ve damlalık kapağı
41121820	4	41121800		Laboratuvar karboy veya musluğu
41121821	4	41121800		Flakon kapatma kapağı veya mührü veya tıpası
41122000	3	41120000		Laboratuvar veya numune şırıngaları
41122001	4	41122000		Kromatografi şırıngaları
41122002	4	41122000		Kromatografi şırınga iğneleri
41122003	4	41122000		Şırınga adaptörleri veya aksesuarları
41122004	4	41122000		Numune alma şırıngaları
41122100	3	41120000		Doku kültürü ve yüksek verimli tarama malzemeleri
41122101	4	41122100		Petri plakaları veya kapları
41122102	4	41122100		Çok kuyulu plakalar
41122103	4	41122100		Hücre kazıyıcıları
41122104	4	41122100		Doku kültürü erlenleri (flask)
41122105	4	41122100		Silindirik şişeler (roller bottle)
41122106	4	41122100		Aşılama cihazları
41122107	4	41122100		Doku kültürü kaplamalı plakalar veya kaplar
41122108	4	41122100		Mikrobiyoloji aşılama özleri veya iğneleri
41122109	4	41122100		Petri pedleri
41122110	4	41122100		Petri pedi dağıtıcısı
41122111	4	41122100		Doku kültürü bölmeli lamı
41122112	4	41122100		Hücre kültürü cam kapiler tüpü
41122113	4	41122100		Kapiler pipet veya tüp çekici
41122114	4	41122100		İn situ kültür toplayıcısı
41122200	3	41120000		Potalar
41122201	4	41122200		Cam potalar
41122202	4	41122200		Seramik potalar
41122203	4	41122200		Metal potalar
41122300	3	41120000		Laboratuvar tezgah koruyucuları ve astarları
41122301	4	41122300		Tezgah koruyucuları veya astarları
41122400	3	41120000		Laboratuvar gereçleri
41122401	4	41122400		Manyetik karıştırıcı çubukları veya boncukları
41122402	4	41122400		Manyetik karıştırıcı çubuk toplayıcıları
41122403	4	41122400		Laboratuvar spatulaları
41122404	4	41122400		Laboratuvar maşaları
41122405	4	41122400		Laboratuvar pensetleri
41122406	4	41122400		Laboratuvar bıçakları
41122407	4	41122400		Laboratuvar neşterleri (skalpel)
41122408	4	41122400		Laboratuvar makasları
41122409	4	41122400		Laboratuvar aletleri
41122410	4	41122400		Laboratuvar sızdırmazlık filmi
41122411	4	41122400		Laboratuvar zamanlayıcıları veya saatleri
41122412	4	41122400		Laboratuvar tüp sızdırmazlık maddeleri
41122413	4	41122400		Laboratuvar kelepçeleri
41122414	4	41122400		Laboratuvar kaşığı
41122415	4	41122400		Santrifüjlü biyoseparasyon kristalleri
41122416	4	41122400		Neşter bıçağı ve bıçak ağzı sökücü
41122417	4	41122400		Kan damlası dağıtma cihazı
41122418	4	41122400		Donör kan ünitesi segment numune alıcısı
41122419	4	41122400		Laboratuvar kepçesi
41122420	4	41122400		Laboratuvar şişe taşıyıcısı
41122421	4	41122400		Erlen halka stabilizatörü veya ağırlığı
41122500	3	41120000		Laboratuvar mantarları ve tıpaları ve aksesuarları
41122501	4	41122500		Laboratuvar mantarları
41122502	4	41122500		Laboratuvar tıpaları
41122503	4	41122500		Laboratuvar mantar deliciler
41122600	3	41120000		Laboratuvar mikroskop lamları ve malzemeleri
41122601	4	41122600		Mikroskop lamları
41122602	4	41122600		Mikroskop lam lamelleri
41122603	4	41122600		Mikroskop lens kağıdı
41122604	4	41122600		Hemositometreler
41122605	4	41122600		Mikroskop immersiyon yağı
41122606	4	41122600		Mikroskop lam dağıtıcıları
41122607	4	41122600		Mikroskop lens temizleme çözeltisi
41122608	4	41122600		Hemositometre kapak camı
41122700	3	41120000		Laboratuvar bantları ve etiketleri
41122701	4	41122700		Lam veya numune etiketleri
41122702	4	41122700		Etiketleme bantları
41122703	4	41122700		Güvenlik bantları
41122704	4	41122700		Kurcalamaya karşı korumalı bantlar
41122800	3	41120000		Laboratuvar sehpaları ve rafları ve tepsileri
41122801	4	41122800		Pipet rafları veya sehpaları
41122802	4	41122800		Mikroskop lam rafları
41122803	4	41122800		Sedimantasyon tüpü rafları veya sehpaları
41122804	4	41122800		Test tüpü rafları
41122805	4	41122800		Kurutma rafları
41122806	4	41122800		Kriyo rafları
41122807	4	41122800		Diseksiyon tepsileri
41122808	4	41122800		Genel amaçlı tepsiler
41122809	4	41122800		Petri kabı rafları
41122810	4	41122800		Tezgah üstü reaktif depolama rafı
41122811	4	41122800		Test ve kültür tüpü dağıtıcısı
41123000	3	41120000		Laboratuvar desikatörleri ve kurutucu maddeler
41123001	4	41123000		Kavanoz desikatörleri
41123002	4	41123000		Dolap desikatörleri
41123003	4	41123000		Kurutucu maddeler (desikant)
41123004	4	41123000		Vakum desikatörleri
41123005	4	41123000		Mikrobiyal duyarlılık diski kurutucu depolama kabı
41123006	4	41123000		Desikatör aksesuarları
41123100	3	41120000		Laboratuvar diyaliz malzemeleri
41123101	4	41123100		Diyaliz tüpleri
41123102	4	41123100		Diyaliz kelepçeleri
41123103	4	41123100		Diyaliz kaseti
41123104	4	41123100		Diyaliz membranı
41123105	4	41123100		Diyaliz kaseti tutucusu
41123106	4	41123100		Diyaliz erleni
41123200	3	41120000		Korunmuş numuneler ve malzemeleri
41123201	4	41123200		Korunmuş hazır lamlar
41123202	4	41123200		Korunmuş hayvanlar ve organizmalar
41123203	4	41123200		Viroloji stok kontrol kültürü
41123204	4	41123200		Mikrobiyal kalite kontrol QC referans organizması
41123300	3	41120000		Genel laboratuvar depolama kapları ve dolapları
41123302	4	41123300		Mikroskop lam kutuları veya dosyaları
41123303	4	41123300		Mikroskop lam dolapları
41123304	4	41123300		Kriyojenik depolama kutuları
41123305	4	41123300		Histoloji veya doku kaseti dolapları
41123306	4	41123300		Histoloji doku kaseti aksesuarları
41123307	4	41123300		Histoloji doku kaseti depolama tepsisi veya kutusu
41123308	4	41123300		Pipet depolama kabı veya kutusu
41123309	4	41123300		Pasteur veya transfer pipeti dağıtıcısı
41123310	4	41123300		Kan toplama tüpü dağıtıcısı
41123311	4	41123300		Flebotomi alanı organizasyon rafı ve dağıtıcısı
41123312	4	41123300		Moleküler biyoloji platformu için biyoproses kabı veya torbası
41123313	4	41123300		Histoloji numune kabı depolama tepsisi
41123314	4	41123300		Mikroskop lamı ve doku dolabı işaretleyicisi ve aksesuarları
41123400	3	41120000		Dozaj cihazları
41123401	4	41123400		Dozaj kapları
41123402	4	41123400		Dozaj kaşıkları
41123403	4	41123400		Dozaj damlalıkları
41150000	2	41000000		Klinik laboratuvar ve toksikoloji test sistemleri, bileşenleri ve malzemeleri
41151500	3	41150000		Klinik laboratuvar ve toksikoloji test sistemleri, bileşenleri ve malzemeleri
41151600	3	41150000		Klinik laboratuvar cihazları
41151629	4	41151600		Laboratuvar tarama testi kiti
41170000	2	41000000		Tanısal ve mikrobiyolojik cihazlar
41171600	3	41170000		Mikrobiyoloji cihazları
42000000	1		E	Tıbbi Ekipmanlar ve Aksesuarları ve Malzemeleri
42120000	2	42000000		Veteriner ekipmanları ve malzemeleri
42121500	3	42120000		Veteriner ekipmanları
42121501	4	42121500		Veteriner tansiyon test cihazları
42121506	4	42121500		Veteriner cerrahi alet ve malzeme setleri
42121507	4	42121500		Veteriner enjeksiyon veya emme üniteleri veya aksesuarları
42121518	4	42121500		Veteriner tıbbi ekipman setleri
42121600	3	42120000		Veteriner ürünleri
42121700	3	42120000		Veteriner klinik mobilyaları
42121800	3	42120000		Veteriner suni tohumlama ekipmanları ve malzemeleri
42130000	2	42000000		Tıbbi giysiler ve tekstil ürünleri
42131500	3	42130000		Hasta giysileri
42131501	4	42131500		Hasta önlükleri
42131502	4	42131500		Hasta başlıkları
42131503	4	42131500		Hasta muayene pelerinleri
42131504	4	42131500		Hasta gömlekleri
42131505	4	42131500		Hasta bebek gömlekleri veya yelekleri
42131506	4	42131500		Hasta ceketleri
42131507	4	42131500		Hasta terlikleri veya çorapları
42131508	4	42131500		Hasta pijamaları
42131509	4	42131500		Hastane sabahlıkları
42131510	4	42131500		Hasta pantolonları
42131511	4	42131500		Hidroterapi giysileri
42131512	4	42131500		Hasta bebek başlıkları veya bebek başlığı malzemesi
42131600	3	42130000		Tıbbi personel giysileri ve ilgili ürünler
42131601	4	42131600		Tıbbi personel önlükleri
42131602	4	42131600		Tıbbi personel sakal örtüleri
42131603	4	42131600		Tıbbi personel bluzları veya iş önlükleri
42131604	4	42131600		Tıbbi personel büzgülü bone başlıkları
42131607	4	42131600		Tıbbi personel ceketleri veya montları
42131608	4	42131600		Tıbbi personel cerrahi giysileri (scrub)
42131609	4	42131600		Tıbbi personel ayakkabı kılıfları
42131610	4	42131600		Tıbbi personel kolluk koruması
42131611	4	42131600		Cerrah başlıkları veya kukuletaları
42131612	4	42131600		Tıbbi personel izolasyon veya örtü önlükleri
42131613	4	42131600		Tıbbi personel göz siperleri veya vizörleri
42131700	3	42130000		Cerrahi tekstil ürünleri
42131701	4	42131700		Cerrahi örtüler
42131702	4	42131700		Cerrahi önlükler
42131704	4	42131700		Cerrahi havlular
42131706	4	42131700		Cerrahi tulumlar ve tek parça tulumlar
42131707	4	42131700		Cerrahi izolasyon kıyafetleri veya kaskları veya kalkanları veya aksesuarları
42131708	4	42131700		Cerrahi temizlik veya oda devir paketleri veya kitleri
42131709	4	42131700		Cerrahi kolluklar
42131711	4	42131700		Cerrahi baş örtüleri
42131713	4	42131700		Cerrahi izolasyon veya cerrahi maskeler
42131716	4	42131700		Cerrahi ayakkabı kılıfları
42131721	4	42131700		Cerrahi enstrüman keseleri
42132100	3	42130000		Hastane temizlik tekstilleri
42132101	4	42132100		Hastane alt pedleri
42132102	4	42132100		Tıbbi sedye çarşafları
42132103	4	42132100		Hasta bariyer örtüleri
42132104	4	42132100		Hastane yastıkları
42132105	4	42132100		Hastane çarşafları veya yatak örtüleri
42132106	4	42132100		Hastane yatak örtüleri veya nevresimleri
42132107	4	42132100		Hastane battaniyeleri veya yorganları
42132108	4	42132100		Hastane yastık kılıfları
42132109	4	42132100		Hastane banyo paspasları
42132110	4	42132100		Hastane yatak etekleri veya fırfırları
42132111	4	42132100		Hastane biyolojik tehlike torbaları
42132112	4	42132100		Hastane bloke veya sepet veya çamaşır torbaları
42132113	4	42132100		Hastane temizleme veya oda devir kitleri
42132114	4	42132100		Hastane havluları
42132115	4	42132100		Hastane duvar kaplamaları
42132116	4	42132100		Hastane pencere düzenlemeleri
42132200	3	42130000		Tıbbi eldivenler ve aksesuarları
42132201	4	42132200		Batofenantrolin, Kolorimetri, Demir (Non-Hem)
42132202	4	42132200		Parmak kılıfları (finger cot)
42132203	4	42132200		Tıbbi muayene veya cerrahi olmayan prosedür eldivenleri
42132204	4	42132200		Tıbbi eldiven astarları
42132205	4	42132200		Cerrahi eldivenler
42132300	3	42130000		Hastalık önleme tekstilleri
42132301	4	42132300		İnsektisitle işlenmiş cibinlik
42132302	4	42132300		İnsektisitle işlenmemiş cibinlik
42132303	4	42132300		İnsektisitle işlenmiş kumaş
42140000	2	42000000		Hasta bakımı ve tedavisi ürünleri ve malzemeleri
42141500	3	42140000		Aplikatör çubukları ve pamuk topları
42141501	4	42141500		Pamuk veya elyaf topları
42141502	4	42141500		Elyaf uçlu çubuklar
42141503	4	42141500		Cilt hazırlama mendilleri
42141504	4	42141500		İlaçlı aplikatörler veya emiciler
42141507	4	42141500		Alkol ve Klorheksidin içeren Antiseptik Mendil
42141600	3	42140000		Leğenler ve sürgüler ve idrar kapları ve kabul kitleri
42141601	4	42141600		Hasta bakımı kabul kitleri
42141602	4	42141600		Sürgüler (bedpan)
42141603	4	42141600		Kusma leğenleri
42141605	4	42141600		Tıbbi karıştırma veya çözelti leğenleri veya kaseleri
42141606	4	42141600		Tıbbi çok amaçlı leğenler
42141607	4	42141600		Hasta ördekleri (idrar)
42141608	4	42141600		Sürgü astarları veya torbaları
42141700	3	42140000		Bası yarası önleme ürünleri
42141800	3	42140000		Elektroterapi ekipmanları
42141801	4	42141800		Elektroterapi kombinasyon üniteleri
42141802	4	42141800		Elektroterapi elektrotları
42141803	4	42141800		Elektroterapi kablo telleri
42141804	4	42141800		Galvanik veya faradik stimülatörler
42141805	4	42141800		Nöromüsküler stimülatörler veya kitleri
42141806	4	42141800		Diyatermi üniteleri
42141807	4	42141800		Transkutanöz elektriksel sinir uyarımı TENS üniteleri
42141808	4	42141800		Diyatermi elektrotları
42141809	4	42141800		Kas stimülatörü kablo setleri
42141810	4	42141800		İyontoforez elektrotları
42141811	4	42141800		Ekstrakorporeal şok dalgası terapisi sistemleri
42141812	4	42141800		Elektriksel uyarım için statik elektrik jeneratörleri
42141813	4	42141800		Elektrokonvülsif cihazlar
42141814	4	42141800		Statik elektrik stimülatörleri
42141815	4	42141800		Yüksek frekanslı elektromanyetik dalga stimülatörleri
42141816	4	42141800		Elektromanyetik terapi stimülatörleri
42141817	4	42141800		Manyetoterapi darbe stimülatörleri
42141822	4	42141800		Elektroterapi lazer sistemleri
42141900	3	42140000		Lavman uygulama malzemeleri
42141903	4	42141900		Lavman kitleri
42141904	4	42141900		Lavman aksesuarları
42141905	4	42141900		Lavman sabunları
42142100	3	42140000		Sıcak ve soğuk terapi ürünleri
42142101	4	42142100		Sıcak veya soğuk terapi ürünleri için kılıflar
42142102	4	42142100		Tıbbi soğuk depolama soğutma üniteleri
42142103	4	42142100		Tıbbi ısı lambaları
42142104	4	42142100		Tıbbi hidrokollatörler
42142105	4	42142100		Terapötik ısıtma veya soğutma üniteleri veya sistemleri
42142106	4	42142100		Terapötik ısıtma veya soğutma battaniyeleri veya örtüleri
42142107	4	42142100		Terapötik kriyo kompresyon terapisi sistemleri
42142108	4	42142100		Terapötik ısıtma veya soğutma pedleri veya kompresleri veya paketleri
42142109	4	42142100		Terapötik sıcak veya soğuk terapi eldivenleri
42142110	4	42142100		Terapötik sıcak veya soğuk su torbaları
42142111	4	42142100		Terapötik buz torbaları veya yastıkları
42142112	4	42142100		Terapötik parafin banyoları
42142113	4	42142100		Terapötik sinüs maskeleri
42142114	4	42142100		Terapötik sıcak veya soğuk terapi pantolonları
42142119	4	42142100		Hipotermi aparatı
42142120	4	42142100		Terapötik kriyo kompresyon terapisi manşonları
42142121	4	42142100		Nemli buhar kabinleri
42142200	3	42140000		Hidroterapi ürünleri
42142300	3	42140000		Tıbbi dokümantasyon ürünleri
42142301	4	42142300		Genel kullanım tıbbi etiketler
42142302	4	42142300		Tıbbi kağıt çizelge sistemleri
42142303	4	42142300		Hasta tanımlama ve bilgi ürünleri
42142500	3	42140000		Enjeksiyon ve aspirasyon iğneleri ve aksesuarları
42142501	4	42142500		Amniyosentez iğneleri
42142502	4	42142500		Anestezi iğneleri
42142503	4	42142500		Arteriyel iğneler
42142504	4	42142500		Biyopsi iğneleri
42142506	4	42142500		Künt iğneler
42142509	4	42142500		Epidural anestezi kiti veya tepsisi
42142510	4	42142500		Filtre iğneleri
42142511	4	42142500		İğne kapakları veya koruma cihazları
42142512	4	42142500		Fistül iğneleri
42142513	4	42142500		Radyoloji prosedür iğneleri
42142514	4	42142500		Spinal anestezi kitleri veya tepsileri
42142516	4	42142500		Havalandırmalı iğneler
42142518	4	42142500		Biyopsi aspiratörü ürünleri
42142519	4	42142500		İğne kılavuzları
42142520	4	42142500		Dağıtma pimleri veya iğneleri
42142521	4	42142500		Kan toplama iğneleri
42142523	4	42142500		Hipodermik iğne
42142525	4	42142500		İrrigasyon iğneleri
42142527	4	42142500		İğne temizleme telleri
42142528	4	42142500		Sternum delme iğneleri veya setleri
42142529	4	42142500		İğne tepsileri veya tutucuları
42142530	4	42142500		Tanısal prosedür iğneleri
42142531	4	42142500		İğne veya bıçak veya keskin atık bertaraf kapları veya arabaları
42142532	4	42142500		Perikardiyosentez iğneleri veya kitleri
42142533	4	42142500		İntravenöz veya arteriyel uygulama portları için iğne
42142534	4	42142500		İntraosseöz iğneler
42142535	4	42142500		Anestezi sinir bloğu tepsileri veya iğneleri
42142536	4	42142500		Torasentez veya parasentez iğneleri ve kateterleri
42142537	4	42142500		Torasentez setleri veya tepsileri
42142538	4	42142500		Parasentez setleri veya tepsileri
42142600	3	42140000		Şırıngalar ve aksesuarları
42142601	4	42142600		Tıbbi aspirasyon veya irrigasyon şırıngaları
42142602	4	42142600		Tıbbi puar şırıngaları
42142603	4	42142600		Tıbbi kartuş şırıngaları
42142604	4	42142600		Tıbbi kateter uçlu şırıngalar
42142605	4	42142600		Tıbbi kulak şırıngaları
42142606	4	42142600		Tıbbi dozlu verme şırıngaları
42142607	4	42142600		Tıbbi mikro şırıngalar
42142608	4	42142600		İğnesiz tıbbi şırıngalar
42142609	4	42142600		İğneli tıbbi şırıngalar
42142610	4	42142600		Oral sıvı ilaç şırıngaları
42142611	4	42142600		Tüberkülin şırıngaları
42142612	4	42142600		İrrigasyon şırınga setleri
42142613	4	42142600		Enjeksiyon tabancaları
42142614	4	42142600		Hipodermik enjeksiyon aparatı
42142615	4	42142600		Şırınga aksesuarları
42142616	4	42142600		Kan toplama şırıngaları
42142617	4	42142600		Fıskiye şırıngaları
42142618	4	42142600		Kan gazı analizi şırınga kitleri
42142619	4	42142600		Önceden doldurulmuş yıkama şırıngaları
42142620	4	42142600		İntraosseöz iğne sürücüleri veya enjeksiyon tabancaları
42142627	4	42142600		İnsülin şırıngası
42142628	4	42142600		Şırınga Luer kayar uçlu
42142629	4	42142600		Şırınga ile besleme ENFit
42142630	4	42142600		Şırınga, KENDİNDEN DEVRE DIŞI iğneli
42142700	3	42140000		Üroloji malzemeleri
42142701	4	42142700		Suprapubik üriner kateterler veya kitleri
42142702	4	42142700		Üretral üriner kateterler
42142703	4	42142700		Üriner kateter tıpaları veya kelepçeleri
42142704	4	42142700		Üriner drenaj torbaları veya ölçerleri
42142705	4	42142700		Üriner drenaj torbası kayışları veya tutturucuları
42142706	4	42142700		Üroloji prosedür tepsileri veya paketleri veya kitleri
42142707	4	42142700		Üriner irrigasyon tüpleri
42142708	4	42142700		Üroloji enstrümanı adaptörleri
42142709	4	42142700		Nefrostomi setleri
42142710	4	42142700		Üriner drenaj tüpleri
42142712	4	42142700		Taş çıkarma setleri
42142713	4	42142700		Üroloji kılıfları veya setleri
42142714	4	42142700		Üroloji perkolatörleri
42142715	4	42142700		Üriner kateterizasyon kitleri
42142716	4	42142700		Peser cihazları
42142717	4	42142700		Nefrostomi kateterleri veya drenleri
42142718	4	42142700		Penil destek ve uzatma cihazları
42142719	4	42142700		Üretrotomlar
42142720	4	42142700		Erkek harici üriner kateterler
42142721	4	42142700		Üroloji kılavuz telleri veya glidewire'ları
42142733	4	42142700		Üreteral kateter veya kateter seti
42142734	4	42142700		Üroloji boşaltıcıları
42142736	4	42142700		Üroloji cerrahi kateterleri
42142800	3	42140000		Vasküler ve kompresyon terapisi ekipmanları ve malzemeleri
42142801	4	42142800		Vasküler sıralı kompresyon cihazları veya tüpleri
42142802	4	42142800		Vasküler veya kompresyon giysisi veya desteği
42142900	3	42140000		Görme düzeltme veya kozmetik gözlük ve ilgili ürünler
42142901	4	42142900		Gözlükler
42142902	4	42142900		Gözlük camları
42143100	3	42140000		Obstetrik ve jinekolojik ekipmanlar ve malzemeler
42143101	4	42143100		İntrauterin kateterler veya kateterizasyon kitleri
42143102	4	42143100		Uterus cihazları
42143103	4	42143100		Kadın kullanıcılar için kontraseptif cihazlar
42143104	4	42143100		Amniyosentez kitleri
42143105	4	42143100		Obstetrik çekme üniteleri
42143106	4	42143100		Jinekoloji drenaj kitleri
42143107	4	42143100		Perinometreler
42143108	4	42143100		Abdominal dekompresyon hazneleri
42143109	4	42143100		Kontraseptif cihaz çıkarıcıları
42143110	4	42143100		Perine ısıtıcıları
42143111	4	42143100		Fetal kan numune alıcıları veya toplama kitleri
42143112	4	42143100		Obstetrik vakum doğum sistemleri
42143113	4	42143100		Obstetrik-jinekolojik tubal oklüzyon valfleri
42143114	4	42143100		Obstetrik-jinekoloji abdominal dekompresyon hazneleri
42143115	4	42143100		Uterus manipülatörleri veya enjektörleri
42143116	4	42143100		İntrauterin basınç izleme kateterleri
42143117	4	42143100		Uterus cihazı aksesuarları
42143118	4	42143100		Transservikal intrauterin kitler
42143119	4	42143100		Kadın kullanıcılar için kontraseptif cihaz aksesuarları
42143120	4	42143100		Yoğun bakım fetal veya maternal izleme üniteleri
42143121	4	42143100		Fetal saçlı deri elektrotları
42143122	4	42143100		Amniyosentez kiti aksesuarları
42143123	4	42143100		Fetal elektroensefalografik monitörler
42143124	4	42143100		Obstetrik çekme ünitesi aksesuarları
42143125	4	42143100		Jinekoloji drenaj kiti aksesuarları
42143126	4	42143100		Obstetrik vakum doğum sistemi aksesuarları
42143127	4	42143100		Yoğun bakım fetal veya maternal izleme ünitesi aksesuarları
42143128	4	42143100		Fetal akustik stimülatörler
42143129	4	42143100		Fetal izleme transdüserleri
42143130	4	42143100		İntrauterin basınç izleme kabloları
42143131	4	42143100		İntrauterin basınç monitörleri
42143132	4	42143100		İntrauterin basınç kaydedicileri
42143133	4	42143100		İntrauterin basınç transdüserleri
42143134	4	42143100		Kuldosentez kitleri
42143135	4	42143100		Amniyosentez kancaları
42143136	4	42143100		Obstetrik Cerrahi Kit
42143200	3	42140000		Fertilite ve Sterilite tedavisi ekipmanları ve malzemeleri
42143201	4	42143200		Semen hazırlama kitleri
42143203	4	42143200		Suni tohumlama kateterleri
42143204	4	42143200		Embriyo transfer kateterleri
42143300	3	42140000		Kemoterapi ekipmanları ve malzemeleri
42143301	4	42143300		Kemoterapi uygulama setleri veya kitleri
42143302	4	42143300		Kemoterapi hazırlık matları
42143303	4	42143300		Kemoterapi taşıma torbaları
42143304	4	42143300		Kemoterapi hazırlık pedleri
42143400	3	42140000		Hiperhidroz kontrol ekipmanları ve malzemeleri
42143500	3	42140000		Kulak burun boğaz KBB tedavi ürünleri ve aksesuarları
42143516	4	42143500		Kulak burun boğaz KBB muayene ünitesi aksesuarları ve ilgili ürünler
42143523	4	42143500		Kulak tıkaçları
42143600	3	42140000		Sabitleyiciler ve aksesuarları
42143601	4	42143600		Sabitleme yelekleri ve ceketleri
42143602	4	42143600		Gövde ve kemer sabitleyicileri
42143603	4	42143600		Ekstremite sabitleyicileri
42143604	4	42143600		EMS olmayan baş sabitleyicileri
42143605	4	42143600		Sabitleme kayışları veya tokaları veya malzemeleri
42143606	4	42143600		Tüm vücut sabitleyicileri
42143607	4	42143600		Hasta hareket sensörleri veya alarmları
42143608	4	42143600		Hasta stabilizasyonu veya düşme önleme cihazları
42143609	4	42143600		Hasta sabitleme tahtaları
42143700	3	42140000		Fototerapi sistemleri ve aksesuarları
42143701	4	42143700		Fototerapi hava sirkülatörleri
42143702	4	42143700		Fototerapi battaniyeleri
42143703	4	42143700		Fototerapi ampulleri
42143704	4	42143700		Fototerapi ışık matları
42143705	4	42143700		Fototerapi hasta koruma cihazları
42143706	4	42143700		Fototerapi güç üniteleri
42143707	4	42143700		Fototerapi ısıtma yatakları
42143708	4	42143700		Fototerapi yelekleri
42143709	4	42143700		Görünür ışık radyatörleri
42143800	3	42140000		Üroloji basınç ölçüm cihazları ve malzemeleri ve ekipmanları
42143801	4	42143800		Sistometri sistemleri
42143802	4	42143800		Sistometri transdüserleri
42143803	4	42143800		Ürodinamik kateterler
42143900	3	42140000		Dışkı inkontinansı ürünleri
42143901	4	42143900		Dışkı inkontinansı toplama torbaları
42143902	4	42143900		Dışkı yönetimi sistemleri veya kitleri
42143903	4	42143900		Kolon kateterleri veya rektal tüpler
42144000	3	42140000		Harici işitme cihazı parçaları ve aksesuarları
42144100	3	42140000		Plevra boşluğu drenaj ürünleri
42144101	4	42144100		Plevra boşluğu drenaj üniteleri veya kapları
42144102	4	42144100		Göğüs tüpleri
42144103	4	42144100		Göğüs tüpü kitleri
42144200	3	42140000		Akupunktur ekipmanları
42144400	3	42140000		Cerrahi olmayan emme ürünleri
42144401	4	42144400		Trakeostomi ve nazal aspirasyon kitleri
42144406	4	42144400		Aspirasyon kateterleri
42144500	3	42140000		İktidarsızlık ve cinsel bozukluk cihazları ve malzemeleri
42150000	2	42000000		Diş ekipmanları ve malzemeleri
42151500	3	42150000		Estetik diş hekimliği ekipmanları ve malzemeleri
42151501	4	42151500		Estetik diş hekimliği kürleme ışıkları
42151502	4	42151500		Estetik diş hekimliği karıştırma kapları
42151503	4	42151500		Kronlar veya kron formları
42151504	4	42151500		Dental kaplamalar (veneer)
42151600	3	42150000		Diş ve alt uzmanlık aletleri ve cihazları
42151614	4	42151600		Dental frezeler (bur)
42151700	3	42150000		Dental klinik mobilyaları
42151800	3	42150000		Dental dolgular ve bitirme ve parlatma malzemeleri
42151900	3	42150000		Diş hijyeni ve koruyucu bakım ekipmanları ve malzemeleri
42151901	4	42151900		Diş plakası veya protez fırçaları
42152000	3	42150000		Dental görüntüleme ekipmanları ve malzemeleri
42152008	4	42152000		Dental X ışını üniteleri
42152016	4	42152000		Dental X ışını görüntüleyici aksesuarları
42152100	3	42150000		Dental ölçü ve şekillendirme ekipmanları ve malzemeleri
42152200	3	42150000		Dental laboratuvar ve sterilizasyon ekipmanları ve malzemeleri
42152300	3	42150000		Dental lazerler ve aydınlatma ve fiber optik ekipmanları ve malzemeleri
42152400	3	42150000		Dental malzemeler
42152423	4	42152400		Dental pit veya fissür örtücüleri
42152424	4	42152400		Dental simanlar
42152425	4	42152400		Protez reçineleri
42152434	4	42152400		Dental amalgamatörler
42152446	4	42152400		Diş kovukları astar veya incelttirici malzemeleri veya setleri
42152465	4	42152400		Dental yağlayıcılar
42152500	3	42150000		Genel dental malzemeler
42152501	4	42152500		Dental önceden monte edilmiş tek kullanımlık kitler veya tepsiler
42152502	4	42152500		Dental önlükler
42152503	4	42152500		Dental bariyer (rubber dam) malzemeleri
42152504	4	42152500		Dental pansumanlar
42152505	4	42152500		Dental muayene koltuğu baş dayanağı kılıfları
42152506	4	42152500		Dental emici peletler
42152507	4	42152500		Dental ruloları
42152508	4	42152500		Dental şırıngalar veya iğneler veya iğneli şırıngalar
42152509	4	42152500		Tek kullanımlık dental tepsi kılıfları
42152511	4	42152500		Dental kaplar
42152512	4	42152500		Dental maşalar
42152513	4	42152500		Dental ölçü kapları
42152600	3	42150000		Dental muayene odasına özel malzemeler
42152700	3	42150000		Ortodonti ve protez diş hekimliği ekipmanları ve malzemeleri
42152800	3	42150000		Periodontal ekipmanlar ve malzemeler
42152900	3	42150000		Dental ve alt uzmanlık enstrümanı ve cihaz aksesuarları
42152902	4	42152900		Dental matris için bantlar
42160000	2	42000000		Diyaliz ekipmanları ve malzemeleri
42161500	3	42160000		Periton ve dengeleme diyalizi ekipmanları ve malzemeleri
42161501	4	42161500		Sürekli ayaktan periton diyalizi CAPD transfer setleri
42161502	4	42161500		Periton diyalizatı ısıtıcıları
42161503	4	42161500		Periton diyalizi uygulama setleri
42161504	4	42161500		Periton diyalizi kateter adaptörleri veya kelepçeleri veya konnektörleri
42161505	4	42161500		Periton diyalizi drenaj torbaları veya kapları
42161506	4	42161500		Periton diyalizi kateterleri veya kalıcı erişim cihazları
42161507	4	42161500		Periton diyalizi çözeltileri
42161508	4	42161500		Periton diyalizi ünitesi kayışları veya askıları
42161509	4	42161500		Periton diyalizi üniteleri veya siklerleri
42161510	4	42161500		Periton lavajı kitleri
42161600	3	42160000		Ekstrakorporeal hemodiyaliz ekipmanları ve malzemeleri
42161601	4	42161600		Hemodiyaliz uygulama kitleri veya setleri
42161602	4	42161600		Hemodiyaliz kan torbası numune alıcıları
42161603	4	42161600		Hemodiyaliz kan oksijen talebi aparatı
42161604	4	42161600		Hemodiyaliz koltukları
42161605	4	42161600		Hemodiyaliz diyalizat iletkenlik ölçerleri
42161606	4	42161600		Hemodiyaliz diyalizat seviye dedektörleri
42161607	4	42161600		Hemodiyaliz diyalizat basınç pompaları
42161608	4	42161600		Hemodiyaliz diyalizat çözeltileri
42161609	4	42161600		Hemodiyaliz diyalizat tankları
42161610	4	42161600		Hemodiyaliz diyalizat tüpleri
42161611	4	42161600		Hemodiyaliz diyalizat ısıtma banyoları
42161612	4	42161600		Hemodiyaliz diyalizör selüloit filtreleri
42161613	4	42161600		Hemodiyaliz diyalizör kolodyum filtreleri
42161614	4	42161600		Hemodiyaliz diyalizör içi boş filament filtreleri
42161615	4	42161600		Hemodiyaliz diyalizör yeniden işleme sistemleri
42161616	4	42161600		Hemodiyaliz ünitesi hava kabarcığı veya köpük veya pıhtı dedektörleri veya tuzakları veya alarmları
42161617	4	42161600		Hemodiyaliz ünitesi arteriyel basınç monitörleri
42161618	4	42161600		Hemodiyaliz ünitesi kan hattı kelepçeleri
42161619	4	42161600		Hemodiyaliz ünitesi kan portu kapakları
42161620	4	42161600		Hemodiyaliz ünitesi kan pompaları
42161621	4	42161600		Hemodiyaliz ünitesi diyalizat portu kapakları
42161622	4	42161600		Hemodiyaliz ünitesi dezenfektanları veya temizleyicileri
42161623	4	42161600		Hemodiyaliz ünitesi heparin infüzyon pompaları
42161624	4	42161600		Hemodiyaliz ünitesi tek iğne kontrol cihazları
42161625	4	42161600		Hemodiyaliz ünitesi tek geçiş dönüştürücüleri
42161627	4	42161600		Hemodiyaliz ünitesi sıcaklık monitörleri
42161628	4	42161600		Hemodiyaliz ünitesi test ekipmanları
42161629	4	42161600		Hemodiyaliz ünitesi transdüser filtreleri
42161630	4	42161600		Hemodiyaliz ünitesi transdüser koruyucuları
42161631	4	42161600		Hemodiyaliz ünitesi su arıtma sistemleri
42161632	4	42161600		Hemodiyaliz üniteleri
42161633	4	42161600		Hemodiyaliz aparatı diyalizör membranları
42161634	4	42161600		Hemodiyaliz prosedür tepsileri
42161635	4	42161600		Hemodiyaliz aparatı kartuşları
42161659	4	42161600		Hemodiyaliz kateterleri
42161700	3	42160000		Hemofiltrasyon ekipmanları ve malzemeleri
42161701	4	42161700		Hemofiltreler
42161702	4	42161700		Hemofiltrat toplama torbaları
42161703	4	42161700		Hemofiltrasyon infüzyon portları
42161704	4	42161700		Hemofiltrasyon numune alma portları
42161800	3	42160000		Sürekli renal replasman tedavisi CRRT ekipmanları ve malzemeleri
42161900	3	42160000		Terapötik aferez ekipmanları ve malzemeleri
42170000	2	42000000		Mobil tıbbi hizmet ürünleri
42171500	3	42170000		Mobil tıbbi hizmet afet yönetimi ürünleri ve mobil tıbbi hizmet malzemeleri
42171501	4	42171500		Mobil tıbbi hizmet afet ceset torbaları
42171502	4	42171500		Mobil tıbbi hizmet triyaj etiketleri
42171503	4	42171500		Hasta tutma veya tahliye sistemi ısıtıcı üniteleri
42171600	3	42170000		Mobil tıbbi hizmet çıkarma ve sabitleme ve taşıma ürünleri
42171601	4	42171600		Mobil tıbbi hizmet hava tahliye sedyeleri
42171602	4	42171600		Mobil tıbbi hizmet ambulans sedyeleri
42171603	4	42171600		Mobil tıbbi hizmet anti-şok giysileri
42171604	4	42171600		Mobil tıbbi hizmet sepet sedyeleri
42171605	4	42171600		Mobil tıbbi hizmet kurtarma kemeri ilmekleri
42171606	4	42171600		Mobil tıbbi hizmet hava atelleri
42171607	4	42171600		Mobil tıbbi hizmet boyunluk veya çıkarma yakaları
42171608	4	42171600		Mobil tıbbi hizmet baş sabitleyicileri
42171609	4	42171600		Mobil tıbbi hizmet sabitleme veya omurga tahtası kayışları
42171610	4	42171600		Mobil tıbbi hizmet gövde sabitleyicileri
42171611	4	42171600		Mobil müdahale sedyeleri
42171612	4	42171600		Mobil tıbbi hizmet kepçe sedyeleri
42171613	4	42171600		Mobil tıbbi hizmet omurga tahtaları
42171614	4	42171600		Mobil tıbbi hizmet su kurtarma tüpleri
42171700	3	42170000		Mobil tıbbi hizmet battaniyeleri
42171701	4	42171700		Mobil veya kurtarma battaniyeleri
42171702	4	42171700		Mobil tıbbi hizmet ilk yardım battaniyeleri
42171703	4	42171700		Mobil tıbbi hizmet ısı kalkanı örtüleri veya battaniyeleri
42171704	4	42171700		Mobil tıbbi hizmet bebek kundakları
42171800	3	42170000		Mobil tıbbi hizmet hava yolu yönetimi ekipmanları
42171801	4	42171800		Mobil tıbbi hizmet anesteziyoloji orofaringeal hava yolları
42171805	4	42171800		Çene açıcılar
42171810	4	42171800		Mobil tıbbi hizmet oksijen jeneratörleri
42171900	3	42170000		Tıbbi ekipman çantaları ve kutuları ve taşıyıcıları ve ilgili ürünler
42171922	4	42171900		Ateller için kutular
42172000	3	42170000		Mobil tıbbi hizmet kitleri
42172001	4	42172000		Mobil tıbbi hizmet ilk yardım kitleri
42172002	4	42172000		Mobil tıbbi hizmet ilk müdahale kitleri
42172003	4	42172000		Mobil tıbbi hizmet intravenöz IV kitleri
42172004	4	42172000		Mobil tıbbi hizmet yaşam destek kitleri
42172005	4	42172000		Mobil tıbbi hizmet uzun mesafe müdahale LDR travma kitleri
42172006	4	42172000		Mobil tıbbi hizmet obstetri kitleri
42172008	4	42172000		Mobil tıbbi hizmet rapel kitleri
42172009	4	42172000		Mobil tıbbi hizmet arama ve kurtarma kitleri
42172010	4	42172000		Mobil tıbbi hizmet travma kitleri
42172011	4	42172000		Mobil tıbbi teknisyen EMT kitleri
42172014	4	42172000		Mobil tıbbi hizmet hasta taşıma kitleri veya malzemeleri
42172015	4	42172000		Mobil tıbbi hizmet diş tedavisi kitleri
42172016	4	42172000		Mobil tıbbi hizmet kırık kitleri
42172017	4	42172000		Mobil tıbbi hizmet saha tıbbi veya laboratuvar tıbbi ekipman kitleri veya ilgili ürünler
42172100	3	42170000		Mobil tıbbi hizmet resüsitasyon ürünleri
42172101	4	42172100		Mobil tıbbi hizmet otomatik harici defibrilatörler AED veya sert kürekler
42172103	4	42172100		Mobil resüsitatör veya aspiratör kitleri
42172104	4	42172100		Mobil tıbbi hizmet kardiyopulmoner resüsitasyon CPR tahtaları
42172105	4	42172100		Mobil tıbbi hizmet otomatik harici defibrilatör AED aksesuarları
42172106	4	42172100		Mobil tıbbi hizmet manuel resüsitatörler veya ventilatörler
42180000	2	42000000		Hasta muayene ve izleme ürünleri
42181500	3	42180000		Genel kullanım tanısal değerlendirme ve muayene ürünleri
42181501	4	42181500		Dil basacakları veya çubukları
42181502	4	42181500		Tıbbi muayene transilluminatörleri
42181503	4	42181500		Muayene veya kişisel kayganlaştırıcılar veya jeller
42181506	4	42181500		Cinsel saldırı belirleme kitleri
42181514	4	42181500		Hemoglobin fotometreleri
42181516	4	42181500		Elektromiyografi EMG üniteleri
42181541	4	42181500		Elektromiyograf elektrotları veya setleri
42181542	4	42181500		Elektromiyografi EMG ünitesi aksesuarları
42181547	4	42181500		Pediatrik kit
42181600	3	42180000		Tansiyon ölçüm üniteleri ve ilgili ürünler
42181601	4	42181600		Aneroid tansiyon üniteleri
42181602	4	42181600		Elektronik tansiyon üniteleri
42181603	4	42181600		Civalı tansiyon üniteleri
42181604	4	42181600		Tansiyon hava tahliye valfleri veya şişirme puarları
42181605	4	42181600		Tansiyon manşonları veya keseleri
42181606	4	42181600		Tansiyon şişirme hortumları veya pnömatik hortumlar veya adaptörler
42181607	4	42181600		Tansiyon kayıt üniteleri
42181608	4	42181600		Tansiyon ölçüm cihazları aksesuarları
42181609	4	42181600		Tansiyon monitörü kubbe kitleri
42181610	4	42181600		Tansiyon manşonu kitleri
42181611	4	42181600		Santral venöz basınç CVP manometreleri
42181700	3	42180000		Elektrokardiyografi EKG üniteleri ve ilgili ürünler
42181701	4	42181700		Elektrokardiyografi EKG üniteleri
42181720	4	42181700		Stres egzersizi izleme sistemleri
42181721	4	42181700		Sfigmograflar
42181725	4	42181700		Manuel elektronik defibrilatör
42181800	3	42180000		Pals oksimetreler
42181801	4	42181800		Pals oksimetre üniteleri
42181802	4	42181800		Pals oksimetre kabloları
42181803	4	42181800		Pals oksimetre probları veya sensörleri
42181804	4	42181800		Pals oksimetre probu veya sensör aksesuarları
42181805	4	42181800		Pals oksimetre ünitesi aksesuarları
42181900	3	42180000		Yoğun bakım izleme üniteleri ve ilgili ürünler
42181902	4	42181900		İntrakraniyal basınç ICP izleme üniteleri
42181903	4	42181900		Kalp debisi CO izleme üniteleri
42181904	4	42181900		Çok parametreli yaşamsal bulgu üniteleri
42181905	4	42181900		Tıbbi transdüser monitör kabloları
42181907	4	42181900		Bazal metabolizma aparatı
42181908	4	42181900		Kompartman içi basınç izleme setleri
42181918	4	42181900		Çok parametreli yaşamsal bulgu ünitesi aksesuarları
42182000	3	42180000		Tıbbi muayene tanısal kullanımı için skoplar ve spekulumlar ve aksesuarlar
42182001	4	42182000		Anal veya rektal muayene spekulumları
42182003	4	42182000		Kolposkoplar veya vajinoskoplar
42182004	4	42182000		Dermatoskoplar
42182005	4	42182000		Oftalmoskoplar veya otoskoplar veya skop setleri
42182006	4	42182000		Laringeal veya orofaringeal muayene spekulumları
42182013	4	42182000		Vajinal muayene spekulumları
42182015	4	42182000		Otoskop spekulumları
42182017	4	42182000		Kulak spekulumu setleri
42182100	3	42180000		Stetoskoplar ve ilgili ürünler
42182101	4	42182100		Elektronik stetoskoplar
42182102	4	42182100		El tipi dopplerler
42182103	4	42182100		Tıbbi akustik stetoskoplar
42182107	4	42182100		Stetoskop kulaklıkları
42182200	3	42180000		Tıbbi termometreler ve aksesuarları
42182201	4	42182200		Elektronik tıbbi termometreler
42182202	4	42182200		Fiberoptik tıbbi termometreler
42182203	4	42182200		Tıbbi termometre taşıma kutuları veya kılıfları
42182204	4	42182200		Tıbbi termometre rafları
42182205	4	42182200		Tıbbi termometre uç veya prob kılıfları
42182206	4	42182200		Civalı tıbbi termometreler
42182207	4	42182200		Hasta sıcaklığı sürekli veya trend monitörleri
42182208	4	42182200		Hasta sıcaklık şeritleri
42182209	4	42182200		Termometre probları
42182210	4	42182200		Civasız cam tıbbi termometreler
42182211	4	42182200		Kızılötesi termografi sistemleri
42182300	3	42180000		Nörolojik muayene ürünleri
42182301	4	42182300		Tıbbi tanısal dişli çarklar (pinwheel)
42182302	4	42182300		Refleks çekiçleri veya tokmakları
42182303	4	42182300		Nöropsikiyatri muayene kartları
42182304	4	42182300		Psikolojik muayene tıbbi ekipman setleri
42182306	4	42182300		Nörolojik ayırıcılar
42182307	4	42182300		Nörolojik pimler
42182308	4	42182300		Elektroensefalograf EEG'ler
42182311	4	42182300		Nörolojik sensörler
42182313	4	42182300		Nörolojik tanı setleri
42182314	4	42182300		Biyofeedback cihazları
42182315	4	42182300		Elektroensefalografik spektrum analizörleri
42182316	4	42182300		Uyarılmış yanıt dedektörleri
42182327	4	42182300		Tesiyometreler
42182400	3	42180000		İşitme testi ürünleri
42182500	3	42180000		Burun fonksiyonu ölçerleri
42182600	3	42180000		Tıbbi muayene ışıkları veya lambaları
42182601	4	42182600		Ayaklı tıbbi muayene ışıkları veya lambaları
42182602	4	42182600		Kurulu tıbbi muayene ışıkları veya lambaları
42182603	4	42182600		Tıbbi muayene veya cerrahi kafa lambaları
42182604	4	42182600		Tıbbi muayene kalem fenerleri
42182700	3	42180000		Tıbbi muayene boyut ölçüm cihazları
42182701	4	42182700		Goniometreler veya artrometreler
42182702	4	42182700		Tıbbi şerit metreler
42182703	4	42182700		Hasta boy cetvelleri
42182704	4	42182700		Deri kıvrımı kumpasları
42182705	4	42182700		Vücut kompozisyonu analizörleri
42182706	4	42182700		Yara ölçüm ızgaraları veya cihazları
42182707	4	42182700		İnklinometreler
42182708	4	42182700		Taşınabilir bebek/çocuk ölçüm seti
42182800	3	42180000		Tıbbi tartı terazileri
42182801	4	42182800		Bez ağırlığı terazileri
42182802	4	42182800		Bebek terazileri
42182803	4	42182800		Genel kullanım hasta yatağı veya masa terazileri
42182804	4	42182800		Hasta sandalye terazileri
42182805	4	42182800		Hasta yer terazileri
42182806	4	42182800		Hasta askı terazileri
42182807	4	42182800		Tekerlekli sandalye platform terazileri
42182808	4	42182800		Tartı terazileri için kılıflar veya astarlar
42183000	3	42180000		Oftalmik tanısal muayene ürünleri
42183002	4	42183000		Korneal topograflar
42183037	4	42183000		Çizelge projektörleri
42183200	3	42180000		Alerji muayene ekipmanları ve malzemeleri
42183201	4	42183200		Alerji tespit veya test cihazları
42190000	2	42000000		Tıbbi tesis ürünleri
42191500	3	42190000		Tıbbi tesis malzeme taşıma ve dağıtım ekipmanları
42191501	4	42191500		Klinik pnömatik tüp sistemleri
42191502	4	42191500		İlaç tepsileri veya kapakları
42191600	3	42190000		Tıbbi tesis bina sistemleri
42191601	4	42191600		Hasta odası aydınlatması
42191602	4	42191600		Ameliyathane aydınlatması
42191603	4	42191600		Hastane ekipmanı enstrüman panelleri
42191605	4	42191600		Hastane ekipmanı güç kolonları
42191607	4	42191600		Hasta bölmesi perdeleri veya ekranları veya perde rayı donanımı
42191611	4	42191600		Hemşire iletişim modülleri veya sistemleri
42191612	4	42191600		Hastane interkom sistemleri
42191700	3	42190000		Tıbbi gaz ürünleri
42191701	4	42191700		Tıbbi gaz veya elektrik servis hatları
42191705	4	42191700		Tıbbi gaz alarmları
42191707	4	42191700		Tıbbi vakum sistemleri
42191710	4	42191700		Tıbbi gaz tüpü arabaları veya sehpaları
42191711	4	42191700		Cerrahi basınçlı hava tankları
42191713	4	42191700		Cerrahi basınçlı hava tankı aksesuarları
42191800	3	42190000		Hasta yatakları ve aksesuarları
42191801	4	42191800		Yatak üstü masaları
42191802	4	42191800		Klinik kuvözler veya bebek ısıtıcıları
42191803	4	42191800		Klinik beşikler veya pediatrik yataklar
42191804	4	42191800		Tıbbi veya cerrahi yatak korkulukları
42191805	4	42191800		Tıbbi askılı kolonlar
42191806	4	42191800		Klinik trapez barları
42191807	4	42191800		Genel kullanım hasta bakım yatakları
42191808	4	42191800		Özel bakım için hasta bakım yatakları
42191810	4	42191800		Hasta bakım yatakları (şilte)
42191811	4	42191800		Bebek konumlandırma beşikleri
42191812	4	42191800		Bebek kuvözü malzeme kitleri
42191813	4	42191800		Hasta bakım portatif yatak kılıfları
42191814	4	42191800		Klinik kuvöz veya bebek ısıtıcısı aksesuarları
42191900	3	42190000		Klinik dolaplar
42191901	4	42191900		Yatak başı klinik dolaplar
42191902	4	42191900		Hastane gardıropları
42191903	4	42191900		Tıbbi monitör dolapları
42191905	4	42191900		Tıbbi tedavi dolapları
42191907	4	42191900		Tıbbi veya cerrahi enstrüman depolama dolapları veya sandıkları
42191908	4	42191900		Tıbbi çizelge taşıyıcıları
42191911	4	42191900		Tansiyon mobil sehpaları
42192000	3	42190000		Klinik prosedür ve muayene masaları
42192001	4	42192000		Genel kullanım tıbbi muayene veya prosedür masaları
42192002	4	42192000		Örtü çarşafları hariç genel kullanım tıbbi muayene veya prosedür masası aksesuarları
42192003	4	42192000		Fizik tedavi masaj masaları
42192005	4	42192000		Hastane bebek bezi veya pansuman masaları
42192006	4	42192000		Hastane servis masaları
42192100	3	42190000		Klinik oturma birimleri ve tabureler ve ilgili ürünler
42192101	4	42192100		Kan alma veya flebotomi koltukları
42192102	4	42192100		Hastane uzanma koltukları
42192104	4	42192100		Tıbbi tabureler veya sandalyeler
42192107	4	42192100		Klinik muayene koltukları
42192108	4	42192100		Hastane katlanır portatif yatakları
42192110	4	42192100		Hastane uzanma koltuğu aksesuarları
42192200	3	42190000		Hasta taşıma ürünleri
42192201	4	42192200		Hasta taşıma arabaları
42192202	4	42192200		Sedyeler veya makaslı kaldırıcılar
42192203	4	42192200		Geriatrik sandalyeler
42192204	4	42192200		Hasta taşıma kuvözleri
42192205	4	42192200		Hasta scooter aksesuarları
42192206	4	42192200		Hasta scooter'ları
42192207	4	42192200		Hasta sedyeleri
42192208	4	42192200		Tekerlekli sandalye aksesuarları
42192209	4	42192200		Tekerlekli sandalye rampaları
42192210	4	42192200		Tekerlekli sandalyeler
42192211	4	42192200		Hasta kaydırma tahtaları
42192212	4	42192200		Hasta aktarma matları veya çarşafları
42192214	4	42192200		Tekerlekli sandalye kaldırıcıları
42192215	4	42192200		Hasta taşıma izolasyon hazneleri
42192217	4	42192200		Hasta taşıma arabası aksesuarları
42192220	4	42192200		Hasta taşıma kuvözü aksesuarları
42192300	3	42190000		Hasta kaldırıcıları
42192301	4	42192300		Hasta kaldırıcıları
42192302	4	42192300		Klinik hidrolik kaldırıcılar
42192303	4	42192300		Hasta askılı koltukları veya askıları
42192304	4	42192300		Hasta tavan vinçleri
42192305	4	42192300		Bebek askıları
42192400	3	42190000		Tıbbi ekipman taşıma ve aktarma ve depolama ürünleri
42192401	4	42192400		Acil veya resüsitasyon arabaları
42192402	4	42192400		Tanı veya izleme ekipmanına özel arabalar veya sehpalar
42192403	4	42192400		Tıbbi izolasyon arabaları
42192404	4	42192400		Tıbbi arabalar
42192405	4	42192400		İrrigatör mobil sehpaları
42192406	4	42192400		İdrar kabı taşıma arabaları
42192407	4	42192400		Tıbbi araba aksesuarları
42192409	4	42192400		Alçı veya atel arabaları veya sehpaları
42192410	4	42192400		Hemodiyaliz ünitesi sehpaları veya destekleri veya arabaları
42192412	4	42192400		Cerrahi pansuman arabaları
42192413	4	42192400		Sütür arabaları veya rafları
42192414	4	42192400		Hava yolu yönetimi çantaları
42192415	4	42192400		Giysi kutuları
42192416	4	42192400		Defibrilatör kutuları
42192417	4	42192400		İlaç kutuları
42192418	4	42192400		Tahliye torbaları veya astarları
42192419	4	42192400		Çıkarma ürünü kutuları veya çantaları
42192420	4	42192400		İlk yardım kiti kutuları veya çantaları
42192421	4	42192400		Gaz yaralanması tedavi seti kutuları
42192422	4	42192400		Sabitleme seti taşıma veya depolama kutuları
42192423	4	42192400		İntravenöz IV kutuları
42192424	4	42192400		Yaşam destek kutuları
42192425	4	42192400		Uzun mesafe müdahale LDR travma kutuları veya çantaları
42192426	4	42192400		Tıbbi ekipman çantası veya kutusu aksesuarları
42192427	4	42192400		Paramedik veya acil tıp teknisyeni EMT kutuları veya çantaları
42192428	4	42192400		Taşınabilir oksijen veya resüsitasyon kutuları
42192429	4	42192400		Kateter arabaları
42192431	4	42192400		Otopsi cerrahi aletleri için kutular
42192433	4	42192400		Termal tahliye torbası
42192434	4	42192400		Termal tahliye torbası
42192435	4	42192400		İzolasyon ve Tedavi Sedyesi
42192500	3	42190000		Tıbbi ekipman koruyucuları
42192501	4	42192500		Tıbbi ekipman kılıfları
42192502	4	42192500		Tıbbi ekipman çantaları
42192600	3	42190000		İlaç dağıtma ve ölçme cihazları ve malzemeleri
42192601	4	42192600		Fitil kalıpları
42192602	4	42192600		İlaç veya hap dağıtıcıları
42192603	4	42192600		İlaç verme kapları veya şişeleri
42192604	4	42192600		İlaç verme sistemleri
42192606	4	42192600		Toz üfleyicileri
42192617	4	42192600		Laringeal spreyler
42192700	3	42190000		Özel muayene masaları ve ilgili ürünler
42192701	4	42192700		Obstetrik veya jinekolojik muayene masası aksesuarları
42192702	4	42192700		Obstetrik veya jinekolojik muayene masaları
42192706	4	42192700		Pediatrik muayene masası aksesuarları
42192707	4	42192700		Pediatrik muayene masaları
42192800	3	42190000		Tıbbi ve farmasötik biyolojik tehlikeli atık bertaraf ürünleri
42200000	2	42000000		Tıbbi tanısal görüntüleme ve nükleer tıp ürünleri
42201500	3	42200000		Tıbbi bilgisayarlı tomografi BT veya CAT sistemleri ve ilgili ürünler
42201501	4	42201500		Tıbbi bilgisayarlı tomografi BT sabit üniteleri
42201502	4	42201500		Tıbbi bilgisayarlı tomografi BT mobil veya taşınabilir üniteleri
42201508	4	42201500		Tıbbi bilgisayarlı tomografi BT monitörleri
42201509	4	42201500		Tıbbi bilgisayarlı tomografi BT güç şartlandırıcıları
42201600	3	42200000		Tıbbi manyetik rezonans görüntüleme MR ürünleri
42201601	4	42201600		Tıbbi manyetik rezonans görüntüleme MR sabit üniteleri
42201602	4	42201600		Tıbbi manyetik rezonans görüntüleme MR mobil veya taşınabilir sistemleri
42201607	4	42201600		Tıbbi manyetik rezonans görüntüleme MR monitörleri
42201609	4	42201600		Tıbbi manyetik rezonans görüntüleme MR tarayıcıları
42201611	4	42201600		Tıbbi manyetik rezonans görüntüleme MR masaları
42201700	3	42200000		Tıbbi ultrason ve doppler ve eko görüntüleme ürünleri
42201704	4	42201700		Tıbbi ultrason kemik dansitometreleri
42201705	4	42201700		Tıbbi ultrason veya doppler veya ekokardiyograf prob kılıfları
42201706	4	42201700		Tıbbi ultrason veya doppler veya ekokardiyograf probları
42201707	4	42201700		Tıbbi ultrason veya doppler veya ekokardiyograf jel ısıtıcıları
42201708	4	42201700		Tıbbi ultrason veya doppler veya ekokardiyograf jelleri veya iletim pedleri veya losyonları
42201709	4	42201700		Tıbbi ultrason veya doppler veya ekokardiyograf monitörleri
42201710	4	42201700		Tıbbi ultrason veya doppler veya ekokardiyograf yazıcıları
42201711	4	42201700		Tıbbi ultrason veya doppler veya ekokardiyograf transdüserleri veya aksesuarları
42201712	4	42201700		Genel tanısal kullanım için tıbbi ultrason veya doppler veya ekokardiyograf üniteleri
42201713	4	42201700		Tıbbi ultrason veya doppler veya ekokardiyograf üç boyutlu bileşenleri
42201718	4	42201700		Tıbbi ultrason oftalmik tarayıcılar
42201728	4	42201700		İletken jel kabı
42201800	3	42200000		Tıbbi tanısal X ışını ürünleri
42201803	4	42201800		Mamografi X ışını üniteleri
42201804	4	42201800		Tıbbi C kollu X ışını üniteleri
42201805	4	42201800		Tıbbi sinefloroskopi üniteleri
42201806	4	42201800		Tıbbi radyoloji ve floroskopi RF üniteleri
42201807	4	42201800		Tıbbi radyoizotop tarayıcıları
42201808	4	42201800		Tıbbi X ışını buckyleri
42201809	4	42201800		Tıbbi görüntüleme kontrast madde enjektörleri veya aksesuarları
42201810	4	42201800		Tıbbi X ışını filmleri veya kasetleri
42201811	4	42201800		Tıbbi X ışını kalite güvence veya kalibrasyon cihazları
42201812	4	42201800		Tıbbi X ışını masaları veya sehpaları veya sandalyeleri veya dolapları veya aksesuarları
42201813	4	42201800		Tıbbi X ışını tomografi üniteleri
42201814	4	42201800		Tıbbi X ışını tüpleri
42201815	4	42201800		Genel tanısal kullanım için tıbbi X ışını üniteleri
42201816	4	42201800		Tıbbi kseroradyografi üniteleri
42201817	4	42201800		X ışını kemik dansitometreleri
42201818	4	42201800		Radyografik üniteler için kombinasyon kademe kamaları ve döner topaçlar
42201819	4	42201800		Tıbbi X ışını filmi askıları
42201820	4	42201800		Tıbbi radyografik ekipman ızgaraları
42201821	4	42201800		Radyografik film kaseti tutucuları
42201822	4	42201800		Tıbbi ortamda tıbbi X ışını ekipmanı kutuları veya kılıfları
42201823	4	42201800		Tıbbi X ışını tüp ve trafo üniteleri
42201824	4	42201800		Tıbbi artrografi setleri
42201825	4	42201800		Tıbbi X ışını aparatı tüp iç parçaları
42201826	4	42201800		Tıbbi X ışını aparatı onarım kitleri
42201827	4	42201800		Tıbbi X ışını karanlık oda çadırı onarım kitleri
42201828	4	42201800		Tıbbi X ışını aparatı filtreleri
42201829	4	42201800		Radyografik bulucular
42201830	4	42201800		Tıbbi X ışını güçlendirme ekranları
42201831	4	42201800		Tıbbi X ışını filmi veya kaseti maskeleri
42201832	4	42201800		Radyografik film veya kaset kapakları
42201833	4	42201800		Radyografik film veya kaset değiştiricileri
42201834	4	42201800		Tıbbi radyografik X ışını aparatı doğrultucu düzenekleri
42201835	4	42201800		Tıbbi X ışını aparatı tüp ünitesi düzenekleri
42201836	4	42201800		Tıbbi X ışını aparatı kompresyon bandı düzenekleri
42201837	4	42201800		Tıbbi X ışını su soğutucuları
42201838	4	42201800		Tıbbi enteroklizis kateterleri veya kateter kitleri
42201839	4	42201800		Tıbbi görüntüleme prosedür tepsileri
42201840	4	42201800		Vasküler sızdırmazlık cihazları
42201841	4	42201800		Tıbbi tanısal X ışını kağıtları
42201843	4	42201800		Tıbbi X ışını cilt işaretleyicileri
42201844	4	42201800		Tıbbi tanısal X ışını cetvelleri
42201845	4	42201800		Radyoloji film zarfı veya iç parçaları veya posta gönderileri
42201846	4	42201800		Radyografik ve floroskopik X ışını kolimatörleri
42201847	4	42201800		Mobil X ışını sistemleri
42201848	4	42201800		Dijital X ışını görüntüleme sistemleri
42201849	4	42201800		Floresan tarayıcılar
42201850	4	42201800		Nükleer tomografi sistemleri
42201851	4	42201800		Klinik kullanım için beta veya gama sayaçları
42201852	4	42201800		Floresan ekranlar
42201853	4	42201800		Miyelografik prosedür setleri
42201855	4	42201800		Tıbbi X ışını açıklıkları ve koni setleri
42201858	4	42201800		Tıbbi X ışını aparatı kabloları ve kablo düzenekleri
42201861	4	42201800		Tıbbi X ışını ekipmanı kutusu veya kılıfı aksesuarları
42201863	4	42201800		Tıbbi X ışını masası veya sehpası veya sandalyesi veya dolabı aksesuarları
42201900	3	42200000		Tıbbi X ışını filmi aydınlatıcıları ve görüntüleme ekipmanları
42201901	4	42201900		Tıbbi X ışını filmi spot ışıkları
42201902	4	42201900		Tıbbi X ışını filmi büyük rafa görüntüleme sistemleri
42201903	4	42201900		Tıbbi X ışını filmi görüntüleme kutuları
42201904	4	42201900		Tıbbi X ışını filmi aydınlatıcı pencereleri veya ekranları
42201905	4	42201900		Tıbbi X ışını filmi transfer kutuları
42201906	4	42201900		Tıbbi X ışını filmi aydınlatıcı klipsleri
42201907	4	42201900		Tıbbi X ışını filmi stereoskopları
42201908	4	42201900		Tıbbi floroskopik ekran kukuletaları
42202000	3	42200000		Tıbbi tanısal gama kameralar ve ilgili ürünler
42202100	3	42200000		Brakiterapi ürünleri
42202101	4	42202100		Brakiterapi intrakavite kapları veya tohumları
42202102	4	42202100		Brakiterapi kateterleri veya şırıngaları veya yerleştiricileri veya aplikatörleri
42202103	4	42202100		Brakiterapi tohum depolama kapları
42202104	4	42202100		Brakiterapi tohum yakalama kitleri
42202105	4	42202100		Brakiterapi üniteleri
42202106	4	42202100		Manuel radyonüklid aplikatör sistemleri veya kılavuzları
42202200	3	42200000		Gama radyasyon terapisi ürünleri
42202300	3	42200000		Tıbbi doğrusal hızlandırıcı yoğunluk ayarlı radyasyon terapisi IMRT ürünleri
42202301	4	42202300		Tıbbi doğrusal hızlandırıcı yoğunluk ayarlı radyasyon terapisi IMRT iki boyutlu üniteleri
42202302	4	42202300		Tıbbi doğrusal hızlandırıcı yoğunluk ayarlı radyasyon terapisi IMRT üç boyutlu üniteleri
42202303	4	42202300		Tıbbi doğrusal hızlandırıcı yoğunluk ayarlı radyasyon terapisi IMRT kolimatörleri
42202400	3	42200000		Tıbbi pozitron emisyon tomografisi PET ekipmanları ve ilgili ürünler
42202500	3	42200000		Tıbbi tek foton emisyon bilgisayarlı tomografi SPECT ekipmanları ve ilgili ürünler
42202600	3	42200000		Radyoimmünoterapi ve radyoizotop uygulama ürünleri
42202700	3	42200000		Radyoterapi teleterapi ürünleri
42202900	3	42200000		Düşük enerjili tıbbi X ışını ekipmanları
42202901	4	42202900		Düşük enerjili tıbbi X ışını üniteleri
42202902	4	42202900		Düşük enerjili tıbbi X ışını ünitesi aksesuarları
42203000	3	42200000		Tıbbi doğrusal hızlandırıcılar ve ilgili ürünler
42203200	3	42200000		Radyoterapi simülatörleri
42203201	4	42203200		X ışını ve floroskopi RF radyoterapi planlama simülatörleri
42203400	3	42200000		Vasküler görüntüleme ve girişimsel kardiyoloji ve kalp kateterizasyonu laboratuvarı ürünleri
42203402	4	42203400		Genel kullanım tanısal veya girişimsel vasküler kateterler
42203403	4	42203400		Tanısal veya girişimsel vasküler kateter yerleştiricileri
42203404	4	42203400		Vasküler görüntüleme kılavuz telleri
42203405	4	42203400		Anjiyoplasti balon kateterleri
42203406	4	42203400		Tanısal veya girişimsel vasküler kateterlerin çıkarma cihazları
42203407	4	42203400		Anjiyografi kontrast madde verme setleri
42203408	4	42203400		Kardiyovasküler kılıf kitleri
42203409	4	42203400		Anjiyoskopik valvülotomlar
42203410	4	42203400		Kardiyovasküler kateter kılıfları
42203413	4	42203400		Vasküler koiller
42203414	4	42203400		Vasküler filtreler
42203415	4	42203400		Kalp kateterizasyonu laboratuvarı ekipmanları
42203416	4	42203400		Kardiyak ablasyon kateterleri
42203417	4	42203400		Endogreftler
42203418	4	42203400		Aterektomi kateterleri
42203420	4	42203400		Vasküler görüntüleme ilmek tuzakları
42203421	4	42203400		Tanısal veya girişimsel vasküler tepsiler veya paketler
42203422	4	42203400		Embolizasyon tutkalları
42203423	4	42203400		Embolizasyon küreleri
42203424	4	42203400		Arteriyotomi bölgesi kapatma cihazları
42203425	4	42203400		Trombektomi veya embolektomi kateterleri
42203426	4	42203400		Anjiyografi kılavuz teli tork cihazları
42203427	4	42203400		Anjiyografi yerleştirme iğneleri
42203428	4	42203400		Anjiyografi kontrol valfleri ve hemostatik valfler
42203429	4	42203400		Perikardiyosentez kateterleri
42203430	4	42203400		Elektrofizyoloji kateterleri
42203447	4	42203400		Kardiyovasküler kateterizasyon kitleri veya setleri
42203500	3	42200000		Kalp pilleri ve ilgili ürünler
42203501	4	42203500		Kalp pili jeneratörleri veya kardiyak resenkronizasyon terapisi pilleri CRT-P
42203502	4	42203500		Kalp pili kabloları veya elektrotları
42203503	4	42203500		Kalp pili kablo yerleştiricileri veya setleri
42203504	4	42203500		Kardiyak kaydediciler
42203505	4	42203500		İmplante edilebilir kardiyoverter defibrilatörler ICD veya kardiyak resenkronizasyon terapisi defibrilatörleri CRT-D
42203506	4	42203500		İmplante edilebilir kalp defibrilatörü ICD veya kardiyak resenkronizasyon terapisi defibrilatörü CRT-D kabloları veya elektrotları
42203600	3	42200000		Tıbbi radyolojik görüntüleme bilgi ve arşivleme ürünleri
42203601	4	42203600		Dijital görüntüleme ağı DIN sistem ekipmanları
42203602	4	42203600		Tıpta Dijital Görüntüleme İletişimi DICOM standart sistem ekipmanları
42203603	4	42203600		Tıbbi görüntü arşivleme bilgisayar sistemleri PACS
42203605	4	42203600		Tıbbi X ışını filmi arşivleme sistemi yazılımı
42203606	4	42203600		Teleradyografi sistemleri
42203608	4	42203600		Tıbbi görüntü dijitalleştiricileri
42203700	3	42200000		Tıbbi görüntüleme işleme ekipmanları ve malzemeleri
42203701	4	42203700		Tıbbi X ışını filmi gün ışığı damgalayıcıları veya kimlik yazıcıları
42203702	4	42203700		Tıbbi görüntüleme ıslak karanlık oda veya gün ışığı işleyicileri
42203703	4	42203700		Tıbbi X ışını geçiş kutuları
42203704	4	42203700		Tıbbi tonerler veya developerlar
42203705	4	42203700		Tıbbi görüntüleme kuru lazer yazıcıları veya görüntüleyicileri
42203706	4	42203700		Tıbbi X ışını filmi işleme kimyasal kitleri
42203707	4	42203700		Tıbbi X ışını karanlık oda aksesuarları
42203708	4	42203700		Tıbbi X ışını filmi işleme sabitleyicileri
42203709	4	42203700		X ışını sistemi kalibratör setleri için kombinasyon ekranlar ve yazıcılar
42203710	4	42203700		Tıbbi X ışını filmi işaretleyicileri
42203711	4	42203700		Tıbbi X ışını filmi kurutucuları
42203712	4	42203700		Tıbbi X ışını sıcaklık kontrol cihazları
42203800	3	42200000		Tıbbi radyolojik konumlandırma yardımcıları
42203801	4	42203800		Tıbbi bilgisayarlı tomografi BT konumlandırma yardımcıları
42203802	4	42203800		Tıbbi manyetik rezonans görüntüleme MR konumlandırma yardımcıları
42203803	4	42203800		Genel radyolojik kullanım için tıbbi radyolojik konumlandırma yardımcıları
42203804	4	42203800		Radyasyon terapisi konumlandırma yardımcıları
42203900	3	42200000		Tıbbi radyasyon tespit veya izleme ürünleri
42203901	4	42203900		Tıbbi radyasyon dozimetreleri
42203902	4	42203900		Tıbbi radyasyon filmleri veya rozetleri
42203903	4	42203900		Tıbbi nötron radyasyon terapisi sistemleri
42204000	3	42200000		Tıbbi radyolojik kalkanlama ve koruma ürünleri
42204001	4	42204000		Tıbbi radyolojik kalkanlama önlük rafları
42204002	4	42204000		Tıbbi radyolojik kalkanlama önlükleri veya maskeleri veya örtüleri
42204003	4	42204000		Radyoaktif maddeler için tıbbi radyolojik kalkanlama taşınabilir kapları
42204004	4	42204000		Tıbbi radyolojik kalkanlama kulak tıkaçları
42204005	4	42204000		Tıbbi radyolojik kalkanlama eldivenleri
42204006	4	42204000		Tıbbi radyolojik kalkanlama ayaklı veya taşınabilir ekranları veya perdeleri
42204007	4	42204000		Tıbbi radyolojik kalkanlama duvar veya tavan veya zemine kurulu panelleri
42204008	4	42204000		Tıbbi radyolojik kalkanlama odaları veya kasaları veya dolapları
42204009	4	42204000		Tıbbi radyolojik kalkanlama gözlükleri
42204100	3	42200000		Nükleer tıp sıcak laboratuvar ekipmanı ve ilgili ürünler
42204101	4	42204100		Tıbbi radyolojik şırınga veya flakon kalkanı veya tutucuları veya taşıyıcıları
42210000	2	42000000		Engelliler için bağımsız yaşam yardımcıları
42211500	3	42210000		Engelliler için yürüme ve aktarma ve konumlandırma yardımcıları
42211501	4	42211500		Bastonlar
42211502	4	42211500		Koltuk değnekleri
42211503	4	42211500		Konumlandırma cihazları
42211504	4	42211500		Ayakta durma yardımcıları veya ayakta durma kafesleri
42211505	4	42211500		Yürüteç veya rolatör aksesuarları
42211506	4	42211500		Yürüteçler veya rolatörler
42211508	4	42211500		Çok fonksiyonlu hareketlilik cihazları
42211600	3	42210000		Engelliler için banyo ve yıkanma yardımcıları
42211700	3	42210000		Engelliler için iletişim yardımcıları
42211701	4	42211700		Engelliler için uyarlanabilir iletişim anahtarları
42211702	4	42211700		Engelliler için Braille cihazları
42211703	4	42211700		Engelliler için Braille yazı kağıdı veya plastiği
42211704	4	42211700		Engelliler için baş işaretçileri veya ağız çubukları
42211705	4	42211700		Engelliler için işitme cihazları
42211706	4	42211700		Engelliler için harf veya sembol panoları
42211707	4	42211700		Engelliler için telekomünikasyon cihazları TDD veya teleyazıcılar TTY
42211708	4	42211700		Engelliler için telefon yardımcıları
42211709	4	42211700		Engelliler için yazma (daktilo) yardımcıları
42211710	4	42211700		Engelliler için yazı yardımcıları
42211711	4	42211700		Engelliler için ses sentezleyiciler
42211712	4	42211700		İşitme cihazları için kutular
42211800	3	42210000		Engelliler için giyinme ve bakım yardımcıları
42211900	3	42210000		Engelliler için yeme ve içme ve yemek hazırlama yardımcıları
42211901	4	42211900		Engelliler için kaymaz malzemeler
42211902	4	42211900		Engelliler için yardımcı pişirme cihazları
42211903	4	42211900		Engelliler için konserve açacakları
42211904	4	42211900		Engelliler için doğrayıcılar
42211905	4	42211900		Engelliler için fincanlar veya kupalar
42211906	4	42211900		Engelliler için çatal bıçak tutucuları
42211907	4	42211900		Engelliler için çatal bıçak veya gereçler
42211908	4	42211900		Engelliler için kesme veya soyma tahtaları
42211909	4	42211900		Engelliler için içecek tutucuları
42211910	4	42211900		Engelliler için yemek yakalayıcıları veya önlükleri
42211911	4	42211900		Engelliler için yemek koruyucuları
42211912	4	42211900		Engelliler için mutfak cihazı tutucuları
42211913	4	42211900		Engelliler için büyük rakamlı zamanlayıcılar
42211914	4	42211900		Engelliler için ölçüm yardımcıları
42211915	4	42211900		Engelliler için kendi kendine besleyiciler
42211916	4	42211900		Engelliler için pipetler veya pipet tutucuları
42211917	4	42211900		Engelliler için sofra takımı
42211918	4	42211900		Engelliler için konuşan yemek terazileri
42212000	3	42210000		Engelliler için ev işi ve ev idaresi yardımcıları
42212001	4	42212000		Engelliler için kapı açıcıları
42212002	4	42212000		Engelliler için anahtar çeviriciler veya tutucuları
42212003	4	42212000		Engelliler için düğme çeviricileri
42212004	4	42212000		Engelliler için ışık düğmesi uzantıları
42212005	4	42212000		Engelliler için uzun saplı farraşlar veya fırçalar
42212006	4	42212000		Engelliler için kendiliğinden açılan makaslar
42212007	4	42212000		Engelliler için vakumlu fırçalar
42212100	3	42210000		Engelliler için boş zaman ve eğlence yardımcıları
42212200	3	42210000		Engelliler için ilaç kullanım yardımcıları
42212300	3	42210000		Engelliler için uzanma ve kavrama yardımcıları
42220000	2	42000000		İntravenöz ve arteriyel uygulama ürünleri
42221500	3	42220000		İntravenöz ve arteriyel kanüller ve kateterler ve aksesuarları
42221501	4	42221500		Arteriyel hat kateterleri
42221502	4	42221500		Arteriyel hat sürekli kateter yıkama valfleri
42221503	4	42221500		Santral venöz kateterler
42221504	4	42221500		Periferik yerleştirilen santral kateterler PICC
42221506	4	42221500		Göbek kateterleri
42221507	4	42221500		Kateter olmadan intravenöz veya arteriyel başlangıç kiti
42221508	4	42221500		İntravenöz veya arteriyel kateter cilt bakım kitleri veya setleri
42221509	4	42221500		İntravenöz veya arteriyel kateter tepsileri
42221512	4	42221500		İntravenöz kateterler
42221514	4	42221500		Pulmoner arter kateterleri
42221515	4	42221500		Santral venöz kateter onarım kiti veya setleri
42221516	4	42221500		Kateter ucu tıkayıcıları (oklüder)
42221600	3	42220000		İntravenöz ve arteriyel tüpler ve uygulama setleri ve ilgili ürünler
42221601	4	42221600		İntravenöz veya arteriyel uygulama hava kabarcığı dedektörleri
42221602	4	42221600		İntravenöz veya arteriyel uygulama portları veya enjeksiyon bölgeleri veya kapakları
42221603	4	42221600		İntravenöz veya arteriyel uzatma tüpleri
42221604	4	42221600		İntravenöz veya arteriyel tüp adaptörleri veya konnektörleri veya kilitleri veya kapakları
42221605	4	42221600		İntravenöz veya arteriyel tüp çek valfleri
42221606	4	42221600		İntravenöz veya arteriyel tüp kelepçeleri
42221607	4	42221600		Genel kullanım için intravenöz veya arteriyel tüp filtreleri veya elekleri
42221608	4	42221600		İntravenöz veya arteriyel tüp tanımlama etiketleri veya bantları
42221609	4	42221600		İntravenöz veya arteriyel tüp uygulama setleri
42221610	4	42221600		İntravenöz tüp dikenli giriş portları veya kapakları
42221611	4	42221600		İntravenöz tüp dikenleri veya kapakları
42221612	4	42221600		İntravenöz veya arteriyel tüp iğnesiz enjeksiyon portları veya musluk veya manifoldları
42221613	4	42221600		İntravenöz tüp transfer ayak kapatıcıları veya çıtçıtları
42221614	4	42221600		Kateterli intravenöz tüp uygulama kitleri
42221615	4	42221600		İkincil veya piggyback ilaç intravenöz tüpü
42221616	4	42221600		İntravenöz veya arteriyel tüp uzatma setleri
42221617	4	42221600		İğne yeniden kılıflayıcıları
42221618	4	42221600		İntravenöz veya arteriyel prosedür tepsileri
42221619	4	42221600		İğnesiz enjeksiyon manifoldu kitleri
42221700	3	42220000		İntravenöz ve arteriyel infüzyon torbaları ve kapları ve ilgili ürünler
42221701	4	42221700		İntravenöz veya arteriyel infüzyon torbaları veya kapları
42221703	4	42221700		İntravenöz veya arteriyel sıvı ısıtıcıları
42221704	4	42221700		İntravenöz veya arteriyel basınçlı infüzyon torbaları
42221705	4	42221700		Analjezi infüzyon flakonu düzenekleri
42221706	4	42221700		İntravenöz veya arteriyel infüzyon transfer torbaları veya kap ağızları
42221707	4	42221700		Analjezik infüzyon setleri veya kitleri
42221800	3	42220000		İntravenöz ve arteriyel kateter ve iğne konumlandırma yardımcıları
42221801	4	42221800		İntravenöz veya arteriyel kol tahtası kılıfları
42221802	4	42221800		İntravenöz veya arteriyel kol tahtaları
42221803	4	42221800		İntravenöz veya arteriyel kateter konumlandırma bantları veya pansumanları veya kayışları
42221900	3	42220000		İntravenöz veya arteriyel akış ölçüm ve düzenleme ürünleri
42221901	4	42221900		Kadran kalibreli intravenöz debimetreler veya regülatörler
42221902	4	42221900		İntravenöz damla sayaçları veya regülatörleri
42221903	4	42221900		Ultrasonik kan akışı dedektörleri
42221904	4	42221900		Elektromanyetik kan debimetreleri
42221905	4	42221900		Lazer kan debimetreleri
42221906	4	42221900		Manyetik rezonans kan debimetreleri
42222000	3	42220000		İntravenöz infüzyon pompaları ve analizörleri ve sensörleri ve aksesuarları
42222001	4	42222000		Genel kullanım için intravenöz infüzyon pompaları
42222002	4	42222000		İntravenöz şırınga infüzyon pompaları
42222003	4	42222000		Çok kanallı intravenöz infüzyon pompaları
42222004	4	42222000		Hasta kontrollü analjezi infüzyon pompaları
42222005	4	42222000		İntravenöz pompa parçaları veya aksesuarları
42222006	4	42222000		İntravenöz infüzyon pompası analizörleri veya sensörleri
42222007	4	42222000		İntravenöz infüzyon pompası transdüserleri
42222008	4	42222000		İnfüzyon pompası kitleri
42222009	4	42222000		Enjektör için şırınga aktüatörleri
42222011	4	42222000		Genel hastane analitik numune infüzyon pompaları
42222100	3	42220000		İntravenöz ve arteriyel ekipman asma ve taşıma sistemleri
42222101	4	42222100		İntravenöz veya arteriyel hat ekipmanı askıları
42222102	4	42222100		İntravenöz infüzyon yerçekimi sistemleri için monte edilmiş raylar veya raflar
42222103	4	42222100		Tekerlekli sandalyeler için intravenöz infüzyon direkleri
42222104	4	42222100		İntravenöz veya arteriyel hat direkleri veya sehpaları
42222200	3	42220000		İğnesiz intravenöz enjeksiyon ve çekme sistemleri
42222201	4	42222200		İğnesiz intravenöz enjeksiyon şırınga setleri veya enjeksiyon kanülleri
42222202	4	42222200		İğnesiz flakon veya torba çekme kanülleri veya adaptörleri
42222300	3	42220000		Kan uygulama ve transfüzyon ürünleri
42222301	4	42222300		Kan transfüzyonu uygulama kitleri
42222302	4	42222300		Kan transfüzyonu filtreleri veya elekleri
42222303	4	42222300		Kan uygulama veya transfüzyon tanımlama sistemleri
42222304	4	42222300		Kan uygulama veya transfüzyon tüpleri
42222305	4	42222300		Kan uygulama veya transfüzyon tüp kelepçeleri
42222307	4	42222300		Kan ısıtma veya transfüzyon sistemleri
42230000	2	42000000		Klinik beslenme
42231500	3	42230000		Enteral beslenme ekipmanları ve malzemeleri
42231501	4	42231500		Enteral beslenme infüzyon pompaları
42231504	4	42231500		Enteral beslenme torbaları veya kapları
42231505	4	42231500		Enteral beslenme seti adaptörleri veya konnektörleri veya uzantıları
42231510	4	42231500		Enteral beslenme infüzyon pompası tüp setleri
42231600	3	42230000		Gastrostomi ve jejunostomi erişim cihazları veya aksesuarları
42231601	4	42231600		Genel kullanım için gastrostomi tüpleri veya kitleri
42231613	4	42231600		Mide lavajı tüpleri veya kitleri
42231700	3	42230000		Nazoenterik tüpler
42231703	4	42231700		Mide dekompresyon tüpleri
42231800	3	42230000		Beslenme desteği için formüller ve ürünler
42231801	4	42231800		Genel kullanım için yetişkin takviye formülleri veya barları veya pudingleri
42231802	4	42231800		Genel kullanım için pediatrik takviye formülleri veya barları veya pudingleri
42231806	4	42231800		Tıbbi beslenme gıda veya sıvı kıvam artırıcıları
42231810	4	42231800		Lipid Emülsiyonu %20 (TCM/LCM 50:50)
42231812	4	42231800		Terapötik Süt (WFP standardı)
42231813	4	42231800		Tamamlayıcı Plumpy (WFP standardı)
42231814	4	42231800		Plumpy Doz (WFP standardı)
42231815	4	42231800		Çocuklar için Kullanıma Hazır Gıda (UNICEF/WFP standardı)
42231816	4	42231800		Kullanıma Hazır Terapötik Gıda (WFP standardı)
42231817	4	42231800		Plumpy Nut (WFP standardı)
42231818	4	42231800		Kullanıma Hazır Tamamlayıcı Gıda (WFP standardı)
42231900	3	42230000		Emzirme ekipmanları ve aksesuarları ve malzemeleri
42231901	4	42231900		Göğüs pompaları (süt sağma)
42231902	4	42231900		Göğüs kalkanları veya siperleri
42231903	4	42231900		Göğüs pompası kitleri
42231904	4	42231900		Emzirme yastıkları
42232000	3	42230000		Tablet ezicileri ve kesicileri ve ilgili ürünler
42240000	2	42000000		Ortopedik ve protez ve spor hekimliği ürünleri
42241500	3	42240000		Alçı ve atel malzemeleri
42241502	4	42241500		Alçı veya atel dolgu malzemeleri
42241503	4	42241500		Alçı veya atel koruyucuları
42241504	4	42241500		Alçı veya atel çorabı veya astarları
42241505	4	42241500		Ortopedik alçı ruloları veya bantları
42241506	4	42241500		Ateller için ortopedik alçı malzemesi
42241507	4	42241500		Ortopedik atel sistemleri
42241509	4	42241500		Termoplastik ortez bileşenleri
42241510	4	42241500		Termoplastik atel kitleri veya malzemeleri
42241511	4	42241500		Traksiyon ateli setleri
42241512	4	42241500		Alçı veya atel bağlama malzemeleri
42241513	4	42241500		Ateller veya önceden kesilmiş ateller veya atel sistemleri için taşıma ve depolama kutuları
42241514	4	42241500		Atel setleri için enstrüman ruloları
42241516	4	42241500		Atel malzemeleri için işaretleyici
42241517	4	42241500		Alçı genişleticileri
42241600	3	42240000		Alçı ekipmanları ve parçaları ve aksesuarları
42241602	4	42241600		Alçı kesicileri veya testereleri
42241603	4	42241600		Alçı çıkarma sistemleri
42241604	4	42241600		Alçı vakumları
42241606	4	42241600		Alçı kalıp tepsileri
42241700	3	42240000		Alt ekstremite için ortopedik yumuşak ürünler
42241701	4	42241700		Ayak bileği veya ayak ortopedik yumuşak ürünleri
42241702	4	42241700		Kalça ortopedik yumuşak ürünleri
42241703	4	42241700		Diz braketleri veya destekleri
42241705	4	42241700		Bacak ortopedik yumuşak ürünleri
42241706	4	42241700		Ortez veya ayak bakım ürünleri
42241707	4	42241700		Yürüme braketleri
42241708	4	42241700		Femur kırığı yastıkları
42241709	4	42241700		Ameliyat sonrası ayakkabıları
42241800	3	42240000		Üst ekstremite ve gövde için ortopedik yumuşak ürünler
42241801	4	42241800		Kol ortopedik yumuşak ürünleri
42241802	4	42241800		Sırt veya bel veya sakral ortopedik yumuşak ürünleri
42241803	4	42241800		Boyunluklar veya boyun braketleri
42241804	4	42241800		Köprücük kemiği ortopedik yumuşak ürünleri
42241805	4	42241800		Dirsek ortopedik yumuşak ürünleri
42241806	4	42241800		Önkol veya bilek veya başparmak ortopedik yumuşak ürünleri
42241807	4	42241800		El veya parmak ortopedik yumuşak ürünleri
42241808	4	42241800		Kaburga veya karın ortopedik yumuşak ürünleri
42241809	4	42241800		Omuz ortopedik yumuşak ürünleri
42241811	4	42241800		Fıtık bağı (truss)
42241900	3	42240000		Çıkıntılı (outrigger) ve dinamik atel malzemeleri
42242000	3	42240000		Protez cihazları veya aksesuarları ve malzemeleri
42242100	3	42240000		Ortopedik traksiyon malzemeleri ve aksesuarları
42250000	2	42000000		Fizik ve iş uğraşı terapisi ve rehabilitasyon ürünleri
42251500	3	42250000		Bilişsel ve el becerisi ve algısal ve duyusal değerlendirme ve terapi ürünleri
42251501	4	42251500		Giyinme eğitimi ürünleri
42251502	4	42251500		Bilişsel veya el becerisi veya algısal veya duyusal değerlendirme veya test ürünleri
42251503	4	42251500		Terapötik oyunlar
42251504	4	42251500		Terapötik çivi tahtaları veya aktivite tahtaları
42251505	4	42251500		Terapötik bulmacalar
42251506	4	42251500		Terapötik süsleme kutuları
42251700	3	42250000		Yürüme eğitimi ürünleri
42251701	4	42251700		Rehabilitasyon veya terapi için yürüme kemerleri
42251702	4	42251700		Rehabilitasyon veya terapi için eğitim rampaları
42251703	4	42251700		Rehabilitasyon veya terapi için eğitim merdivenleri
42251704	4	42251700		Rehabilitasyon veya terapi için yürüme barları
42251705	4	42251700		Rehabilitasyon veya terapi için paralel barlar
42251706	4	42251700		Yürüme eğitimi yürüteçleri veya bisikletleri veya egzersiz cihazları
42260000	2	42000000		Otopsi ve morg ekipmanları ve malzemeleri
42261500	3	42260000		Patoloji diseksiyon aletleri ve malzemeleri
42261501	4	42261500		Otopsi makasları
42261502	4	42261500		Genel kullanım için otopsi diseksiyon pensetleri
42261503	4	42261500		Otopsi mermi probları
42261504	4	42261500		Otopsi iplik veya iğne çekicileri
42261505	4	42261500		Otopsi bıçakları veya ağızları
42261506	4	42261500		Otopsi keskileri veya osteotomları
42261507	4	42261500		Otopsi iplikleri
42261508	4	42261500		Otopsi iğneleri
42261509	4	42261500		Otopsi diseksiyon kitleri
42261510	4	42261500		Otopsi kesi klipsleri
42261511	4	42261500		Otopsi ven yönlendiricileri
42261512	4	42261500		Otopsi testereleri
42261513	4	42261500		Otopsi testere ağızları
42261514	4	42261500		Diseksiyon tahtaları veya pedleri
42261516	4	42261500		Otopsi cerrahi aletleri için enstrüman ruloları
42261600	3	42260000		Otopsi ekipmanları ve malzemeleri
42261601	4	42261600		Kemik tozu toplayıcıları
42261602	4	42261600		Tıbbi ceset torbaları
42261604	4	42261600		Otopsi baş dayanakları
42261605	4	42261600		Otopsi vücut tahtaları
42261606	4	42261600		Otopsi asma terazileri
42261607	4	42261600		Otopsi numune torbaları veya kapları
42261608	4	42261600		Otopsi bulaşıcı hastalık kitleri
42261609	4	42261600		Otopsi kimlik etiketleri veya bileklikleri
42261610	4	42261600		Otopsi sıvı toplama vakum aspiratörleri veya tüpleri
42261611	4	42261600		Otopsi rektal termometreleri
42261612	4	42261600		Otopsi parmak düzleştiricileri
42261613	4	42261600		Kadavra doku oluşturma kitleri
42261700	3	42260000		Otopsi mobilyaları
42261800	3	42260000		Kadavra taşıma ve depolama ekipmanları ve malzemeleri
42261801	4	42261800		Kadavra depolama rafları
42261802	4	42261800		Kadavra taşıyıcıları
42261803	4	42261800		Kadavra makaslı kaldırma arabaları
42261804	4	42261800		Morg dolap buzdolapları
42261805	4	42261800		Morg içine girilebilir buzdolapları
42261806	4	42261800		Morg dondurucuları
42261807	4	42261800		Otopsi arabaları
42261808	4	42261800		Kadavra tepsileri
42261809	4	42261800		Kadavra kaldırma veya aktarma cihazları
42261810	4	42261800		Vücut taşıma kapları
42261900	3	42260000		Klinik adli tıp ekipmanları ve malzemeleri
42262000	3	42260000		Mumyalama ekipmanları ve malzemeleri
42262100	3	42260000		Morg ekipmanları ve malzemeleri
42270000	2	42000000		Solunum ve anestezi ve resüsitasyon ürünleri
42271500	3	42270000		Solunum izleme ürünleri
42271502	4	42271500		Arteriyel kan gazı monitörleri
42271503	4	42271500		Son tidal karbondioksit monitörleri
42271504	4	42271500		Özofageal stetoskoplar
42271505	4	42271500		Solunum izleme kitleri
42271517	4	42271500		Kolorimetrik Son Tidal CO2 dedektörü
42271600	3	42270000		Pulmoner fonksiyon testi ve tedavi ürünleri
42271651	4	42271600		Sıkıştırılabilir kendiliğinden dolan ventilasyon balonu
42271700	3	42270000		Oksijen tedavisi verme sistemleri ve cihazları
42271701	4	42271700		Tıbbi gaz tüpleri veya ilgili cihazlar
42271702	4	42271700		Oksijen konsantratörleri
42271703	4	42271700		Oksijen hava karıştırıcıları
42271704	4	42271700		Oksijen zamanlayıcıları
42271705	4	42271700		Oksijen verme konnektörleri veya adaptörleri
42271706	4	42271700		Solunum terapisi kompresörleri
42271707	4	42271700		Akış sensörleri veya regülatörleri veya bileşenleri
42271708	4	42271700		Tıbbi oksijen maskeleri veya parçaları
42271709	4	42271700		Tıbbi nazal kanüller
42271710	4	42271700		Tıbbi nazal kateterler veya kateterizasyon kitleri
42271711	4	42271700		Tıbbi baş kukuletaları
42271712	4	42271700		Tıbbi aerosol çadırları
42271713	4	42271700		Tıbbi hiperbarik odalar
42271714	4	42271700		Tıbbi kuvözler
42271715	4	42271700		Tıbbi oksijen tüpleri veya konnektörleri
42271716	4	42271700		Nazal insüflatörler için kutular
42271717	4	42271700		İnhalatörler veya setleri
42271718	4	42271700		Oksijen tedavisi verme sistemi ürünleri
42271719	4	42271700		Oksijen insüflatörleri
42271720	4	42271700		Sıvı oksijen dönüştürücüleri
42271721	4	42271700		Oksijen konsantratörü filtreleri
42271722	4	42271700		Oksijen alımı bilgisayarları
42271728	4	42271700		Konnektör bikonik
42271729	4	42271700		Laringeal maske hava yolu (LMA)
42271730	4	42271700		Oksijen tesisi, basınç salınımlı adsorpsiyon (PSA)
42271800	3	42270000		Solunum nem ve aerosol terapisi ürünleri
42271801	4	42271800		Solunum nemlendiricileri veya buharlaştırıcıları
42271802	4	42271800		Nebülizatörler
42271803	4	42271800		Solunum terapisi için transfer setleri
42271807	4	42271800		Ölçülü doz inhaler ara parçaları veya tutma hazneleri
42271900	3	42270000		Hava yolu yönetimi ürünleri
42271902	4	42271900		Özofageal tüpler
42271903	4	42271900		Endotrakeal tüpler
42271904	4	42271900		Trakeostomi tüpleri
42271905	4	42271900		Endobronşiyal tüpler
42271919	4	42271900		Nazofaringeal hava yolu kitleri
42271931	4	42271900		Mukus çıkarıcıları ve numune tuzakları
42272000	3	42270000		Entübasyon malzemeleri
42272001	4	42272000		Entübasyon laringoskopları
42272003	4	42272000		Isırma blokları
42272004	4	42272000		Entübasyon stileleri
42272005	4	42272000		Entübasyon pensetleri
42272006	4	42272000		Yerleştiriciler (introducer)
42272007	4	42272000		Bükme aletleri
42272008	4	42272000		Entübasyon ölçerleri veya kılavuzları
42272009	4	42272000		Hasta karbondioksit dedektörleri
42272017	4	42272000		İntübatör bileşenleri
42272020	4	42272000		Videolaringoskop
42272100	3	42270000		Negatif mekanik basınçlı ventilatörler
42272200	3	42270000		Pozitif mekanik basınçlı ventilatörler ve aksesuarları
42272204	4	42272200		Taşıma ventilatörleri
42272205	4	42272200		Yoğun bakım ventilatörleri
42272207	4	42272200		Yüksek frekanslı ventilatörler
42272215	4	42272200		Ventilatör test malzemeleri
42272216	4	42272200		Ventilatör termometreleri
42272217	4	42272200		Ventilatör su tuzakları
42272218	4	42272200		Ventilatör gaz numune alma portları veya hatları
42272219	4	42272200		Ventilatör ısı veya nem değiştiricileri veya filtreleri
42272220	4	42272200		Ventilatör aksesuarları
42272222	4	42272200		Ventilatör ayırma (weaning) ürünleri
42272223	4	42272200		Solunum cihazı aksesuarları veya malzemeleri
42272224	4	42272200		Ventilatör devre kitleri
42272225	4	42272200		İki seviyeli pozitif hava yolu basıncı Bi-PAP aksesuarları
42272230	4	42272200		Ventilatör devresi aksesuarları
42272300	3	42270000		Resüsitasyon malzemeleri
42272500	3	42270000		Anestezi aparatı ve aksesuarları ve malzemeleri
42272501	4	42272500		Gaz anestezi aparatı veya makineleri
42272502	4	42272500		Gaz anestezi aparatı veya makineleri için emici üniteler
42272503	4	42272500		Anestezi inhalerleri veya inhaler üniteleri
42272505	4	42272500		Gaz anestezi aparatı tüpleri veya tüp düzenekleri veya tüp bağlantı parçaları
42272506	4	42272500		Anestezi aparatı ekran filtreleri
42272507	4	42272500		Anestezi aparatı için sıcaklık kontrolü
42272509	4	42272500		Anestezi makinesi kalibratörleri
42272510	4	42272500		Anestezi makinesi yükseltme kitleri
42280000	2	42000000		Tıbbi temizleme ve sterilizasyon ürünleri
42281500	3	42280000		Otoklav ve sterilizatör ekipmanları ve aksesuarları
42281508	4	42281500		Buharlı otoklavlar veya sterilizatörler
42281509	4	42281500		Sterilizasyon kapları veya tepsileri
42281519	4	42281500		İğne sterilizatörleri
42281521	4	42281500		Sterilizasyon setleri
42281530	4	42281500		Buharlı otoklav veya sterilizatör aksesuarları
42281600	3	42280000		Soğuk sterilizasyon ve dezenfektan çözeltileri
42281604	4	42281600		Tıbbi yüzey dezenfektanları
42281700	3	42280000		Dezenfeksiyon veya ön sterilizasyon temizleme ekipmanları ve çözeltileri
42281701	4	42281700		Otoklavlar veya sterilizatörler için hazne temizleyicileri
42281703	4	42281700		Enstrüman bakım kitleri
42281704	4	42281700		Enstrüman temizleyicileri veya deterjanları
42281800	3	42280000		Sterilizasyon göstergeleri ve kontrolleri
42281801	4	42281800		Dezenfektan test şeritleri
42281802	4	42281800		Sterilizasyon etiketleri
42281803	4	42281800		Sterilizasyon biyolojik kitleri
42281804	4	42281800		Sterilizasyon kontrolleri
42281805	4	42281800		Sterilizasyon gösterge kayıtları
42281806	4	42281800		Sterilizasyon gösterge şeritleri
42281807	4	42281800		Sterilizasyon gösterge bantları
42281808	4	42281800		Sterilizasyon kağıtları veya yaprakları
42281809	4	42281800		Sterilizasyon kaydı depolama zarfları
42281810	4	42281800		Sterilizasyon test paketleri
42281811	4	42281800		Sterilizasyon kabı kilitleri
42281900	3	42280000		Sterilizasyon sargıları ve ambalaj malzemeleri
42281901	4	42281900		Sterilizasyon sargıları veya poşetleri için tutucular veya arabalar
42281902	4	42281900		Sterilizasyon sargıları veya dış sargıları
42281903	4	42281900		Sterilizasyon toz kılıfları
42281904	4	42281900		Sterilizasyon poşetleri
42281905	4	42281900		Sterilizasyon ısı yapıştırıcıları
42281906	4	42281900		Sterilizasyon enstrüman bantları
42281907	4	42281900		Sterilizasyon enstrüman koruyucuları
42281908	4	42281900		Sterilizasyon enstrüman tepsisi astarları
42281909	4	42281900		Sterilizasyon etiketleme tabancaları
42281912	4	42281900		Sterilizasyon havluları
42281913	4	42281900		Sterilizasyon tüpleri
42281914	4	42281900		Sterilizasyon tek kullanımlık kapları
42281915	4	42281900		Sterilizasyon makaraları
42281916	4	42281900		Sterilizasyon torbaları
42282000	3	42280000		Enstrüman temizleme cihazları ve aksesuarları
42282010	4	42282000		Tıbbi ekipman ve enstrüman dezenfektan yıkama ekipmanları
42282017	4	42282000		Ultrasonik temizleme ekipmanları
42290000	2	42000000		Cerrahi ürünler
42291500	3	42290000		Cerrahi kemik biyopsisi aletleri ve ilgili ürünler
42291600	3	42290000		Cerrahi kesme aletleri ve ilmek tuzakları ve ilgili ürünler
42291614	4	42291600		Cerrahi makaslar
42291632	4	42291600		Cerrahi neşter veya bıçak veya trefin aksesuarları
42291700	3	42290000		Cerrahi el matkapları ve raybalar ve delme aletleri ve aksesuarları ve ilgili ürünler
42291701	4	42291700		Cerrahi el veya helezon matkapları veya matkap kitleri
42291800	3	42290000		Cerrahi kelepçeler ve pensetler ve cerrahi bağlayıcılar ve ilgili aletler
42291801	4	42291800		Cerrahi bant bağlayıcı uygulayıcıları veya bantları veya ilgili ürünler
42291900	3	42290000		Cerrahi enstrüman ve tüp tutucuları ve konumlandırıcıları
42292000	3	42290000		Cerrahi aynalar
42292001	4	42292000		Cerrahi aynalar
42292100	3	42290000		Cerrahi yerleştiriciler ve çıkarıcılar ve ilgili ürünler
42292300	3	42290000		Cerrahi bükme demirleri ve sıkıştırıcılar ve pensler ve gericiler ve anahtarlar ve ilgili ürünler
42292400	3	42290000		Cerrahi kılavuzlar (tap) ve döndürücüler ve ilgili ürünler
42292403	4	42292400		Cerrahi cırcır kolları
42292500	3	42290000		Cerrahi çekiçler ve tokmaklar ve darbe aletleri ve presler ve ilgili ürünler
42292600	3	42290000		Cerrahi genişleticiler ve problar ve oluklar ve ilgili ürünler
42292700	3	42290000		Cerrahi diseksiyon aletleri ve elevatörler ve kazıyıcılar ve ilgili ürünler
42292800	3	42290000		Cerrahi işaretleme aletleri
42292801	4	42292800		Oftalmik işaretleme aletleri
42292802	4	42292800		Genel kullanım için cerrahi işaretleme aletleri
42292803	4	42292800		Biyopsi sızdırmazlık ve işaretleme cihazları
42292900	3	42290000		Sütür ve cerrahi doku kapatma aletleri ve ilgili ürünler
42292901	4	42292900		Cerrahi serklaj aletleri
42292903	4	42292900		Cerrahi iğne tutucuları
42292904	4	42292900		Cerrahi sütür veya tel geçiriciler veya ilgili ürünler
42292907	4	42292900		Cilt germe sistemleri
42292908	4	42292900		Cerrahi büzme (purse-string) cihazları
42293000	3	42290000		Cerrahi ölçüm cihazları ve ilgili ürünler
42293001	4	42293000		Cerrahi kumpaslar veya cetveller veya iletkiler
42293002	4	42293000		Cerrahi ölçüm mastarları veya çubukları
42293003	4	42293000		Cerrahi greft ölçüm aletleri
42293004	4	42293000		Cerrahi boyutlandırma aletleri veya şablonları
42293005	4	42293000		Cerrahi valf boyutlandırma aletleri
42293006	4	42293000		Cerrahi şerit metreler
42293100	3	42290000		Cerrahi ekartörler ve ilgili ürünler
42293300	3	42290000		Cerrahi distraksiyon ve kompresyon ve kombinasyon aletleri ve ilgili ürün
42293400	3	42290000		Cerrahi manipülatörler ve implant konumlandırıcıları ve ilgili ürünler
42293500	3	42290000		Cerrahi emme ve irrigasyon ürünleri
42293511	4	42293500		Tıbbi veya cerrahi emme veya vakum cihazı aksesuarları
42293514	4	42293500		Tıbbi veya cerrahi emme kabı astarları
42293515	4	42293500		Tıbbi veya cerrahi emme tüpleri
42293518	4	42293500		Emmeli veya emmesiz cerrahi irrigasyon pompası ekipmanları veya darbeli lavaj
42293519	4	42293500		Tıbbi sıvı katılaştırıcılar
42293521	4	42293500		Tıbbi veya cerrahi emme kapları
42293522	4	42293500		Tıbbi veya cerrahi emme veya vakum cihazları
42293523	4	42293500		Tıbbi veya cerrahi emme setleri veya kitleri
42293524	4	42293500		Tıbbi emme kanülleri için kutular
42293525	4	42293500		Tıbbi veya cerrahi yer emme matları veya aparatı
42293528	4	42293500		Emme pompası, elektrikli
42293529	4	42293500		Emme pompası, manuel
42293600	3	42290000		Cerrahi bujiler ve sondalar ve ilgili ürünler
42293605	4	42293600		Cerrahi sonda setleri
42293700	3	42290000		Cerrahi ezicileri ve kazıcılar ve parçalayıcılar ve ilgili ürünler
42293800	3	42290000		Cerrahi geçiriciler ve arayıcılar ve tünel açıcılar ve sıyırıcılar ve ilgili ürünler
42293900	3	42290000		Cerrahi yara tamponlama aletleri ve ilgili ürünler
42293901	4	42293900		Cerrahi laparotomi halkaları
42293902	4	42293900		Cerrahi yara tamponlama aletleri
42294000	3	42290000		Cerrahi spatulalar ve kaşıklar ve kepçeler ve ilgili ürünler
42294100	3	42290000		Cerrahi iskelet traksiyon cihazları ve ilgili ürünler
42294200	3	42290000		Cerrahi alet setleri ve sistemleri ve tepsileri
42294202	4	42294200		Eksternal fiksasyon alet setleri veya sistemleri
42294203	4	42294200		Genel cerrahi alet setleri
42294212	4	42294200		Üroloji cerrahi alet setleri
42294222	4	42294200		Yerleştiriciler veya kılavuz pimleri veya kılavuz telleri veya kılavuz çubukları
42294300	3	42290000		Minimal invaziv meme biyopsisi aletleri ve malzemeleri ve ekipmanları
42294400	3	42290000		Vasküler ve kardiyak sistemler
42294401	4	42294400		Ven toplama kitleri veya sistemleri
42294402	4	42294400		Koroner görüntüleme sistemleri
42294500	3	42290000		Oftalmik özel cihazlar ve ilgili ürünler
42294600	3	42290000		Ototransfüzyon ürünleri
42294601	4	42294600		Ototransfüzyon kan veya transfer torbaları
42294602	4	42294600		Ototransfüzyon kase kitleri veya santrifüj kitleri
42294603	4	42294600		Ototransfüzyon üniteleri
42294604	4	42294600		Ototransfüzyon filtreleri
42294605	4	42294600		Ototransfüzyon hazneleri
42294606	4	42294600		Ototransfüzyon tüp setleri veya kitleri
42294607	4	42294600		Ototransfüzyon valfleri
42294611	4	42294600		Ototransfüzyon atık toplama sistemleri
42294700	3	42290000		Açık kalp perfüzyon ekipmanları ve monitörleri ve aksesuarları ve ilgili ürünler
42294900	3	42290000		Endoskopik aletler
42294902	4	42294900		Endoskopik aplikatörler veya elevatörler
42294903	4	42294900		Endoskopik aspirasyon veya biyopsi iğneleri
42294904	4	42294900		Endoskopik ısırma blokları veya kayışları
42294905	4	42294900		Endoskopik temizleme fırçaları veya ilgili ürünler
42294906	4	42294900		Endoskopik kesme aletleri
42294907	4	42294900		Endoskopik sitoloji veya mikrobiyoloji fırçaları
42294908	4	42294900		Endoskopik kelepçe veya diseksiyon aleti veya kavrayıcı veya penset
42294909	4	42294900		Endoskopik genişleticiler veya şişirme cihazları
42294910	4	42294900		Endoskopik monopolar veya bipolar kablo
42294913	4	42294900		Endoskopik hemostatik balonlar veya iğneler veya tüpler veya aksesuarları
42294914	4	42294900		Endoskopik alet setleri
42294915	4	42294900		Endoskopik enstrüman ayırıcıları
42294917	4	42294900		Endoskopik insüflasyon iğneleri
42294919	4	42294900		Endoskopik kılavuz tel veya glidewire
42294920	4	42294900		Endoskopik lazer aletleri
42294921	4	42294900		Endoskopik düğüm iticileri veya verme sistemleri
42294922	4	42294900		Endoskopik bağlayıcılar (ligatör)
42294923	4	42294900		Endoskopik manipülatörler
42294924	4	42294900		Endoskopik monopolar veya bipolar el aletleri
42294925	4	42294900		Endoskopik iğneler veya zımbalar
42294926	4	42294900		Endoskopik overtüpler
42294927	4	42294900		Endoskopik enstrüman paketleri veya tepsileri veya kitleri
42294928	4	42294900		Endoskopik problar
42294929	4	42294900		Endoskopik ekartörler
42294930	4	42294900		Endoskopik ilmek tuzakları veya ilmek telleri
42294931	4	42294900		Endoskopik numune alma pensetleri
42294933	4	42294900		Endoskopik emme veya irrigasyon uçları veya koagülasyon probları
42294934	4	42294900		Endoskopik sütür cihazları
42294936	4	42294900		Endoskopik çalışma elemanları veya çalışma kanalları
42294937	4	42294900		Endoskoplar veya aynalar için buğu azaltma cihazları
42294938	4	42294900		Endoskoplar için sızdırmazlık kapakları
42294939	4	42294900		Endoskopik valfler
42294941	4	42294900		Endoskopik biliyer drenaj setleri
42294942	4	42294900		Endoskopik enstrüman contaları
42294943	4	42294900		Endoskopik valf üniteleri
42294944	4	42294900		Endoskopik aksesuar kitleri
42294946	4	42294900		Endoskopik ölçerler
42294948	4	42294900		Endoskopik ağızlıklar
42294949	4	42294900		Endoskopik kılavuz tel kolları
42294950	4	42294900		Endoskopik matkaplar veya matkap uçları
42294951	4	42294900		Endoskopik küçük eklem enstrüman setleri
42294952	4	42294900		Endoskopik geri alıcılar veya setleri
42294953	4	42294900		Endoskopik çıkarıcılar
42294954	4	42294900		Endoskopik doku veya numune çıkarma cihazları
42294955	4	42294900		Endoskopik kancalar
42294956	4	42294900		Endoskopik kılavuz tel izleyicileri
42294957	4	42294900		Endoskopik tıraşlayıcı ağızları
42294958	4	42294900		Endoskopik damar sızdırmazlık ve kesme aparatları
42294959	4	42294900		Endoskopik sfinkterotomlar
42294972	4	42294900		Endoskopik veya cerrahi ışık kaynakları
42294978	4	42294900		Endoskopik trokarlar veya kılıflar veya obturatörler veya kanüller
42295000	3	42290000		Endoskopik ekipman aksesuarları ve ilgili ürünler
42295001	4	42295000		Endoskop bakım üniteleri
42295002	4	42295000		Endoskop depolama dolapları
42295003	4	42295000		Endoskop duvar askıları
42295004	4	42295000		Endoskopik ekipman veya prosedür arabaları
42295005	4	42295000		Endoskopik ekipman setleri
42295006	4	42295000		Endoskopik ısıtıcı prob üniteleri veya ısıtıcı problar
42295013	4	42295000		Endoskop ucu koruyucusu veya kılıfları
42295014	4	42295000		Endoskopik enstrüman kutuları
42295015	4	42295000		Endoskopik lensler
42295016	4	42295000		Cerrahi veya endoskopik video kablosu
42295100	3	42290000		Cerrahi ekipman ve aksesuarları ve ilgili ürünler
42295101	4	42295100		Cerrahi kullanım için leğen veya kova sehpaları
42295104	4	42295100		Elektrocerrahi veya elektrokoter ekipmanları
42295112	4	42295100		Ameliyathane hasta prosedür masaları
42295120	4	42295100		Cerrahi litotriptörler
42295121	4	42295100		Cerrahi mikroskoplar veya lupler veya büyüteçler
42295122	4	42295100		Cerrahi pnömatik veya elektrikli turnikeler
42295123	4	42295100		Cerrahi emme makineleri veya vakum çıkarıcıları veya ultrasonik cerrahi aspiratörler veya regülatörler
42295137	4	42295100		Gastroenteroloji ekipmanları veya malzemeleri
42295148	4	42295100		Cerrahi seyrüsefer sistemleri
42295150	4	42295100		Doğum odası veya sezaryen hasta prosedür masası aksesuarları
42295167	4	42295100		Cerrahi emme makinesi veya vakum çıkarıcı veya ultrasonik cerrahi aspiratör veya regülatör aksesuarları
42295200	3	42290000		Cerrahi güç ekipmanları ve aksesuarları ve ilgili ürünler
42295201	4	42295200		Cerrahi dermatomlar veya dermabrazyon aletleri
42295202	4	42295200		Cerrahi pnömatik veya bataryalı veya elektrikli testereler veya matkaplar
42295203	4	42295200		Cerrahi güç ekipmanı setleri
42295204	4	42295200		Cerrahi güçlü raybalar
42295300	3	42290000		Açık kalp cerrahi malzemeleri ve aksesuarları ve ilgili ürünler
42295313	4	42295300		Mobil tıbbi hizmet turnikeler veya kelepçeler
42295400	3	42290000		Cerrahi destek malzemeleri
42295401	4	42295400		Pille çalışan cerrahi koter kalemleri
42295402	4	42295400		Cerrahi işaretleme kalemleri
42295406	4	42295400		Laparotomi veya cerrahi X ışını ile tespit edilebilir spançlar veya havlular
42295408	4	42295400		Cerrahi fırçalama fırçaları
42295409	4	42295400		Cerrahi aplikatörler
42295410	4	42295400		Cerrahi leğen setleri veya paketleri
42295411	4	42295400		Cerrahi bıçak tutucuları veya kırıcıları
42295413	4	42295400		Cerrahi kanal fırçaları
42295414	4	42295400		Cerrahi özel prosedür paketleri
42295415	4	42295400		Cerrahi ekipman kılıfları
42295417	4	42295400		Cerrahi ışık kolu kılıfları
42295418	4	42295400		Cerrahi manyetik paspaslar
42295419	4	42295400		Cerrahi sinir stimülatörleri
42295421	4	42295400		Cerrahi hazırlık fırçalama veya boyama çözeltileri
42295422	4	42295400		Hasta için cerrahi fırçalama veya hazırlık kitleri
42295423	4	42295400		Cerrahi keskin veya spanç sayaçları
42295424	4	42295400		Cerrahi tıraş kitleri veya hazırlık jiletleri
42295426	4	42295400		Cerrahi numune toplama tuzakları veya kapları
42295427	4	42295400		Cerrahi enstrüman fırçaları veya enstrüman stileleri veya enstrüman mendilleri
42295435	4	42295400		Kulak koruyucuları veya siperleri
42295440	4	42295400		Endoskopik kateter adaptörleri
42295446	4	42295400		İç organ tutucuları
42295448	4	42295400		Cerrahi sıçrama koruyucuları
42295451	4	42295400		Cerrahi hazırlık eldivenleri
42295452	4	42295400		Cilt hazırlama kapları
42295453	4	42295400		Cerrahi drenler veya dren setleri
42295454	4	42295400		Cerrahi el koruyucuları
42295456	4	42295400		Cerrahi keçe veya kumaş veya yama
42295458	4	42295400		Cerrahi eldivenler için kurutma veya pudralama ekipmanları
42295459	4	42295400		Cerrahi kullanım için sıvı dekantasyon cihazları
42295460	4	42295400		Ortopedik implantlar için koruyucu kapaklar
42295461	4	42295400		Doku tutkalları veya sistemleri veya aplikatörleri
42295462	4	42295400		Ürodinamik kateterler veya aksesuarları
42295464	4	42295400		Organ koruma çözeltileri
42295465	4	42295400		Nörofizyolojik izleme sistemleri
42295470	4	42295400		Trombosit konsantrasyon sistemleri
42295471	4	42295400		Kemik iliği aspirasyon sistemleri
42295480	4	42295400		Cerrahi özelleştirilebilir paketler
42295484	4	42295400		Biliyer taş yerinden oynatıcıları
42295500	3	42290000		Cerrahi implantlar ve genişleticiler ve uzatıcılar ve cerrahi teller ve ilgili ürünler
42295502	4	42295500		İnsan dokusu implantları
42295513	4	42295500		Cerrahi ağ veya doku bariyerleri
42295600	3	42290000		Beyin omurilik sıvısı BOS drenajı ürünleri ve aksesuarları
42295800	3	42290000		Cerrahi termo ablasyon sistemleri ve aksesuarları
42295900	3	42290000		Stentler
42295910	4	42295900		Biliyer stentler
42295911	4	42295900		Periferik stentler
42295912	4	42295900		Koroner stentler
42296000	3	42290000		Kardiyovasküler implantlar
42296100	3	42290000		Nöroşirurji implantları
42296200	3	42290000		Cerrahi robotik ekipmanlar ve aksesuarları ve ilgili ürünler
42296201	4	42296200		Cerrahi robotik klips uygulama aletleri
42296202	4	42296200		Cerrahi robotik diseksiyon aletleri
42296203	4	42296200		Cerrahi robotik elektrokoter aletleri
42296204	4	42296200		Cerrahi robotik kavrayıcılar veya pensetler
42296205	4	42296200		Cerrahi robotik kanca aletleri
42296206	4	42296200		Cerrahi robotik düğüm itici veya verme aletleri
42296207	4	42296200		Cerrahi robotik iğne sürücüleri
42296208	4	42296200		Cerrahi robotik ekartör aletleri
42296209	4	42296200		Cerrahi robotik neşterler ve bıçaklar
42296210	4	42296200		Cerrahi robotik makaslar
42296211	4	42296200		Cerrahi robotik ultrasonik enerji aletleri
42296212	4	42296200		Cerrahi robotik trokarlar veya kılıflar veya obturatörler veya kanüller
42296300	3	42290000		Endoskoplar
42296305	4	42296300		Bronkoskoplar
42296311	4	42296300		Sistoskoplar veya sistoüretroskoplar
42296318	4	42296300		Özofagoskoplar
42296323	4	42296300		Laparoskoplar veya laparoskopik teleskoplar
42296324	4	42296300		KBB laringoskopları
42296335	4	42296300		Rezektoskoplar
42296400	3	42290000		Endoskopik ekipmanlar
42296401	4	42296400		Endoskop veya enstrüman konumlandırıcıları veya tutucuları
42296402	4	42296400		Endoskopik sıvı yönetim sistemleri veya aksesuarları
42296404	4	42296400		Endoskopik görüntüleme sistemleri veya aksesuarları
42296406	4	42296400		Endoskopik insüflasyon veya genişletme üniteleri veya aksesuarları
42296407	4	42296400		Endoskopik yazıcılar veya film veya aksesuarları
42296408	4	42296400		Endoskopik video kameraları veya kaydedicileri veya adaptörleri veya aksesuarları
42296409	4	42296400		Endoskopik su şişeleri veya aksesuarları
42296411	4	42296400		Endoskopik dönüştürücüler
42296412	4	42296400		Endoskopik diyaframlar
42296413	4	42296400		Endoskopik insüflasyon filtreleri
42296414	4	42296400		Endoskopik insüflasyon tüpleri
42296600	3	42290000		Tıbbi stereotaktik sistemler
42296700	3	42290000		Cerrahi kemik simanları ve ilgili ürünler
42296701	4	42296700		Kraniyal onarım reçine kitleri
42296702	4	42296700		Cerrahi kemik simanı karıştırıcıları
42296703	4	42296700		Cerrahi kemik simanı enjektörleri
42296704	4	42296700		Cerrahi kemik simanı kitleri
42296705	4	42296700		Cerrahi kemik simanları
42296800	3	42290000		Cerrahi aletler ve aksesuarları
42296812	4	42296800		Kraniyotomi cerrahi aletleri
42296818	4	42296800		Cerrahi geri alıcı setleri
42300000	2	42000000		Tıbbi eğitim ve öğretim malzemeleri
42301500	3	42300000		Tıbbi eğitim yardımcıları
42301501	4	42301500		Tıbbi eğitim için anatomik insan modelleri
42301502	4	42301500		Tıbbi eğitim için anatomik insan mankenleri
42301503	4	42301500		Kardiyopulmoner resüsitasyon CPR eğitim yardımcıları
42301504	4	42301500		Tıbbi eğitim için kitler
42301505	4	42301500		Hemşire veya tıbbi sıkıştırmalı altlıklar (clipboard)
42301506	4	42301500		Çift kulaklıklı stetoskoplar
42301507	4	42301500		Tıbbi personel eğitimi için eğitim videoları
42301508	4	42301500		Tıbbi ekipman için işletim veya yönerge videoları
42310000	2	42000000		Yara bakım ürünleri
42311500	3	42310000		Bandajlar ve pansumanlar ve ilgili ürünler
42311501	4	42311500		Bandajlar veya pansumanlar için klipsler
42311502	4	42311500		Bandaj veya pansuman tepsileri
42311503	4	42311500		Bandaj sarıcıları
42311506	4	42311500		Kompresyon bandajları
42311510	4	42311500		Köpük pansumanlar
42311512	4	42311500		Gazlı bez spançları
42311513	4	42311500		Jel pansumanlar
42311515	4	42311500		Hidrokolloid pansumanlar
42311517	4	42311500		Bandajlar veya pansumanlar için sıvı yapıştırıcılar
42311518	4	42311500		Tıbbi göz pedleri veya kapakları
42311519	4	42311500		Tıbbi yapışmaz kayışlar
42311520	4	42311500		Tıbbi yapışmaz bantlar
42311523	4	42311500		Macun bandajlar
42311524	4	42311500		Vazelin pansumanlar
42311527	4	42311500		Şeffaf film pansumanlar
42311528	4	42311500		Islak pansuman sistemleri
42311531	4	42311500		Genel kullanım için pansuman kılıfları
42311537	4	42311500		Bandaj makasları veya malzemeleri
42311539	4	42311500		Bandaj aplikatörleri
42311540	4	42311500		Aljinat pansumanlar
42311541	4	42311500		Biyolojik pansumanlar
42311543	4	42311500		Pansuman sabitleyicileri
42311546	4	42311500		Yapışkanlı kuru bandajlar
42311548	4	42311500		Tıbbi veya cerrahi bant dağıtıcıları
42311551	4	42311500		Tıbbi veya cerrahi bant sökücüler
42311552	4	42311500		Genel kullanım için tıbbi ve cerrahi yapışkan bantlar
42311555	4	42311500		Şeffaf yapışkan yara bandı yıkamaya dayanıklı
42311600	3	42310000		Hemostatik ajanlar
42311606	4	42311600		Topikal hemostatik ajanlar
42311607	4	42311600		Cerrahi hemostatik ajanlar
42312000	3	42310000		Tıbbi doku kapatma ve ilgili ürünler
42312010	4	42312000		Harici kullanım için tıbbi zımbalar
42312014	4	42312000		Anastomoz halkaları
42312100	3	42310000		Ostomi malzemeleri ve cerrahi olmayan yara drenajı ürünleri
42312101	4	42312100		Ostomi cihazı yapıştırıcıları
42312102	4	42312100		Ostomi cihazları
42312103	4	42312100		Ostomi temizleyicileri veya deodorantları
42312104	4	42312100		Ostomi toplama malzemeleri
42312105	4	42312100		Ostomi cilt bariyerleri veya koruyucu bakım kitleri
42312106	4	42312100		Ostomi iç parçaları
42312107	4	42312100		Ostomi gofretleri (wafer)
42312108	4	42312100		Yara drenajı keseleri
42312109	4	42312100		Ostomi torbası halkaları
42312110	4	42312100		Ostomi başlangıç kitleri
42312111	4	42312100		Ostomi torbası kılıfları
42312112	4	42312100		Ostomi kemerleri
42312113	4	42312100		Ostomi torbası tıpaları
42312115	4	42312100		Ostomi irrigasyon kolları
42312200	3	42310000		Sütürler ve ilgili ürünler
42312201	4	42312200		Sütürler
42312202	4	42312200		Sütür kitleri veya tepsileri veya paketleri veya setleri
42312203	4	42312200		Sütür düğmeleri veya köprüleri
42312204	4	42312200		Sütür botları ve yakalama cihazları
42312206	4	42312200		Sütür iğneleri
42312207	4	42312200		Sütür alma kitleri veya tepsileri veya paketleri veya setleri
42312208	4	42312200		Sütür sökücüler
42312209	4	42312200		Göbek bağı bantları
42312300	3	42310000		Yara temizleme ve debridman ürünleri
42312301	4	42312300		Yara temizliği için emiciler
42312302	4	42312300		Debridman spançları
42312303	4	42312300		Yara tedavisi için darbeli lavaj sistemleri
42312304	4	42312300		Otolitik debridman ürünleri
42312305	4	42312300		Enzimatik debridman ürünleri
42312306	4	42312300		Mekanik debridman ürünleri
42312307	4	42312300		Cerrahi debridman ürünleri
42312309	4	42312300		Yara irrigasyon sistemleri
42312310	4	42312300		Yara temizleme şişeleri
42312311	4	42312300		Yara dezenfektan kitleri
42312312	4	42312300		Yara bakım veya temizleme tepsileri
42312313	4	42312300		Yara temizleme çözeltileri
42312400	3	42310000		Yara tamponlama ürünleri
42312401	4	42312400		Kalsiyum aljinat yara tamponu
42312402	4	42312400		Burun atelleri veya stentleri
42312403	4	42312400		Yara bakımı için tamponlama şeritleri
42312500	3	42310000		Yara destekleri ve malzemeleri ve aksesuarları
42312501	4	42312500		Meme destek bağları
42312502	4	42312500		Karın bağları
42312503	4	42312500		Skrotum destekleri
42312504	4	42312500		Yüz destek giysileri
42312600	3	42310000		Negatif basınç ve oksijen terapisi yara bakım ürünleri
42312603	4	42312600		Negatif basınçlı pansumanlar
42320000	2	42000000		Ortopedik cerrahi implantlar
43000000	1		G	Bilgi Teknolojisi Yayıncılık ve Telekomünikasyon
43190000	2	43000000		İletişim Cihazları ve Aksesuarları
43191500	3	43190000		Kişisel iletişim cihazları
43191501	4	43191500		Cep telefonları
43191502	4	43191500		Çağrı cihazları
43191503	4	43191500		Ankesörlü telefonlar
43191504	4	43191500		Sabit telefonlar
43191505	4	43191500		Telesekreterler
43191507	4	43191500		Özel amaçlı telefonlar
43191508	4	43191500		Dijital telefonlar
43191509	4	43191500		Analog telefonlar
43191510	4	43191500		İki yönlü telsizler
43191511	4	43191500		IP telefonlar
43191512	4	43191500		Dijital geliştirilmiş kablosuz telekomünikasyon DECT kablosuz telefonlar
43191513	4	43191500		Görüntülü telefon
43191514	4	43191500		Uydu telefonu
43191515	4	43191500		Hoparlörlü telefon
43191516	4	43191500		Anahtar (key) telefon sistemi
43191517	4	43191500		Yüksek Frekanslı Telsiz Seti, Masaüstü
43191518	4	43191500		Yüksek Frekanslı Telsiz Seti, Mobil
43191519	4	43191500		Çok Yüksek Frekanslı Telsiz Seti, Masaüstü
43191520	4	43191500		Çok Yüksek Frekanslı Telsiz Seti, Mobil
43191521	4	43191500		Çok Yüksek Frekanslı Telsiz Seti, El Tipi
43191600	3	43190000		Kişisel iletişim cihazı aksesuarları veya parçaları
43191601	4	43191600		Cep telefonu ön kapakları
43191602	4	43191600		Telefon çeviricileri (dialer)
43191603	4	43191600		Telefon uzatma kabloları
43191604	4	43191600		Telefon ön kapakları
43191605	4	43191600		Telefon ahizesi kabloları
43191606	4	43191600		Telefon ahizeleri
43191607	4	43191600		Telefon kulaklığı kulak veya hoparlör süngerleri
43191608	4	43191600		Telefon kulaklığı ses tüpleri
43191609	4	43191600		Telefon kulaklıkları
43191610	4	43191600		Kişisel iletişim tutucuları veya montaj aparatları, sehpalar
43191611	4	43191600		Telefon hattı koruyucuları
43191612	4	43191600		Telefon altlıkları
43191614	4	43191600		Telefon ses dönüştürücüleri
43191615	4	43191600		Araç eller serbest telefon seti
43191616	4	43191600		Centrex telefon konsolu
43191618	4	43191600		Konuşma kayıt üniteleri
43191619	4	43191600		Telefon sinyal cihazları
43191621	4	43191600		Ahize adaptörleri
43191622	4	43191600		Çağrı cihazı modülleri veya aksesuarları
43191623	4	43191600		Ankesörlü telefon madeni para mekanizmaları
43191624	4	43191600		Ankesörlü telefon madeni para olukları
43191625	4	43191600		Ankesörlü telefon madeni para kutuları
43191626	4	43191600		Ankesörlü telefon hazneleri (hopper)
43191627	4	43191600		Ankesörlü telefon madeni para kutusu kasa kapakları
43191628	4	43191600		Ankesörlü telefon mikrofon rüzgarlıkları
43191629	4	43191600		Dizüstü veya avuçiçi koruyucuları veya ön kapakları
43191630	4	43191600		Cep telefonu başlangıç kitleri
43191631	4	43191600		Telefon veya modem jak adaptörleri veya ülke kitleri veya seyahat kitleri
43191632	4	43191600		Telefon anteni
43191633	4	43191600		Anahtar telefon alt seti
43191634	4	43191600		Anahtar telefon sistemi için genişletme kartı
43191635	4	43191600		Mikrofonlu Kulaklık
43200000	2	43000000		Bilgi teknolojisi veya yayıncılık veya telekomünikasyon bileşenleri
43201400	3	43200000		Sistem Kartları
43201401	4	43201400		Grafik veya video hızlandırıcı kartlar
43201402	4	43201400		Bellek modülü kartları
43201403	4	43201400		Modem kartları
43201404	4	43201400		Ağ arabirim kartları
43201405	4	43201400		Optik ağ alıcı kartları
43201406	4	43201400		Optik ağ verici kartları
43201407	4	43201400		Çevre birimi kontrol kartları
43201409	4	43201400		Kablosuz ağ arabirim kartları
43201410	4	43201400		Anahtar portları veya kartları
43201411	4	43201400		Çevre bileşeni ara bağlantısı PCI kartı
43201412	4	43201400		PCMCIA veya PC kartı
43201413	4	43201400		Manyetik şerit kartı
43201414	4	43201400		Sabit disk koruyucusu
43201415	4	43201400		Abone kimlik modülü SIM kartı
43201416	4	43201400		Veri toplama kartı
43201417	4	43201400		Multimedya entegre kartı
43201500	3	43200000		Sistem kartı işlemcileri arabirimleri veya modülleri
43201501	4	43201500		Asenkron transfer modu ATM telekomünikasyon arabirim kartları
43201502	4	43201500		Ses hızlandırıcı kartlar
43201503	4	43201500		Merkezi işlem birimi CPU işlemcileri
43201507	4	43201500		Alt kartlar (daughterboard)
43201508	4	43201500		Dispersiyon telafi fiber modülü DCFM'ler
43201509	4	43201500		Santral veri iletişim modülleri
43201513	4	43201500		Ana kartlar
43201522	4	43201500		Paralel port kartları
43201531	4	43201500		Video yakalama kartları
43201533	4	43201500		Müzik aleti dijital arabirim MIDI arabirimleri
43201534	4	43201500		Santral bileşeni CODEC arabirimleri
43201535	4	43201500		Seri kızılötesi portlar
43201537	4	43201500		Yazıcı sunucuları (print server)
43201538	4	43201500		Merkezi işlem birimi soğutucuları
43201539	4	43201500		Konsol denetleyici ana bilgisayar
43201540	4	43201500		Kanal dönüştürücü
43201541	4	43201500		Kanaldan kanala arabirim ana bilgisayarı
43201542	4	43201500		Kontrol ünitesi
43201543	4	43201500		Birleştirici tesis ana bilgisayarı
43201544	4	43201500		Arabirim veriyolu dönüştürücüsü veya denetleyicisi
43201545	4	43201500		Faks kartları
43201546	4	43201500		Ses konferansı kartları
43201547	4	43201500		Ses kartları (voice board)
43201549	4	43201500		Arabirim veriyolu anahtarları
43201550	4	43201500		Ağ paketi veri senkronizasyon cihazı
43201552	4	43201500		Donanım veya telefon adaptörleri
43201553	4	43201500		Alıcı-vericiler ve ortam dönüştürücüleri
43201554	4	43201500		Kişisel bilgisayar televizyon PC TV tunerleri
43201555	4	43201500		PC radyo tunerleri
43201556	4	43201500		Küçük bilgisayar sistemi ara bağlantısı SCSI adaptörleri
43201557	4	43201500		Bağımsız diskler yedekli dizisi RAID denetleyicileri
43201558	4	43201500		Fiber kanal denetleyicisi
43201559	4	43201500		Seri port kartları
43201560	4	43201500		Yardımcı işlemci (coprocessor)
43201600	3	43200000		Şasi bileşenleri
43201601	4	43201600		Bilgisayar kasaları
43201602	4	43201600		Ağ ekipmanı kasaları
43201603	4	43201600		Şasi istifleme bileşenleri
43201604	4	43201600		Elektronik ekipman bölmeleri veya sepetleri
43201605	4	43201600		Genişleticiler (expander)
43201608	4	43201600		Çıkarılabilir sürücü çerçeveleri
43201609	4	43201600		Depolama cihazı tepsileri veya düzenekleri
43201610	4	43201600		Arka panel veya paneller veya düzenekler
43201611	4	43201600		Bilgisayar beşikleri (cradle)
43201612	4	43201600		Bilgisayar ön panelleri
43201614	4	43201600		Konsol uzatıcıları
43201615	4	43201600		Sürücü yuvası kapak kitleri
43201616	4	43201600		Sabit disk dizisi kuleleri
43201617	4	43201600		Kart kafesleri
43201618	4	43201600		Bilgisayar rafı bileşeni
43201619	4	43201600		Bilgisayar soğutma fanı
43201800	3	43200000		Ortam depolama cihazları
43201801	4	43201800		Disket sürücüler
43201802	4	43201800		Sabit disk dizileri
43201803	4	43201800		Sabit diskler
43201806	4	43201800		Bant dizileri
43201807	4	43201800		Bant sürücüleri
43201808	4	43201800		Salt okunur kompakt disk CD
43201809	4	43201800		Okuma yazma kompakt disk CD
43201810	4	43201800		Salt okunur dijital çok yönlü disk DVD
43201811	4	43201800		Okuma yazma dijital çok yönlü disk DVD
43201812	4	43201800		Manyeto-optik MO sürücüler
43201813	4	43201800		Yüksek kapasiteli çıkarılabilir ortam sürücüleri
43201814	4	43201800		Elektronik ortam veya veri çoğaltma ekipmanları
43201815	4	43201800		Çevre bileşeni mikrokanal ara bağlantı mimarisi okuyucu ve yazıcı sürücüleri
43201816	4	43201800		Ultra yoğun optik UDO sürücüler veya otomatik yükleyiciler veya kütüphaneler
43201817	4	43201800		Kompakt disk CD sürücüsü
43201818	4	43201800		Dijital video disk DVD sürücüsü
43201819	4	43201800		Salt okunur yüksek tanımlı dijital çok yönlü disk HD DVD
43201820	4	43201800		Okuma yazma yüksek tanımlı dijital çok yönlü disk HD DVD
43201821	4	43201800		Salt okunur Blu-ray disk BD
43201822	4	43201800		Okuma yazma Blu-ray disk BD
43201823	4	43201800		Multimedya sabit disk sürücüsü HDD oynatıcı
43201825	4	43201800		Disk yayıncısı (disc publisher)
43201826	4	43201800		Kompakt disk salt okunur bellek CD ROM dizisi
43201827	4	43201800		Taşınabilir sabit disk depolama cihazı
43201828	4	43201800		Dijital video disk ses DVD-A
43201829	4	43201800		Dijital video disk video DVD-V
43201830	4	43201800		Katı hal sürücüsü SSD
43201831	4	43201800		Telekomünikasyon bellek ünitesi
43201832	4	43201800		Optik veya kompakt disk jukebox'ı
43201833	4	43201800		Dijitalden analoga dönüştürme sistemi
43201834	4	43201800		Depolama cihazı denetleyicisi
43201835	4	43201800		Ağa bağlı depolama NAS cihazı
43201900	3	43200000		Ortam depolama cihazı aksesuarları
43201902	4	43201900		Optik disk değiştiricileri
43201903	4	43201900		Bant sürücü kütüphaneleri
43201904	4	43201900		Dijital video disk ses video DVD-AV
43201905	4	43201900		Bant ünitesi temizleme kiti
43202000	3	43200000		Çıkarılabilir depolama ortamı
43202001	4	43202000		Kompakt diskler CD'ler
43202002	4	43202000		Boş bantlar
43202003	4	43202000		Dijital çok yönlü diskler DVD'ler
43202004	4	43202000		Disketler
43202005	4	43202000		Flaş bellek depolama kartı
43202006	4	43202000		Manyeto-optik MO diskleri
43202007	4	43202000		Yüksek kapasiteli çıkarılabilir ortam boş diskleri
43202008	4	43202000		Ultra yoğun optik UDO boş diskler
43202009	4	43202000		Boş ses kaseti
43202010	4	43202000		Kalem veya flaş bellek
43202100	3	43200000		Çıkarılabilir depolama ortamı aksesuarları
43202101	4	43202100		Kompakt disk kutuları
43202102	4	43202100		Disket kutuları
43202103	4	43202100		Multimedya depolama tutucuları
43202104	4	43202100		Dikey helis taramalı VHS video kaseti depolaması veya aksesuarları
43202105	4	43202100		Çoklu medya dolapları
43202106	4	43202100		Taşınabilir ortam kutusu veya cüzdanı
43202107	4	43202100		Kompakt disk veya dijital çok yönlü disk CD/DVD çantası
43202108	4	43202100		Bellek kartı kutusu
43202200	3	43200000		Elektronik cihazlar için alt montajlar
43202201	4	43202200		Telefon parçaları
43202202	4	43202200		Telefon zil jeneratörleri
43202204	4	43202200		Harici zil veya parçaları
43202205	4	43202200		Tuş kapakları veya tuşları
43202206	4	43202200		Depolama sürücüsü veya giriş cihazı bileşenleri
43202207	4	43202200		Kafa montaj kolları ve düzeneği
43202208	4	43202200		Kablo düzenekleri
43202209	4	43202200		Kafa yığını düzenekleri
43202210	4	43202200		Çarpışma durdurucuları
43202211	4	43202200		Plakalar veya diskler
43202212	4	43202200		Okuma yazma kafası düzenekleri
43202213	4	43202200		Disk motor sürücüleri
43202214	4	43202200		Tarak düzenekleri
43202215	4	43202200		Klavye veya fare kablosu
43202216	4	43202200		Yazıcı bağlantı kablosu
43202217	4	43202200		Bilgisayar kablosu tutucusu
43202218	4	43202200		Bilgisayar kablosu kılıfı
43202219	4	43202200		Otomotiv ısıtma havalandırma klima HVAC kontrol başlığı düzeneği
43202220	4	43202200		Otomotiv ısıtma havalandırma klima HVAC güç modülü
43202221	4	43202200		Otomotiv ısıtma havalandırma klima HVAC direnç düzeneği
43202222	4	43202200		Bilgisayar kablosu
43202223	4	43202200		Güç Kaynağı, Bilgisayar
43210000	2	43000000		Bilgisayar Ekipmanları ve Aksesuarları
43211500	3	43210000		Bilgisayarlar
43211501	4	43211500		Bilgisayar sunucuları
43211502	4	43211500		Üst düzey bilgisayar sunucuları
43211503	4	43211500		Dizüstü bilgisayarlar
43211504	4	43211500		Kişisel dijital asistan PDA veya organizatörler
43211505	4	43211500		Satış noktası POS terminali
43211506	4	43211500		İnce istemci (thin client) bilgisayarlar
43211507	4	43211500		Masaüstü bilgisayarlar
43211508	4	43211500		Kişisel bilgisayarlar
43211509	4	43211500		Tablet bilgisayarlar
43211510	4	43211500		Ana bilgisayar konsolu veya basit terminaller
43211511	4	43211500		Giyilebilir bilişim cihazları
43211512	4	43211500		Ana bilgisayarlar (mainframe)
43211513	4	43211500		Ultra mobil kişisel bilgisayar
43211514	4	43211500		Bilgisayar kiosku
43211515	4	43211500		Bilgisayar iş istasyonu
43211516	4	43211500		Mini bilgisayar
43211517	4	43211500		Analog bilgisayar
43211518	4	43211500		Çok ekranlı bilgisayar
43211519	4	43211500		Elektronik okuyucu veya E-okuyucu
43211520	4	43211500		Barebone (donanımsız) bilgisayar
43211521	4	43211500		Hepsi bir arada masaüstü bilgisayar
43211522	4	43211500		Ortak Kullanıcı Self Servis Kiosku (CUSS)
43211600	3	43210000		Bilgisayar aksesuarları
43211601	4	43211600		Bilgisayar anahtar kutuları
43211602	4	43211600		Yerleştirme istasyonları (docking)
43211603	4	43211600		Port çoğaltıcıları (replikatör)
43211604	4	43211600		Çevre birimi anahtar kutuları
43211605	4	43211600		Sinyal işlemci yükseltmeleri
43211606	4	43211600		Multimedya kitleri
43211607	4	43211600		Bilgisayar hoparlörleri
43211608	4	43211600		Kodlayıcı çözücü ekipmanları
43211609	4	43211600		Evrensel seri veri yolu USB hub'ları veya konnektörleri
43211610	4	43211600		Bilgisayar ülke veya yerelleştirme kitleri
43211611	4	43211600		El tipi PDA Başlangıç Kitleri
43211612	4	43211600		Bilgisayar aksesuar kitleri
43211613	4	43211600		Bilgisayar veya dizüstü sehpaları
43211614	4	43211600		Bluetooth evrensel seri veri yolu USB adaptörü
43211615	4	43211600		Dizüstü bilgisayar genişletme yuvası (dock)
43211616	4	43211600		Kişisel dijital yardımcı PDA tutucusu
43211617	4	43211600		Evrensel seri veri yolu USB uzatma kablosu
43211618	4	43211600		Evrensel seri veri yolu genel paket radyo hizmeti USB GPRS modemi
43211619	4	43211600		Dizüstü bilgisayar taşıma çantası
43211700	3	43210000		Bilgisayar veri giriş cihazları
43211701	4	43211700		Barkod okuyucu ekipmanları
43211702	4	43211700		Manyetik şerit okuyucuları ve kodlayıcıları
43211704	4	43211700		Para tanıma ekipmanları
43211705	4	43211700		Oyun kollu veya joystickler
43211706	4	43211700		Klavyeler
43211707	4	43211700		Işık kalem (light stylus)
43211708	4	43211700		Bilgisayar faresi veya trackball'ları
43211709	4	43211700		Basınç kalem (pressure stylus)
43211710	4	43211700		Radyo frekansı tanımlama cihazları
43211711	4	43211700		Tarayıcılar
43211712	4	43211700		Grafik tabletleri
43211713	4	43211700		Dokunmatik yüzeyler
43211714	4	43211700		Biyometrik kimlik tespit ekipmanları
43211715	4	43211700		Taşınabilir veri giriş terminalleri
43211717	4	43211700		Optik karakter tanıma sistemleri
43211718	4	43211700		Otomatik veri toplama için kamera tabanlı görüntü sistemleri
43211719	4	43211700		Bilgisayarlar için ses mikrofonları
43211720	4	43211700		Satış noktası ödeme terminali
43211721	4	43211700		Delikli kart okuyucuları
43211722	4	43211700		Kartvizit tarayıcısı
43211723	4	43211700		Elektronik oylama veya oy sayım ekipmanları
43211724	4	43211700		Bilgisayar çevre birimi kiti
43211725	4	43211700		Kompakt disk veya dijital çok yönlü disk CD/DVD temizleyici
43211726	4	43211700		Dijital kalem
43211727	4	43211700		Manyetik mürekkep karakter tanıma MICR cihazı
43211728	4	43211700		Akıllı kart sahte (dummy) terminali
43211729	4	43211700		Optik işaret okuyucu
43211730	4	43211700		Veri toplama sistemi
43211731	4	43211700		Görüntü analizörü
43211732	4	43211700		Dijital film okuyucu
43211733	4	43211700		Havayolu Bileti Doğrulayıcısı
43211734	4	43211700		Seyahat Belgesi Okuma Ekipmanı
43211800	3	43210000		Bilgisayar veri giriş cihazı aksesuarları
43211801	4	43211800		Bilgisayar veri giriş cihazı kılıfları
43211802	4	43211800		Fare altlıkları
43211803	4	43211800		Klavye koruyucuları (skin)
43211804	4	43211800		Klavye çekmeceleri veya rafları
43211805	4	43211800		Depolama cihazları için servis kitleri
43211806	4	43211800		Klavye bilek desteği
43211807	4	43211800		Fare bilek desteği
43211900	3	43210000		Bilgisayar ekranları
43211901	4	43211900		Katot ışını tüplü CRT monitörler
43211902	4	43211900		Sıvı kristal ekran LCD panelleri veya monitörleri
43211903	4	43211900		Dokunmatik ekran monitörler
43211904	4	43211900		Plazma ekran panelleri PDP
43211905	4	43211900		Organik ışık yayan ekranlar
43211906	4	43211900		Karakter ekranları
43211907	4	43211900		Başa takılan ekranlar
43211908	4	43211900		Vakum floresan ekran
43211909	4	43211900		Poli ışık yayan diyot LED ekran
43211910	4	43211900		Ekran eğme mekanizması
43211911	4	43211900		Dokunmatik ekran camı
43211912	4	43211900		Dokunmatik ekran filmi
43211913	4	43211900		LCD aktif ekran
43211914	4	43211900		LCD pasif ekran
43212000	3	43210000		Bilgisayar ekran aksesuarları
43212001	4	43212000		Bilgisayar ekranı parlama önleyici ekranları
43212002	4	43212000		Monitör kolları veya sehpaları
43212003	4	43212000		Monitör bileşenleri
43212100	3	43210000		Bilgisayar yazıcıları
43212101	4	43212100		Bant yazıcılar
43212102	4	43212100		Nokta vuruşlu yazıcılar
43212103	4	43212100		Boya süblimasyonlu yazıcılar
43212104	4	43212100		Mürekkep püskürtmeli yazıcılar
43212105	4	43212100		Lazer yazıcılar
43212106	4	43212100		Satır matrisli yazıcılar
43212107	4	43212100		Plotter yazıcılar
43212108	4	43212100		Termal bant yazıcılar
43212109	4	43212100		Bagaj etiketi yazıcısı
43212110	4	43212100		Çok fonksiyonlu yazıcılar
43212111	4	43212100		Uçak bileti veya biniş kartı ATB yazıcıları
43212112	4	43212100		Satış noktası POS fiş yazıcıları
43212113	4	43212100		Kompakt disk CD veya etiketleme yazıcıları
43212114	4	43212100		Dijital görüntü yazıcıları
43212115	4	43212100		Barkod yazıcısı
43212116	4	43212100		Radyo frekansı tanımlama RFID etiketi yazıcısı
43212117	4	43212100		Yazıcı denetleyicisi
43212118	4	43212100		Şerit Yazıcı
43212200	3	43210000		Bilgisayar veri depolama yönetim sistemleri
43212201	4	43212200		Depolama sanallaştırma sistemi
43220000	2	43000000		Veri Ses veya Multimedya Ağ Ekipmanları veya Platformları ve Aksesuarları
43221500	3	43220000		Çağrı yönetim sistemleri veya aksesuarları
43221501	4	43221500		Otomatik operatör sistemleri
43221502	4	43221500		Otomatik çağrı dağıtıcısı ACD
43221503	4	43221500		Telekom anonsçuları
43221504	4	43221500		Kurumsal santral PBX sistemleri
43221505	4	43221500		Bağımsız telefon arayan kimliği
43221506	4	43221500		Telekonferans konsolu
43221507	4	43221500		Otomatik çeviriciler (autodialer)
43221508	4	43221500		Telefon meşgul lamba alanları
43221509	4	43221500		Telefon arama muhasebe sistemleri
43221510	4	43221500		Telefon çağrı yönlendirici veya iletici
43221513	4	43221500		Telefon çağrı sıralayıcıları
43221514	4	43221500		Telefon yedek çevirme üniteleri
43221515	4	43221500		Telefon hattı paylaşım cihazları
43221516	4	43221500		Telefon hattı durum monitörleri
43221517	4	43221500		Telefon ekipmanı servis gözlem üniteleri
43221518	4	43221500		Telefon ekipmanı tarife kısıtlayıcıları
43221519	4	43221500		Sesli mesaj sistemleri
43221520	4	43221500		Etkileşimli ses tanıma ekipmanları
43221521	4	43221500		Telekomünikasyon uzaktan erişim ünitesi
43221522	4	43221500		Telekonferans ekipmanları
43221523	4	43221500		Bekletme müziği veya mesajı çalar
43221524	4	43221500		Bekletme müziği adaptörü
43221525	4	43221500		Dahili haberleşme (interkom) sistemleri
43221526	4	43221500		Telefonlu giriş sistemleri
43221527	4	43221500		Dinleme (wiretap) koruyucusu
43221528	4	43221500		Denetim sinyal ünitesi
43221529	4	43221500		Çağrı sayacı
43221530	4	43221500		Santral sinyal cihazı
43221531	4	43221500		Sesli İletişim Sistemi
43221532	4	43221500		Radyo Bağlantı Sistemleri
43221533	4	43221500		Özel Otomatik Santral (PABX)
43221534	4	43221500		Karasal Trunk Telsiz (TETRA)
43221537	4	43221500		İnterkom Sistemi Bakım Aletleri ve Aksesuarları
43221600	3	43220000		Dijital abone döngüsü DSL erişim ekipmanları ve bileşenleri ve aksesuarları
43221601	4	43221600		DSL santral içi POTS ayırıcısı
43221602	4	43221600		DSL santral içi ayırıcı rafı
43221603	4	43221600		DSL müşteri tarafı ekipmanı CPE POTS ayırıcısı
43221604	4	43221600		Dijital abone döngüsü veya hattı XDSL ekipmanları
43221700	3	43220000		Sabit ağ ekipmanları ve bileşenleri
43221701	4	43221700		Televizyon çekirdek ekipmanları
43221702	4	43221700		Televizyon erişim ekipmanları
43221703	4	43221700		Televizyon antenleri
43221704	4	43221700		Radyo çekirdek ekipmanları
43221705	4	43221700		Radyo erişim ekipmanları
43221706	4	43221700		Radyo antenleri
43221707	4	43221700		Mikrodalga çekirdek ekipmanları
43221708	4	43221700		Mikrodalga erişim ekipmanları
43221709	4	43221700		Mikrodalga antenleri
43221710	4	43221700		Uydu çekirdek ekipmanları
43221711	4	43221700		Uydu erişim ekipmanları
43221712	4	43221700		Uydu antenleri
43221713	4	43221700		Kısa dalga çekirdek ekipmanları
43221714	4	43221700		Kısa dalga erişim ekipmanları
43221715	4	43221700		Kısa dalga antenleri
43221716	4	43221700		Çağrı cihazı çekirdek ekipmanları
43221717	4	43221700		Çağrı cihazı erişim ekipmanları
43221718	4	43221700		Radar antenleri
43221719	4	43221700		Hava taşıtı antenleri
43221720	4	43221700		Otomotiv antenleri
43221721	4	43221700		Radyo frekansı veri iletişim ekipmanları
43221722	4	43221700		Küresel konumlama sistemi GPS anteni
43221723	4	43221700		Hücresel anten
43221724	4	43221700		Zaman senkronize jeneratör
43221725	4	43221700		Sinyal bölücü
43221726	4	43221700		Anten için reflektör
43221727	4	43221700		Anten aksesuarı
43221728	4	43221700		Radom veya radar kubbesi
43221729	4	43221700		Taşınabilir anten
43221730	4	43221700		Kablolu telekomünikasyon vericisi
43221731	4	43221700		Su altı iletişim sistemi
43221732	4	43221700		Hoparlör kontrol ünitesi
43221733	4	43221700		Uzaktan otomatik sayaç okuma sistemi
43221734	4	43221700		Uydu İletişim Ekipmanı
43221735	4	43221700		Çok Küçük Açıklıklı Terminal (VSAT) Sistemi
43221736	4	43221700		Cospas/Sarsat Sistemi (Arama ve Kurtarma Uydu Sistemi Komple)
43221737	4	43221700		Cospas-Sarsat Yer İstasyonları
43221738	4	43221700		Acil Durum Konum Belirleme Vericisi (ELT)
43221739	4	43221700		HF Verici ve İlgili Ekipman
43221740	4	43221700		Uydu İletişim Ekipmanı
43221741	4	43221700		VHF Vericileri ve İlgili Ekipman
43221742	4	43221700		VHF/VDL Verici, AM
43221743	4	43221700		UHF Vericileri ve İlgili Ekipman
43221744	4	43221700		VHF Alıcıları ve İlgili Ekipman
43221745	4	43221700		HF Alıcı-Verici
43221746	4	43221700		VHF Alıcı-Verici, AM
43221747	4	43221700		VHF Alıcı-Verici, FM
43221748	4	43221700		VHF Alıcı-Verici, UHF Tek ve Çok Kanallı
43221749	4	43221700		Hücresel Ekipman
43221750	4	43221700		Hücresel Radyo-Mobil Sistemler ve Terminaller
43221800	3	43220000		Optik ağ cihazları
43221801	4	43221800		Optik yükselticiler
43221802	4	43221800		Optik ağ veya iletişim filtreleri
43221803	4	43221800		Optik adaptörler
43221804	4	43221800		Optik ağ lazerleri
43221805	4	43221800		Asenkron transfer modu ATM ağ ekipmanları
43221806	4	43221800		Senkron optik ağ SONET ağ ekipmanları
43221807	4	43221800		Telekomünikasyon yoğun dalga boyu bölmeli çoğullama DWDM filtreleri
43221808	4	43221800		Senkron dijital hiyerarşi SDH telekom ekipmanları
43221809	4	43221800		Optik verici
43221810	4	43221800		Optik çoğullayıcı
43221811	4	43221800		Optik anahtar
43222500	3	43220000		Ağ güvenliği ekipmanları
43222501	4	43222500		Güvenlik duvarı ağ güvenliği ekipmanları
43222502	4	43222500		VPN ağ güvenliği ekipmanları
43222503	4	43222500		Zafiyet Değerlendirme Güvenlik Ekipmanları
43222504	4	43222500		Radyo karıştırma (jamming) vericisi
43222600	3	43220000		Ağ servis ekipmanları
43222602	4	43222600		Kablo head-end ekipmanları
43222604	4	43222600		İçerik dağıtım ağı ekipmanları
43222605	4	43222600		Ağ geçidi
43222606	4	43222600		İnternet servis düğümü başlatma kitleri
43222607	4	43222600		Önbellek motoru ekipmanları
43222608	4	43222600		Ağ tekrarlayıcıları (repeater)
43222609	4	43222600		Ağ yönlendiricileri
43222610	4	43222600		Ağ servis yoğunlaştırıcıları veya hub'ları
43222611	4	43222600		Ağ kanalı veya veri servis üniteleri
43222612	4	43222600		Ağ anahtarları
43222615	4	43222600		Depolama alanı ağı SAN anahtarı
43222619	4	43222600		Video ağ ekipmanları
43222620	4	43222600		Çok hizmetli anahtar
43222621	4	43222600		İçerik anahtarı (content switch)
43222622	4	43222600		Sunucu yük dengeleyici
43222623	4	43222600		Dijital çapraz bağlantı DCX ekipmanları
43222624	4	43222600		Optik çapraz bağlantı ekipmanları
43222625	4	43222600		Erişim sunucuları
43222626	4	43222600		Kablo modemleri
43222627	4	43222600		Entegre hizmetler dijital ağı ISDN erişim cihazları
43222628	4	43222600		Modemler
43222629	4	43222600		Modem bankaları
43222630	4	43222600		Çok istasyonlu erişim birimleri
43222631	4	43222600		Kablosuz (Wifi) baz istasyonları
43222632	4	43222600		Geniş bant toplayıcıları
43222633	4	43222600		Uzaktan yönetim adaptörleri
43222634	4	43222600		Ağ yönetimi veya izleme cihazı
43222635	4	43222600		Ağ ekipmanı yükseltme kiti
43222636	4	43222600		Ağ uygulama motoru
43222637	4	43222600		Gigabayt pasif optik ağ GPON
43222638	4	43222600		Yönetilen kiralık hat ağı MLLN ekipmanları
43222639	4	43222600		İnternet protokolü IP multimedya alt sistemi donanımı
43222640	4	43222600		Kablosuz erişim noktası
43222641	4	43222600		İnternet protokolü paylaşım cihazı
43222642	4	43222600		Yönlendirme anahtarı (routing switcher)
43222643	4	43222600		Kablo ağı test cihazı
43222644	4	43222600		Ağ trafiği denetleyicisi
43222700	3	43220000		Telgraf ekipmanları
43222701	4	43222700		Telgraf tuşları
43222702	4	43222700		Telgraf elektromıknatısları
43222703	4	43222700		Telgraf ses üreticileri
43222704	4	43222700		Telgraf santralı
43222800	3	43220000		Telefon ekipmanları
43222801	4	43222800		Geniş bant veya dar bant dijital çapraz bağlantı DCX ekipmanları
43222802	4	43222800		Devre santral ekipmanları
43222803	4	43222800		Dijital döngü taşıyıcı DLC'ler
43222805	4	43222800		Özel santral PBX ekipmanları
43222806	4	43222800		Punch down blok
43222811	4	43222800		Telefon ekipmanı alarm üniteleri
43222813	4	43222800		Telefon santralı parça kitleri
43222814	4	43222800		Telekomünikasyon ekipmanı kurulum veya modifikasyon kitleri
43222815	4	43222800		Telekomünikasyon terminal üniteleri
43222816	4	43222800		Telefon tuşlayıcıları (keyer)
43222817	4	43222800		Telekomünikasyon tekrarlayıcıları
43222818	4	43222800		Telefon dağıtım terminal çerçevesi
43222819	4	43222800		Port bağlantı panelleri
43222820	4	43222800		Ses yankı gidericileri
43222822	4	43222800		Zaman bölmeli çoğullayıcı TDM
43222823	4	43222800		Dalga bölmeli çoğullayıcı WDM
43222824	4	43222800		Havai kablo silindirleri
43222825	4	43222800		Telefon modifikasyon kitleri
43222826	4	43222800		Taşıyıcı terminal
43222827	4	43222800		Çoğullayıcı veya MUX
43222900	3	43220000		Telefon ekipmanı aksesuarları
43222901	4	43222900		Hat şartlandırıcıları
43222902	4	43222900		Telefon kablosu hava kurutucuları
43222903	4	43222900		Telekomünikasyon kulesi veya desteği
43223000	3	43220000		Teleteyp ekipmanları
43223001	4	43223000		Teleteyp giriş cihazları
43223100	3	43220000		Dijital mobil ağ altyapı ekipmanları ve bileşenleri
43223101	4	43223100		2G GSM mobil çekirdek ağ ekipmanları ve bileşenleri
43223102	4	43223100		2G GSM kablosuz erişim ağı ekipmanları ve bileşenleri
43223103	4	43223100		2,5G GPRS mobil çekirdek ağ ekipmanları ve bileşenleri
43223104	4	43223100		2,5G GPRS kablosuz erişim ağı ekipmanları ve bileşenleri
43223105	4	43223100		3G UMTS mobil çekirdek ağ ekipmanları ve bileşenleri
43223106	4	43223100		3G UMTS kablosuz erişim ağı ekipmanları ve bileşenleri
43223107	4	43223100		WLAN mobil çekirdek ağ ekipmanları ve bileşenleri
43223108	4	43223100		WLAN kablosuz erişim ağı ekipmanları ve bileşenleri
43223109	4	43223100		IN SSP anahtarlama ekipmanları
43223110	4	43223100		IN mobil çekirdek ekipmanları
43223111	4	43223100		OSS mobil çekirdek ağ ekipmanları ve bileşenleri
43223112	4	43223100		OSS kablosuz erişim ağı ekipmanları ve bileşenleri
43223113	4	43223100		GSM UMT LAN anteni
43223200	3	43220000		Mobil mesajlaşma platformları
43223201	4	43223200		Sesli mesajlaşma portalı
43223202	4	43223200		Kısa mesaj servis merkezi
43223203	4	43223200		Multimedya servis merkezi
43223204	4	43223200		Birleşik mesajlaşma platformu
43223205	4	43223200		Anlık mesajlaşma platformu
43223206	4	43223200		Kablosuz internet ağ geçidi
43223207	4	43223200		Video akış sistemi
43223208	4	43223200		Mobil veya mesajlaşma oyun platformu
43223209	4	43223200		Konum tabanlı mesajlaşma servis platformları
43223210	4	43223200		Mikro ödeme mesajlaşma sistemleri
43223211	4	43223200		Çağrı denetleyicileri (paging)
43223212	4	43223200		Çağrı terminalleri (paging)
43223300	3	43220000		Veri iletişimi ve ağ bağlantısı kurulum cihazları ve ekipmanları
43223301	4	43223300		Veri iletişimi çapraz bağlantı sistemi ve aksesuarları
43223302	4	43223300		Veri iletişimi etiketi
43223303	4	43223300		Veri iletişimi patch kablosu
43223305	4	43223300		Ağ kablo yönetim paneli düzeneği
43223306	4	43223300		Ağ sistemi dolabı veya muhafazası
43223307	4	43223300		Ağ sistemi kablolama kutusu
43223308	4	43223300		Ağ sistemi ekipman rafı
43223309	4	43223300		Patch panel
43223310	4	43223300		Fiber optik konnektör
43223311	4	43223300		Fiber optik zayıflatıcı (atenüatör)
43223312	4	43223300		Fiber optik kablo soyucu
43223313	4	43223300		Fiber optik sıkıştırıcı (crimper)
43223314	4	43223300		Fiber optik parlatma aparatı
43223315	4	43223300		Fiber optik alet bıçak seti
43223316	4	43223300		Fiber optik çizici (scribe)
43223317	4	43223300		Fiber optik tampon sökücü
43223318	4	43223300		Fiber optik verici (emitter)
43223319	4	43223300		Fiber optik dedektör
43223320	4	43223300		Fiber optik süreklilik test cihazı
43223321	4	43223300		Fiber optik konnektör klipsi
43223322	4	43223300		Fiber optik destek tutamağı
43223323	4	43223300		Fiber optik adaptör
43223324	4	43223300		Fiber optik parlatma filmi
43223325	4	43223300		Fiber optik sürüntü çubuğu (swab)
43223326	4	43223300		Fiber optik patch kablosu
43223327	4	43223300		Fiber optik arıza bulucusu
43223328	4	43223300		Fiber optik patch panel
43223329	4	43223300		Fiber optik ışık kaynağı
43223330	4	43223300		Fiber optik konnektör montaj aleti
43223331	4	43223300		Fiber optik iç parça (insert)
43223332	4	43223300		Fiber optik alet kiti
43223333	4	43223300		Fiber optik skop oküleri
43223334	4	43223300		Fiber optik alet ve kalıp seti
43223335	4	43223300		Fiber optik müzik teli (kılavuz tel)
43223336	4	43223300		Fiber optik skop adaptörü
43223337	4	43223300		Fiber optik muhafaza
43223338	4	43223300		Fiber optik bağlantı kapatma elemanı
43223339	4	43223300		Fiber optik dağıtım kutusu
43223340	4	43223300		Fiber optik füzyon ekleyici
43223341	4	43223300		Birleştirici (combiner)
43223342	4	43223300		Dalga kılavuzu ve bağlantı kiti
43223343	4	43223300		Ağ punchdown aleti
43230000	2	43000000		Yazılım
43231500	3	43230000		İş fonksiyonuna özel yazılım
43231501	4	43231500		Yardım masası veya çağrı merkezi yazılımı
43231503	4	43231500		Satın alma yazılımı
43231505	4	43231500		İnsan kaynakları yazılımı
43231506	4	43231500		Malzeme ihtiyaç planlama lojistik ve tedarik zinciri yazılımı
43231507	4	43231500		Proje yönetimi yazılımı
43231508	4	43231500		Stok yönetimi yazılımı
43231509	4	43231500		Barkodlama yazılımı
43231510	4	43231500		Etiket yapma yazılımı
43231511	4	43231500		Uzman sistem yazılımı
43231512	4	43231500		Lisans yönetimi yazılımı
43231513	4	43231500		Ofis paketi yazılımı
43231514	4	43231500		Satış ve pazarlama yazılımı
43231515	4	43231500		Posta ve nakliye yazılımı
43231516	4	43231500		Denetim (audit) yazılımı
43231517	4	43231500		Prosedür yönetimi yazılımı
43231600	3	43230000		Finans muhasebe ve kurumsal kaynak planlama ERP yazılımı
43231601	4	43231600		Muhasebe yazılımı
43231602	4	43231600		Kurumsal kaynak planlama ERP yazılımı
43231603	4	43231600		Vergi beyannamesi hazırlama yazılımı
43231604	4	43231600		Finansal analiz yazılımı
43231605	4	43231600		Zaman muhasebesi yazılımı
43231606	4	43231600		Faturalandırma Yazılımı
43232000	3	43230000		Bilgisayar oyunu veya eğlence yazılımı
43232001	4	43232000		Aksiyon oyunları
43232002	4	43232000		Macera oyunları
43232003	4	43232000		Spor oyunları
43232004	4	43232000		Aile yazılımı
43232005	4	43232000		Müzik veya ses düzenleme yazılımı
43232100	3	43230000		İçerik oluşturma ve düzenleme yazılımı
43232101	4	43232100		Desen tasarım yazılımı
43232102	4	43232100		Grafik veya foto görüntüleme yazılımı
43232103	4	43232100		Video oluşturma ve düzenleme yazılımı
43232104	4	43232100		Kelime işlem yazılımı
43232105	4	43232100		Grafik (çizelge) yazılımı
43232106	4	43232100		Sunum yazılımı
43232107	4	43232100		Web sayfası oluşturma ve düzenleme yazılımı
43232108	4	43232100		Takvim ve çizelgeleme yazılımı
43232110	4	43232100		Elektronik tablo yazılımı
43232111	4	43232100		Optik karakter okuyucu OCR veya tarama yazılımı
43232112	4	43232100		Masaüstü yayıncılık yazılımı
43232200	3	43230000		İçerik yönetimi yazılımı
43232201	4	43232200		İçerik iş akışı yazılımı
43232202	4	43232200		Belge yönetimi yazılımı
43232203	4	43232200		Dosya sürümleme yazılımı
43232204	4	43232200		Gömülü metin girişi yazılımı
43232205	4	43232200		Font yazılımı
43232300	3	43230000		Veri yönetimi ve sorgulama yazılımı
43232301	4	43232300		Kategorize etme veya sınıflandırma yazılımı
43232302	4	43232300		Kümeleme yazılımı
43232303	4	43232300		Müşteri ilişkileri yönetimi CRM yazılımı
43232304	4	43232300		Veritabanı yönetim sistemi yazılımı
43232305	4	43232300		Veritabanı raporlama yazılımı
43232306	4	43232300		Veritabanı kullanıcı arabirimi ve sorgulama yazılımı
43232307	4	43232300		Veri madenciliği yazılımı
43232309	4	43232300		Bilgi erişim veya arama yazılımı
43232310	4	43232300		Meta veri yönetimi yazılımı
43232311	4	43232300		Nesne yönelimli veritabanı yönetim yazılımı
43232312	4	43232300		Portal sunucu yazılımı
43232313	4	43232300		İşlem sunucusu yazılımı
43232314	4	43232300		İş zekası ve veri analizi yazılımı
43232400	3	43230000		Geliştirme yazılımı
43232401	4	43232400		Konfigürasyon yönetimi yazılımı
43232402	4	43232400		Geliştirme ortamı yazılımı
43232403	4	43232400		Kurumsal uygulama entegrasyonu yazılımı
43232404	4	43232400		Grafik kullanıcı arabirimi geliştirme yazılımı
43232405	4	43232400		Nesne veya bileşen yönelimli geliştirme yazılımı
43232406	4	43232400		Program test yazılımı
43232407	4	43232400		Gereksinim analizi ve sistem mimarisi yazılımı
43232408	4	43232400		Web platformu geliştirme yazılımı
43232409	4	43232400		Derleyici ve ters derleyici yazılımı
43232500	3	43230000		Eğitim veya referans yazılımı
43232501	4	43232500		Yabancı dil yazılımı
43232502	4	43232500		Bilgisayar tabanlı eğitim yazılımı
43232503	4	43232500		Yazım denetleyiciler
43232504	4	43232500		Rota seyrüsefer yazılımı
43232505	4	43232500		Multimedya eğitim yazılımı
43232506	4	43232500		Ansiklopedi yazılımı
43232507	4	43232500		Sözlük yazılımı
43232508	4	43232500		Telefon rehberi yazılımı
43232509	4	43232500		Ses sentezleyici ve tanıma yazılımı
43232510	4	43232500		Coğrafi bilgi sistemi
43232600	3	43230000		Sektöre özel yazılım
43232601	4	43232600		Havacılık yer destek yazılımı
43232602	4	43232600		Havacılık test yazılımı
43232603	4	43232600		Tesis yönetimi yazılımı
43232604	4	43232600		Bilgisayar destekli tasarım CAD yazılımı
43232605	4	43232600		Analitik veya bilimsel yazılım
43232606	4	43232600		Uyumluluk yazılımı
43232607	4	43232600		Uçuş kontrol yazılımı
43232608	4	43232600		Endüstriyel kontrol yazılımı
43232609	4	43232600		Kütüphane yazılımı
43232610	4	43232600		Tıbbi yazılım
43232611	4	43232600		Satış noktası POS yazılımı
43232612	4	43232600		Bilgisayar destekli imalat CAM yazılımı
43232613	4	43232600		İmalat yürütme sistemi MES yazılımı
43232614	4	43232600		Bilgisayar destekli tasarım CAD ve bilgisayar destekli imalat CAM sistemi
43232615	4	43232600		Yüz tanıma yazılımı
43232616	4	43232600		Hukuk yönetimi yazılımı
43232617	4	43232600		Meteoroloji kontrol yazılımı
43232618	4	43232600		Radar görüntü işleme yazılımı
43232619	4	43232600		Uydu görüntü işleme yazılımı
43232620	4	43232600		Cospas-Sarsat Yazılımı
43232700	3	43230000		Ağ uygulamaları yazılımı
43232701	4	43232700		Uygulama sunucusu yazılımı
43232702	4	43232700		Masaüstü iletişim yazılımı
43232703	4	43232700		Etkileşimli sesli yanıt yazılımı
43232704	4	43232700		İnternet dizin hizmetleri yazılımı
43232705	4	43232700		İnternet tarayıcı yazılımı
43232800	3	43230000		Ağ yönetimi yazılımı
43232801	4	43232800		Ağ izleme yazılımı
43232802	4	43232800		Ağ işletim sistemi geliştirme yazılımı
43232803	4	43232800		Optik ağ yönetimi yazılımı
43232804	4	43232800		Yönetim yazılımı
43232805	4	43232800		İnternet protokolü IP multimedya alt sistemi yazılımı
43232900	3	43230000		Ağ yazılımı
43232901	4	43232900		Erişim yazılımı
43232902	4	43232900		İletişim sunucusu yazılımı
43232903	4	43232900		İletişim merkezi yazılımı
43232904	4	43232900		Faks yazılımı
43232905	4	43232900		LAN yazılımı
43232906	4	43232900		Çoğullayıcı yazılımı
43232907	4	43232900		Depolama ağı yazılımı
43232908	4	43232900		Anahtar veya yönlendirici yazılımı
43232909	4	43232900		WAN anahtarlama yazılımı ve donanım yazılımı
43232910	4	43232900		Kablosuz yazılım
43232911	4	43232900		Ağ bağlantısı terminal emülasyon yazılımı
43232912	4	43232900		Ağ geçidi yazılımı
43232913	4	43232900		Köprü (bridge) yazılımı
43232914	4	43232900		Modem yazılımı
43232915	4	43232900		Platform birlikte çalışabilirliği yazılımı
43232916	4	43232900		Kızılötesi veri transferi IrDA yazılımı
43233000	3	43230000		İşletim ortamı yazılımı
43233001	4	43233000		Dosya sistemi yazılımı
43233002	4	43233000		Ağ işletim sistemi yazılımı
43233004	4	43233000		İşletim sistemi yazılımı
43233005	4	43233000		Bilgisayar donanım yazılımı (firmware)
43233006	4	43233000		Sanal makine yazılımı
43233200	3	43230000		Güvenlik ve koruma yazılımı
43233201	4	43233200		Kimlik doğrulama sunucusu yazılımı
43233203	4	43233200		Ağ güvenliği veya sanal özel ağ VPN yönetimi yazılımı
43233204	4	43233200		Ağ güvenliği ve sanal özel ağ VPN ekipmanı yazılımı
43233205	4	43233200		İşlem güvenliği ve virüs koruma yazılımı
43233400	3	43230000		Yardımcı program ve cihaz sürücüsü yazılımı
43233401	4	43233400		Kompakt disk CD sunucu yazılımı
43233402	4	43233400		Veri dönüştürme yazılımı
43233403	4	43233400		Veri sıkıştırma yazılımı
43233404	4	43233400		Kompakt disk CD veya DVD veya ses kartı yazılımı
43233405	4	43233400		Cihaz sürücüleri veya sistem yazılımı
43233406	4	43233400		Ethernet sürücü yazılımı
43233407	4	43233400		Grafik kartı sürücü yazılımı
43233410	4	43233400		Yazıcı sürücüsü yazılımı
43233411	4	43233400		Ekran koruyucu yazılımı
43233413	4	43233400		Ses tanıma yazılımı
43233414	4	43233400		Depolama ortamı yükleme yazılımı
43233415	4	43233400		Yedekleme veya arşivleme yazılımı
43233416	4	43233400		Codec yığınları
43233417	4	43233400		El yazısı tanıma yazılımı bileşenleri
43233418	4	43233400		Bellek sürücüleri
43233419	4	43233400		Multimedya yığınları
43233420	4	43233400		Metinden sese dönüştürme yazılımı
43233421	4	43233400		Video sürücüleri
43233500	3	43230000		Bilgi alışverişi yazılımı
43233501	4	43233500		Elektronik posta yazılımı
43233502	4	43233500		Video konferans yazılımı
43233503	4	43233500		Ağ konferansı yazılımı
43233504	4	43233500		Anlık mesajlaşma yazılımı
43233505	4	43233500		Ortam müziği veya reklam mesajlaşma yazılımı
43233506	4	43233500		Harita oluşturma yazılımı
43233507	4	43233500		Mobil operatöre özel standart yazılım
43233508	4	43233500		Mobil operatöre özel uygulama yazılımı
43233509	4	43233500		Mobil mesajlaşma servisi yazılımı
43233510	4	43233500		Mobil internet hizmetleri yazılımı
43233511	4	43233500		Mobil konum tabanlı hizmetler yazılımı
43233512	4	43233500		Zil sesi yazılımı
43233513	4	43233500		Hizmet olarak bulut tabanlı veri erişimi ve paylaşımı yazılımı
43233600	3	43230000		Elektrikli Ekipman yazılımı
43233601	4	43233600		Motor Sürücü Yazılımı
43233602	4	43233600		Güç İzleme Yazılımı
43233603	4	43233600		Programlanabilir Lojik Kontrol Yazılımı
43233700	3	43230000		Sistem yönetimi yazılımı
43233701	4	43233700		Kurumsal sistem yönetimi yazılımı
44000000	1		G	Ofis Ekipmanları ve Aksesuarları ve Malzemeleri
44100000	2	44000000		Ofis makineleri ve malzemeleri ve aksesuarları
44101500	3	44100000		Çoğaltma makineleri
44101501	4	44101500		Fotokopi makineleri
44101503	4	44101500		Çok fonksiyonlu makineler
44101504	4	44101500		Dijital gönderici (digital sender)
44101505	4	44101500		Dijital teksir makineleri
44101506	4	44101500		Faks anahtarlama makineleri
44101507	4	44101500		Mürekkep püskürtmeli faks makinesi
44101508	4	44101500		Lazer faks makinesi
44101509	4	44101500		Termal faks makinesi
44101510	4	44101500		Hava faksı veya radyofaks
44101511	4	44101500		Mimeograf (teksir) ve aksesuarları
44101600	3	44100000		Kağıt işleme makineleri ve aksesuarları
44101601	4	44101600		Kağıt kesme makineleri veya aksesuarları
44101602	4	44101600		Kağıt delme veya ciltleme makineleri
44101603	4	44101600		Kağıt öğütme makineleri veya aksesuarları
44101604	4	44101600		Taban koruma tahtaları
44101605	4	44101600		Kağıt düzeltme makineleri
44101606	4	44101600		Kağıt ayırma makineleri
44101607	4	44101600		Kağıt pres makinesi
44101608	4	44101600		Kağıt öğütücü torbası
44101700	3	44100000		Yazıcı ve fotokopi ve faks aksesuarları
44101701	4	44101700		Renk seçenekleri veya yükseltmeleri
44101702	4	44101700		Çift taraflı baskı tepsileri
44101703	4	44101700		Çift taraflı baskı üniteleri
44101704	4	44101700		Faks ahizeleri
44101705	4	44101700		Ofis makinesi tepsileri veya besleyicileri
44101706	4	44101700		Fotoiletken veya görüntüleme üniteleri
44101707	4	44101700		Zımba üniteleri
44101708	4	44101700		Ozon filtreleri
44101709	4	44101700		Ayna düzenekleri
44101710	4	44101700		Manyetik algılama düzenekleri
44101711	4	44101700		Kompresör düzeneği
44101712	4	44101700		Posta kutusu istifleyicileri
44101713	4	44101700		Kopya sayaçları
44101714	4	44101700		Ofis makineleri için faks üniteleri
44101715	4	44101700		Tabla kapakları (platen)
44101716	4	44101700		Delik delme üniteleri
44101718	4	44101700		Kızılötesi adaptörler
44101719	4	44101700		Kopya veya tarama aksesuarları
44101720	4	44101700		Dil fontları
44101721	4	44101700		Ortam milleri
44101722	4	44101700		Çok bölmeli posta kutusu güç yükseltmeleri
44101723	4	44101700		Çok bölmeli posta kutuları
44101724	4	44101700		Çok fonksiyonlu yükseltmeler
44101725	4	44101700		Yazıcı dolapları
44101726	4	44101700		Yazıcı emülasyon yükseltmeleri
44101727	4	44101700		Yazıcı sehpaları
44101728	4	44101700		Rulo besleyiciler
44101729	4	44101700		Çıktı istifleyicileri
44101730	4	44101700		Otomatik belge ayırıcısı
44101800	3	44100000		Hesap makineleri ve aksesuarları
44101802	4	44101800		Toplama makineleri
44101803	4	44101800		Muhasebe makineleri
44101804	4	44101800		Yazarkasalar
44101805	4	44101800		Hesap makinesi şeritleri
44101806	4	44101800		Yazarkasa şeritleri
44101807	4	44101800		Cep hesap makinesi
44101808	4	44101800		Bilimsel hesap makinesi
44101809	4	44101800		Masaüstü hesap makinesi
44101810	4	44101800		Yazıcılı hesap makinesi
44101900	3	44100000		Çek ciro ve yazma makineleri
44101901	4	44101900		Çek ciro makineleri
44101902	4	44101900		Çek yazma makineleri
44101903	4	44101900		Banka cüzdanı veya hesap defteri güncelleme makinesi
44101904	4	44101900		Protektograf (çek koruyucu)
44102000	3	44100000		Laminasyon malzemeleri
44102001	4	44102000		Laminasyon filmi
44102002	4	44102000		Laminasyon poşetleri
44102003	4	44102000		Transfer folyoları
44102004	4	44102000		Yaratıcı folyolar
44102100	3	44100000		Posta makineleri
44102101	4	44102100		Frankalama veya posta pulu makineleri
44102102	4	44102100		Posta açma makineleri
44102103	4	44102100		Posta mühürleme makineleri
44102104	4	44102100		Pul iptal makineleri
44102105	4	44102100		Adresleme makineleri
44102106	4	44102100		Mektup katlayıcıları
44102107	4	44102100		Pul yapıştırıcıları
44102108	4	44102100		Posta makinesi aksesuarları
44102109	4	44102100		Otomatik posta makinesi
44102200	3	44100000		Tarayıcı aksesuarları
44102201	4	44102200		Cirolayıcılar
44102202	4	44102200		Tarayıcı belge besleyicileri
44102203	4	44102200		Tarayıcı asetat adaptörleri
44102300	3	44100000		Paketleme makineleri
44102301	4	44102300		Demetleme makineleri
44102302	4	44102300		Koli sarma makineleri
44102303	4	44102300		Mühür presleri
44102304	4	44102300		Mühürleme makineleri
44102305	4	44102300		Çemberleme gericileri veya mühürleyicileri
44102306	4	44102300		Bağlama makineleri
44102307	4	44102300		Harmanlayıcılar
44102400	3	44100000		Etiketleme makineleri
44102402	4	44102400		Tarihleme veya numaralandırma makineleri
44102403	4	44102400		Kimlik kartı presleme makineleri
44102404	4	44102400		Etiket yapıştırma makineleri
44102405	4	44102400		Etiket yapma makineleri
44102406	4	44102400		Harfleme ekipmanları
44102407	4	44102400		Bant kabartmacı
44102408	4	44102400		Otomatik etiketleme sistemleri
44102409	4	44102400		Yarı otomatik etiketleme sistemleri
44102411	4	44102400		Etiket dağıtıcıları
44102412	4	44102400		Yapışkanlı etiket kartuşları
44102413	4	44102400		Kompakt disk veya dijital çok yönlü disk CD/DVD etiketleme sistemi kiti
44102414	4	44102400		Kendinden mürekkepli mühür
44102500	3	44100000		Ayırma makineleri
44102501	4	44102500		Para sayma makineleri
44102502	4	44102500		Ayırıcılar (sorter)
44102503	4	44102500		Madeni para sarma makineleri
44102504	4	44102500		Kağıt ve plastik sayacı
44102600	3	44100000		Daktilo makineleri ve aksesuarları
44102602	4	44102600		Daktilolar
44102603	4	44102600		Yazı tekerlekleri
44102604	4	44102600		Stenotip makineleri
44102605	4	44102600		Dikte makineleri
44102606	4	44102600		Daktilo şeridi
44102607	4	44102600		Kelime işlemciler
44102608	4	44102600		Daktilo baskı elemanları
44102609	4	44102600		Daktilolar için aksesuar veya malzeme kitleri
44102610	4	44102600		Daktilo başlangıç kitleri
44102800	3	44100000		Ciltleme ve laminasyon makineleri
44102801	4	44102800		Laminasyon makineleri
44102802	4	44102800		Termal ciltleme makinesi
44102803	4	44102800		Spiral ciltleme makinesi
44102804	4	44102800		Tarak ciltleme makinesi
44102805	4	44102800		Ciltleme delme makinesi
44102806	4	44102800		Tel ciltleme makinesi
44102900	3	44100000		Ofis makinesi aksesuarları
44102901	4	44102900		Ofis makineleri için seyahat kitleri
44102902	4	44102900		Ofis makineleri için depolama aksesuarları
44102903	4	44102900		Bant temizleyiciler
44102904	4	44102900		Basınçlı hava spreyi
44102905	4	44102900		Küçük kağıt torbalarda nem emici tuzlar
44102906	4	44102900		Bilgisayar veya ofis ekipmanı temizleme kiti
44102907	4	44102900		Ekipman toz kılıfları
44102908	4	44102900		Kompakt disk temizleyicileri veya çizik gidericileri
44102909	4	44102900		Kompakt disk sürücü temizleyicisi
44102910	4	44102900		Laminasyon tepsileri
44102911	4	44102900		Ofis makineleri için temizlik mendilleri
44102912	4	44102900		Ofis ekipmanı için temizleme çözeltileri
44102913	4	44102900		Kompakt disk yok edici
44103000	3	44100000		Fuserler ve aksesuarları
44103001	4	44103000		Fuser temizleme pedleri veya filtreleri
44103002	4	44103000		Fuser yağı
44103003	4	44103000		Fuser sileceği
44103004	4	44103000		Fuserler
44103005	4	44103000		Fuser lambaları veya düzenekleri
44103100	3	44100000		Yazıcı ve faks ve fotokopi malzemeleri
44103101	4	44103100		Yazıcı veya faks veya fotokopi kayışları
44103103	4	44103100		Yazıcı veya faks toneri
44103104	4	44103100		Transfer silindirleri
44103105	4	44103100		Mürekkep kartuşları
44103106	4	44103100		Mürekkep çubukları
44103107	4	44103100		Yazıcı veya faks veya fotokopi temizleme malzemeleri
44103108	4	44103100		Yazıcılar veya fotokopiler için developer
44103109	4	44103100		Yazıcı veya faks veya fotokopi tamburları
44103110	4	44103100		Baskı kafaları
44103111	4	44103100		Mürekkep silindirleri
44103112	4	44103100		Yazıcı şeridi
44103113	4	44103100		Phaser veya mürekkep püskürtmeli kitler
44103114	4	44103100		Lazerjet kaplama kitleri
44103116	4	44103100		Yazıcı için kit
44103117	4	44103100		Faks şeritleri
44103118	4	44103100		Asetat filmi
44103119	4	44103100		Fotokopi için ısı transfer kağıdı
44103120	4	44103100		Toner toplayıcıları
44103121	4	44103100		Yazıcı veya faks veya fotokopi silindir kılavuzları
44103122	4	44103100		Baskı bantları
44103123	4	44103100		Plotter kalemleri
44103124	4	44103100		Termal şerit
44103125	4	44103100		Yazıcı bakım kiti
44103126	4	44103100		Dijital teksir makinesi mürekkebi
44103127	4	44103100		Fotokopi makinesi toneri
44103200	3	44100000		Ofis zaman kayıt makineleri ve aksesuarları
44103201	4	44103200		Mesai kartı makineleri
44103202	4	44103200		Saat damgalama makineleri
44103203	4	44103200		Mesai kartı makinesi yedek şeridi
44103204	4	44103200		Mesai kartı rafları
44103205	4	44103200		Mesai kartları veya çizelgeleri
44103206	4	44103200		Parmak izi mesai ve geçiş kontrol makinesi
44103207	4	44103200		Mesai kartı veya saat makinesi aksesuarları
44103500	3	44100000		Ciltleme makinesi malzemeleri
44103502	4	44103500		Ciltleme kapakları
44103503	4	44103500		Ciltleme sırtları veya çıtçıtları
44103504	4	44103500		Ciltleme bobinleri veya tel halkaları
44103505	4	44103500		Ciltleme tarakları veya şeritleri
44103506	4	44103500		Ciltleme bandı
44103507	4	44103500		Ciltleme Kitleri
44103508	4	44103500		Ciltleme delme kalıbı
44103600	3	44100000		Kaset bertaraf ekipmanları ve aksesuarları
44103601	4	44103600		Kaset veya bant öğütücüleri
44110000	2	44000000		Ofis ve masa aksesuarları
44111500	3	44110000		Organizatörler ve aksesuarları
44111501	4	44111500		Mesaj tutucular veya dağıtıcılar
44111502	4	44111500		Masa çekmecesi organizatörleri
44111503	4	44111500		Masaüstü tepsileri veya organizatörleri
44111506	4	44111500		Kağıt veya ped tutucu veya dağıtıcıları
44111507	4	44111500		Kitap tutucular
44111509	4	44111500		Kalem tutucuları
44111510	4	44111500		Asma organizatörler veya aksesuarları
44111511	4	44111500		Teşhir sistemleri veya aksesuarları
44111512	4	44111500		Broşür rafı
44111513	4	44111500		Ajanda veya takvim destekleri
44111514	4	44111500		Mühür rafları veya organizatörleri
44111515	4	44111500		Dosya depolama kutuları veya organizatörleri
44111516	4	44111500		Kişisel organizatörler
44111517	4	44111500		Çalışma sehpaları
44111518	4	44111500		Kartvizit tutucuları
44111519	4	44111500		Harmanlama rafları
44111520	4	44111500		Yüzey koruyucuları veya pedleri
44111521	4	44111500		Kopya tutucular
44111522	4	44111500		Kitap tutucusu
44111523	4	44111500		Masa organizatörü aksesuar kiti
44111600	3	44110000		Nakit yönetimi malzemeleri
44111601	4	44111600		Para çantaları veya cüzdanları
44111603	4	44111600		Bozuk para ayırıcılar
44111604	4	44111600		Madeni para sarıcıları veya banknot bantları
44111605	4	44111600		Para veya bilet kutuları
44111607	4	44111600		Çek dosyaları
44111608	4	44111600		Kumbara
44111609	4	44111600		Sahte para dedektörleri veya malzemeleri
44111610	4	44111600		Madeni para tepsileri
44111611	4	44111600		Para klipsleri
44111612	4	44111600		Para torbası mührü
44111613	4	44111600		Kredi kartı tutucuları
44111614	4	44111600		Banknot bandı rafları
44111615	4	44111600		Mevduat torbaları
44111616	4	44111600		Çek ayırıcıları
44111617	4	44111600		Madeni para inceleme makinesi
44111618	4	44111600		Ankesörlü telefon kartı
44111800	3	44110000		Teknik çizim malzemeleri
44111801	4	44111800		Şablonlar veya harfleme yardımcıları
44111802	4	44111800		Teknik çizim filmleri
44111803	4	44111800		Pergeller
44111804	4	44111800		Teknik çizim kağıtları
44111805	4	44111800		Eğri cetveller
44111806	4	44111800		İletkiler
44111807	4	44111800		Ölçek cetvelleri
44111808	4	44111800		T cetvelleri
44111809	4	44111800		Şablonlar (template)
44111810	4	44111800		Gönyeler
44111812	4	44111800		Teknik çizim kitleri veya setleri
44111813	4	44111800		Teknik çizim noktaları veya bantları
44111814	4	44111800		Çalışma yüzeyi koruma örtüleri
44111815	4	44111800		Teknik çizim masası örtüleri
44111816	4	44111800		Çoklu (multiplex) çizim makinesi
44111817	4	44111800		Çizim pergeli
44111818	4	44111800		Eidograf
44111900	3	44110000		Panolar
44111901	4	44111900		Planlama panoları veya aksesuarları
44111902	4	44111900		Elektronik kopya panoları veya aksesuarları
44111903	4	44111900		Sehpalar veya aksesuarları
44111904	4	44111900		Harf panoları veya aksesuarları
44111905	4	44111900		Beyaz tahtalar veya aksesuarları
44111906	4	44111900		Yazı tahtaları veya aksesuarları
44111907	4	44111900		İlan panoları veya aksesuarları
44111908	4	44111900		Manyetik panolar veya aksesuarları
44111909	4	44111900		Tahta temizleme kitleri veya aksesuarları
44111910	4	44111900		Asma rayları veya tutucuları
44111911	4	44111900		Etkileşimli beyaz tahtalar veya aksesuarları
44111912	4	44111900		Beyaz tahta silgisi
44111913	4	44111900		Pille çalışan beyaz tahta silgisi
44111914	4	44111900		Çizelge askısı
44112000	3	44110000		Planlama sistemleri
44112001	4	44112000		Adres defterleri veya yedekleri
44112002	4	44112000		Takvimler
44112004	4	44112000		Toplantı planlayıcıları
44112005	4	44112000		Randevu defterleri veya yedekleri
44112006	4	44112000		Ajandalar veya yedekleri
44112007	4	44112000		Öneri kutusu
44112008	4	44112000		Duvar planlayıcıları veya yedekleri
44120000	2	44000000		Ofis malzemeleri
44121500	3	44120000		Posta malzemeleri
44121501	4	44121500		Posta tüpleri
44121503	4	44121500		Posta zarfları (mailer)
44121504	4	44121500		Pencereli zarflar
44121505	4	44121500		Özel zarflar
44121506	4	44121500		Standart zarflar
44121507	4	44121500		Katalog veya mandallı zarflar
44121508	4	44121500		Mesaj düşürücüler
44121509	4	44121500		Posta torbaları
44121510	4	44121500		Posta mühürleri
44121511	4	44121500		Posta kutuları (gönderim)
44121512	4	44121500		Posta tüpü kapakları
44121513	4	44121500		Posta pulu
44121600	3	44120000		Masa malzemeleri
44121604	4	44121600		Mühürler (stamp)
44121605	4	44121600		Bant dağıtıcıları
44121611	4	44121600		Kağıt veya delik delicileri
44121612	4	44121600		Kağıt kesiciler veya yedekleri
44121613	4	44121600		Tel zımba sökücüler
44121614	4	44121600		Çağrı zilleri
44121615	4	44121600		Zımba makineleri
44121617	4	44121600		Manuel mektup açacakları
44121618	4	44121600		Makaslar
44121619	4	44121600		Manuel kalemtıraş
44121620	4	44121600		Parmak kılıfları
44121621	4	44121600		Masa pedleri veya aksesuarları
44121622	4	44121600		Nemlendiriciler (moistener)
44121623	4	44121600		Mekanik mektup açacağı
44121624	4	44121600		Kabartma aletleri
44121625	4	44121600		Kağıt ağırlıkları
44121626	4	44121600		Yapıştırıcı sökücü
44121627	4	44121600		Kitap ayraçları
44121628	4	44121600		Klips tutucuları veya dağıtıcıları
44121630	4	44121600		Zımba kiti
44121631	4	44121600		Tutkal dağıtıcıları veya yedekleri
44121632	4	44121600		Makas bileyici
44121633	4	44121600		Posta pulu dağıtıcıları
44121634	4	44121600		Yapışkanlı silindirler
44121635	4	44121600		Yapışkanlı bant milleri
44121636	4	44121600		Elektrikli kalemtıraş
44121700	3	44120000		Yazı araçları
44121701	4	44121700		Roller kalemler
44121702	4	44121700		Kalem setleri
44121703	4	44121700		Dolma kalemler
44121704	4	44121700		Tükenmez kalemler
44121705	4	44121700		Mekanik kurşun kalemler
44121706	4	44121700		Ahşap kurşun kalemler
44121707	4	44121700		Renkli kalemler
44121708	4	44121700		Markörler (kalem)
44121709	4	44121700		Mum boyalar
44121710	4	44121700		Yazı tebeşiri veya aksesuarları
44121711	4	44121700		Keçeli kalem
44121712	4	44121700		Marker yedekleri
44121713	4	44121700		Kalem uçları (nib)
44121714	4	44121700		Kalem tutamakları (grip)
44121715	4	44121700		Kombinasyon kalem
44121716	4	44121700		Fosforlu kalemler
44121717	4	44121700		Kalem ve fosforlu kalem kombinasyonu
44121718	4	44121700		Sabitlenmiş kalem setleri
44121719	4	44121700		Tek kullanımlık dolma kalem
44121720	4	44121700		Çok fonksiyonlu kalem
44121721	4	44121700		Silinebilir mürekkepli kalem
44121800	3	44120000		Düzeltme malzemeleri
44121801	4	44121800		Düzeltme filmi veya bandı
44121802	4	44121800		Düzeltme sıvısı
44121804	4	44121800		Silgiler
44121805	4	44121800		Düzeltme kalemleri
44121806	4	44121800		Düzeltme kalemi yedekleri
44121807	4	44121800		Silgi yedekleri
44121808	4	44121800		Elektrikli silgiler
44121809	4	44121800		Silgi tutucusu
44121900	3	44120000		Mürekkep ve uç yedekleri
44121902	4	44121900		Uç yedekleri
44121904	4	44121900		Mürekkep yedekleri
44121905	4	44121900		Mürekkep veya mühür pedleri
44121906	4	44121900		Keçeli kalem kartuşu
44121907	4	44121900		Dolma kalem mürekkep yedeği
44121908	4	44121900		Tükenmez kalem mürekkep yedeği
44122000	3	44120000		Klasörler ve ciltler ve dizinler
44122001	4	44122000		İndeks kartı dosyaları
44122002	4	44122000		Poşet dosyalar
44122003	4	44122000		Ciltler (binder)
44122005	4	44122000		Dergi veya kitap kapakları
44122008	4	44122000		Sekme dizinleri
44122009	4	44122000		Döner veya kartvizit dosyaları
44122010	4	44122000		Bölücüler
44122011	4	44122000		Klasörler (folder)
44122012	4	44122000		Sıkıştırmalı altlıklar (clipboard)
44122013	4	44122000		Rapor kapakları
44122014	4	44122000		Sayfa kaldırıcılar
44122015	4	44122000		Dosya arka kapakları (file backer)
44122016	4	44122000		Belge tutucu
44122017	4	44122000		Asma klasörler veya aksesuarları
44122018	4	44122000		Dosya iç parçaları veya sekmeleri
44122019	4	44122000		Dosya cepleri veya aksesuarları
44122020	4	44122000		Kart cepleri
44122021	4	44122000		Posta pulu albümleri
44122022	4	44122000		Klasör ciltleme aksesuarları
44122023	4	44122000		Çizim tahtaları (archboard)
44122024	4	44122000		Klasör tutamakları
44122025	4	44122000		Klasör cepleri veya aksesuarları
44122026	4	44122000		Kağıt pençeleri (claw)
44122027	4	44122000		Genişletilebilir körüklü dosyalar
44122028	4	44122000		Klasör montaj kanalları
44122029	4	44122000		Sınıflandırma klasörü
44122030	4	44122000		Klasör kiti
44122031	4	44122000		Asma klasör çerçevesi için yan raylar
44122032	4	44122000		Konferans klasörü
44122033	4	44122000		Körüklü dosya klasörü
44122034	4	44122000		Kitap sayfası ayırıcısı
44122035	4	44122000		Mekanizmalı klasör (lever arch)
44122036	4	44122000		Kutu dosya
44122037	4	44122000		Halkalı klasör
44122100	3	44120000		Bağlama malzemeleri
44122101	4	44122100		Lastik bantlar
44122103	4	44122100		Mandallı bağlantı elemanları
44122104	4	44122100		Ataşlar
44122105	4	44122100		Klasör veya kıskaç klipsleri
44122106	4	44122100		İğneler veya raptiyeler
44122107	4	44122100		Tel zımbalar
44122109	4	44122100		Cırt cırt bağlantı elemanı
44122110	4	44122100		Yapışkanlı montaj aparatları
44122111	4	44122100		Delik takviyeleri
44122112	4	44122100		Yuvarlak başlı bağlantı elemanları
44122113	4	44122100		Etiket bağlantı elemanları
44122114	4	44122100		Vida direkleri (screw post)
44122115	4	44122100		Yapışkanlı köşeler
44122116	4	44122100		Torba klipsleri
44122117	4	44122100		Kitap halkaları
44122118	4	44122100		Çatallı bağlantı elemanları
44122119	4	44122100		Kendinden yapışkanlı bağlantı elemanları
44122120	4	44122100		Klasör direkleri
44122121	4	44122100		Duvar veya pano klipsleri
44122122	4	44122100		Manyetik raptiye
45000000	1		G	Baskı ve Fotoğraf ve Ses ve Görüntü Ekipmanları ve Malzemeleri
45100000	2	45000000		Baskı ve yayıncılık ekipmanları
45101500	3	45100000		Baskı makineleri ve ekipmanları
45101501	4	45101500		Heliografik yazıcılar
45101502	4	45101500		Ofset baskı presleri
45101503	4	45101500		Tipo baskı ekipmanları
45101504	4	45101500		Litografi ekipmanları
45101505	4	45101500		Fotogravür baskı makineleri
45101506	4	45101500		İpek baskı (serigrafi) makineleri
45101507	4	45101500		Baskı presleri
45101508	4	45101500		Perforaj makineleri
45101509	4	45101500		Ultraviyole UV döner yazıcı
45101510	4	45101500		Flekso yazıcı
45101511	4	45101500		Ticari baskı uygulamaları için mürekkep püskürtmeli yazıcı
45101512	4	45101500		Ticari baskı uygulamaları için termal transfer yazıcı
45101513	4	45101500		Sıcak damga yazıcı
45101514	4	45101500		Tampon baskı yazıcı (pad printer)
45101515	4	45101500		Çekirdek (core) yazıcı
45101516	4	45101500		Tampon baskı klişesi
45101517	4	45101500		Ofset prova presi
45101518	4	45101500		Baskı plakası presi
45101520	4	45101500		Endüstriyel tabela ve etiket taşınabilir yazıcısı
45101600	3	45100000		Baskı makinesi aksesuarları
45101602	4	45101600		Ofset karanlık oda ekipmanları
45101603	4	45101600		Ofset baskı sarf malzemeleri
45101604	4	45101600		Ofset baskı kalıbı işleyiciler
45101606	4	45101600		Ofset film işleyicileri
45101607	4	45101600		Serigrafi ark lambaları
45101608	4	45101600		Serigrafi ekranları
45101609	4	45101600		Serigrafi baskı rafları
45101610	4	45101600		Serigrafi vakumlu baskı çerçeveleri
45101611	4	45101600		Serigrafi rakleleri
45101612	4	45101600		Sıyırma bıçağı (doctor blade)
45101613	4	45101600		Endüstriyel tabela ve etiket tezgah üstü yazıcı aksesuarları
45101614	4	45101600		Endüstriyel tabela ve etiket taşınabilir yazıcı aksesuarları
45101615	4	45101600		Ofset baskı makinesi parçaları
45101616	4	45101600		Ofset baskı temizleme aksesuarları
45101700	3	45100000		Baskı aksesuarları
45101701	4	45101700		Baskı harmanlayıcıları
45101702	4	45101700		Baskı giyotinleri
45101703	4	45101700		Baskı harmanlayıcı veya ayrıştırıcıları
45101704	4	45101700		Baskı kesicileri
45101705	4	45101700		Baskı kenar kesicileri
45101706	4	45101700		Baskı delicileri
45101707	4	45101700		Baskı kalıpları
45101708	4	45101700		Baskı bizleri
45101709	4	45101700		Baskı filmi
45101710	4	45101700		Endüstriyel tabela ve etiket yazıcısı mürekkebi
45101711	4	45101700		Endüstriyel tabela ve etiket yazıcısı şeridi
45101800	3	45100000		Kitap ciltleme ve dikiş ekipmanları ve aksesuarları
45101801	4	45101800		Kitap kırma makineleri
45101802	4	45101800		Kitap kesme makineleri
45101803	4	45101800		Kitap delme makineleri
45101804	4	45101800		Kitap dikiş makineleri
45101805	4	45101800		Kitap düzeltme makineleri
45101806	4	45101800		Kitap harmanlama makineleri
45101807	4	45101800		Kitap katlama makineleri
45101808	4	45101800		Termal kitap ciltleme makineleri
45101900	3	45100000		Baskı laboratuvarı ekipmanları ve aksesuarları
45101901	4	45101900		Bantlama makineleri
45101902	4	45101900		Kalıp yapıcılar
45101903	4	45101900		Kağıt delme makineleri
45101904	4	45101900		Agrandizörler
45101905	4	45101900		Çizim veya rötuş panoları
45102000	3	45100000		Dizgi makineleri ve aksesuarları
45102001	4	45102000		İntertip dizgi makineleri
45102002	4	45102000		Linotip dizgi makineleri
45102003	4	45102000		Fotodizgi malzemeleri
45102004	4	45102000		Monotip dizgi makineleri
45102005	4	45102000		Fotodizgi makineleri
45110000	2	45000000		Ses ve görüntü sunum ve dizgi ekipmanları
45111400	3	45110000		Sınıf ve Dil Laboratuvarı Ekipmanı ve Tercüme Sistemleri
45111401	4	45111400		Tercüme Sistemleri (Ses)
45111402	4	45111400		Tercüme Ekipmanı, Kablosuz (Ses)
45111500	3	45110000		Kürsüler ve ses sistemleri ve aksesuarları
45111501	4	45111500		Ayaklı kürsüler
45111502	4	45111500		Masaüstü kürsüler
45111503	4	45111500		Tokmaklar veya ses blokları
45111504	4	45111500		Kürsüler için aydınlatma veya güç veya veri bileşenleri
45111600	3	45110000		Projektörler ve malzemeleri
45111601	4	45111600		İşaretçiler (pointer)
45111602	4	45111600		Projeksiyon lambaları
45111603	4	45111600		Projeksiyon perdeleri veya ekranları
45111604	4	45111600		Slayt projektörleri
45111605	4	45111600		Asetat ekipmanları veya malzemeleri
45111606	4	45111600		Sıvı kristal ekran projeksiyon panelleri
45111607	4	45111600		Tepegözler
45111608	4	45111600		Film projektörleri
45111609	4	45111600		Çoklu ortam projektörleri
45111610	4	45111600		Epidiaskoplar
45111612	4	45111600		Geçiş (dissolve) kontrolleri
45111613	4	45111600		Katot ışını tüpü projektörü
45111614	4	45111600		Sıvı kristal ekran projektörü
45111615	4	45111600		Projeksiyon lensleri
45111616	4	45111600		Video projektörleri
45111617	4	45111600		Tepegöz veya video arabaları
45111618	4	45111600		Sunum ışık kutuları
45111619	4	45111600		Film makarası
45111620	4	45111600		Slayt film kopyalayıcısı
45111700	3	45110000		Ses sunum ve dizgi ekipmanları ve donanımı ve denetleyicileri
45111701	4	45111700		Yardımcı dinleme cihazları
45111702	4	45111700		Ses jak kutuları
45111703	4	45111700		Dinleme merkezleri
45111704	4	45111700		Ses karıştırma konsolları
45111705	4	45111700		Anons (public address) sistemleri
45111706	4	45111700		Kombinasyon ses mikseri ve amplifikatörü
45111707	4	45111700		Ses ekipmanı konnektörü ve sahne kutusu
45111708	4	45111700		Yayın etki alanı denetleyicisi
45111709	4	45111700		Uzaktan amplifikatör
45111710	4	45111700		Çan ve siren ünitesi
45111711	4	45111700		Hoparlör perdesi (baffle)
45111712	4	45111700		Bant çoğaltıcısı
45111713	4	45111700		Ses dağıtım amplifikatörü
45111714	4	45111700		Ses analogdan dijitale AD dönüştürücüsü
45111715	4	45111700		Ses dijitalden analoga DA dönüştürücüsü
45111716	4	45111700		Dijital ses iş istasyonu DAW
45111717	4	45111700		Reverberatör (yankılandırıcı)
45111718	4	45111700		Gecikme ünitesi
45111719	4	45111700		Ses monitörü
45111720	4	45111700		Ses spektrum analizörü
45111721	4	45111700		Makaradan makaraya teyp kaydedicisi
45111722	4	45111700		Kaset çalar (deck)
45111723	4	45111700		Sabit disk kaydedicisi
45111724	4	45111700		Manyetik kafa
45111725	4	45111700		Akustik kutu
45111800	3	45110000		Video ve video-ses kombinasyonu sunum ekipmanları ve donanımı ve denetleyicileri
45111801	4	45111800		Medya kontrol sistemleri
45111802	4	45111800		Televizyon montaj aparatları
45111803	4	45111800		Tarama dönüştürücüleri
45111804	4	45111800		Satır ikiye katlayıcılar (line doubler)
45111805	4	45111800		Video kurgu cihazları
45111806	4	45111800		Uzaktan öğrenim sistemleri
45111807	4	45111800		Arabirimler
45111808	4	45111800		Aydınlatma kontrolleri
45111809	4	45111800		Televizyon montaj aksesuarları
45111810	4	45111800		Görsel sunucular (visual presenter)
45111811	4	45111800		Video hassasiyet monitörü
45111812	4	45111800		Görsel bilgi ekran cihazı
45111813	4	45111800		Aşağı akış tuşlayıcısı (downstream keyer)
45111814	4	45111800		Dijital video efektleri DVE ekipmanı
45111815	4	45111800		Ses-video konsolu
45111816	4	45111800		Logo jeneratörü
45111817	4	45111800		Karakter jeneratörü
45111818	4	45111800		Video gürültü azaltıcısı
45111819	4	45111800		Video mikseri
45111820	4	45111800		Video işleme amplifikatörü
45111821	4	45111800		Senkronizasyon jeneratörü
45111822	4	45111800		Televizyon en-boy oranı dönüştürücüsü
45111823	4	45111800		Video standartları dönüştürücüsü
45111824	4	45111800		Senkronizasyon dönüştürücüsü
45111825	4	45111800		Kare senkronizatörü
45111826	4	45111800		Hareketli görüntü uzmanları grubu MPEG kodlayıcısı
45111827	4	45111800		Video kaseti kontrol cihazı
45111828	4	45111800		Suflör (prompter)
45111829	4	45111800		Proses kamerası
45111900	3	45110000		Telefon ve video konferans ekipmanları ve donanımı ve denetleyicileri
45111901	4	45111900		Ses konferans sistemleri
45111902	4	45111900		Video konferans sistemleri
45112000	3	45110000		Mikrofilm ekipmanları ve malzemeleri
45112001	4	45112000		Mikrofiş veya mikrofilm görüntüleyiciler
45112002	4	45112000		Mikrofiş okuyucu yazıcıları
45112003	4	45112000		Mikrofiş veya mikrofilm görüntüleyici bileşenleri veya aksesuarları
45112004	4	45112000		Mikrofiş okuyucu yazıcı bileşenleri veya aksesuarları
45120000	2	45000000		Fotoğraf veya filme alma veya video ekipmanları
45121500	3	45120000		Kameralar
45121501	4	45121500		Fotoğraf makineleri
45121502	4	45121500		Anında baskılı kameralar
45121503	4	45121500		Tek kullanımlık kameralar
45121504	4	45121500		Dijital kameralar
45121505	4	45121500		Sinematografik kameralar
45121506	4	45121500		Video konferans kameraları
45121510	4	45121500		Hava fotoğraf kameraları
45121511	4	45121500		Yüksek hızlı kameralar
45121512	4	45121500		Su altı kameraları
45121513	4	45121500		Ofset kameraları
45121514	4	45121500		Fotokopi kameraları
45121515	4	45121500		El tipi kameralar veya video kameralar
45121516	4	45121500		Dijital kameralar veya video kameralar
45121517	4	45121500		Belge kamerası
45121518	4	45121500		Kamera kitleri
45121519	4	45121500		Düşük ışık kamerası
45121520	4	45121500		Web kameraları
45121521	4	45121500		Muayene kamerası
45121522	4	45121500		Kızılötesi kamera
45121523	4	45121500		Astronomik kamera
45121600	3	45120000		Kamera aksesuarları
45121601	4	45121600		Kamera flaşları veya aydınlatması
45121602	4	45121600		Kamera tripodları
45121603	4	45121600		Kamera objektifi
45121604	4	45121600		Kamera deklanşörleri
45121605	4	45121600		Ekran çerçeveleri
45121606	4	45121600		Kamera askıları
45121607	4	45121600		Kamera blokları veya tutucuları
45121608	4	45121600		Kamera düzenekleri
45121609	4	45121600		Kamera braketleri
45121610	4	45121600		Kamera kabloları
45121611	4	45121600		Lens kapağı
45121612	4	45121600		Kamera masaları
45121613	4	45121600		Kamera muhafazaları veya kılıfları
45121614	4	45121600		Sonradan takma (retrofit) kitleri
45121615	4	45121600		Kamera halkaları
45121616	4	45121600		Pan başlıkları (kamera)
45121617	4	45121600		Kamera çantaları
45121618	4	45121600		Kamera lens adaptörleri
45121619	4	45121600		Resim kartı cüzdanları
45121620	4	45121600		Kamera güç adaptörleri
45121621	4	45121600		Resim kartı adaptörleri
45121622	4	45121600		Kamera lens temizleyicileri
45121623	4	45121600		Kamera denetleyicileri
45121624	4	45121600		Fotoğraf ışık reflektörü
45121625	4	45121600		Deklanşör tetikleyicisi
45121626	4	45121600		Dijital kamera arkalığı
45121627	4	45121600		Kamera flaşı dağıtıcısı (difüzör)
45121628	4	45121600		Kamera lens filtresi
45121629	4	45121600		Kamera ray motoru
45121630	4	45121600		Kamera şemsiye reflektörü
45121631	4	45121600		Elektronik vizör
45121632	4	45121600		Fotoğraf flaş aparatı
45121700	3	45120000		Fotoğraf işleme ekipmanları
45121701	4	45121700		Film kurutucuları
45121702	4	45121700		Film yıkayıcıları
45121703	4	45121700		Film ekleyicileri
45121704	4	45121700		Film kurgu cihazları
45121705	4	45121700		Fotoğraf agrandizörleri
45121706	4	45121700		Fotoğraf kesicileri veya kenar kesicileri
45121707	4	45121700		Fotoğraf baskı kurutucusu
45121708	4	45121700		Fotoğraf baskı yıkayıcısı
45121709	4	45121700		Otomatik film işleyici
45121710	4	45121700		Tabaka film tamburu
45121711	4	45121700		Renk denetleyicisi
45121712	4	45121700		Film kurgu masası
45121713	4	45121700		Film muayene makinesi
45121714	4	45121700		Film okuyucu
45121715	4	45121700		Film askısı
45121716	4	45121700		Temas baskı makinesi
45121717	4	45121700		Film kalıp yapma sistemi
45121718	4	45121700		Film densitometresi
45121719	4	45121700		Dijital fotoğraf baskı kiosku
45121720	4	45121700		Film yükleyici
45121721	4	45121700		Monokomparatör ve aksesuarları
45121800	3	45120000		Mikrofilm üretim ekipmanları ve malzemeleri
45121801	4	45121800		Mikrofilm kameraları
45121802	4	45121800		Mikrofilm çoğaltıcıları
45121803	4	45121800		Mikrofilm zarf doldurucuları
45121804	4	45121800		Mikrofilm işleyicileri
45121805	4	45121800		Mikrofilm kamerası bileşenleri veya aksesuarları
45121806	4	45121800		Mikrofilm çoğaltıcı bileşenleri veya aksesuarları
45121807	4	45121800		Mikrofilm zarf doldurucu bileşenleri veya aksesuarları
45121808	4	45121800		Mikrofilm işleyici bileşenleri veya aksesuarları
45121809	4	45121800		Mikrofilm film malzemeleri
45121810	4	45121800		Mikrofilm çeşitli bileşenleri veya aksesuarları
45130000	2	45000000		Fotoğraf ve kayıt ortamı
45131500	3	45130000		Fotoğraf filmi
45131501	4	45131500		Renkli film
45131502	4	45131500		Siyah beyaz film
45131503	4	45131500		Anlık fotoğraf filmi
45131505	4	45131500		X ışını filmi
45131506	4	45131500		Slayt film
45131507	4	45131500		İşlenmiş mikrofilm
45131508	4	45131500		Negatif film
45131509	4	45131500		Film rötuş rengi
45131510	4	45131500		Fotoğraf boyası
45131600	3	45130000		Hareketli görüntü ortamı
45131601	4	45131600		Sinema kamerası filmi
45131604	4	45131600		Boş video kasetleri
45131700	3	45130000		Ortam depolama
45131701	4	45131700		Slayt tepsileri veya organizatörleri
45140000	2	45000000		Fotoğraf film yapım malzemeleri
45141500	3	45140000		Fotoğraf işleme kimyasalları
45141501	4	45141500		Developer çözeltisi
45141502	4	45141500		Sabitleyici (fiksatif)
45141503	4	45141500		Fotoğraf banyo işleme kiti
45141504	4	45141500		Fotoğraf iyileştirme ve düzeltme çözeltisi
45141600	3	45140000		Karanlık oda malzemeleri
45141601	4	45141600		Banyo (developing) tepsileri
45141602	4	45141600		Banyo (developing) tankları
45141603	4	45141600		Banyo maşaları
45141604	4	45141600		Fotoğraf baskı işleyicisi
45141605	4	45141600		Fotoğraf saflaştırıcısı
45141606	4	45141600		Banyo tankı makarası
45141607	4	45141600		Karanlık kutu (camera obscura)
45141608	4	45141600		Film çekçeği (squeegee)
45141609	4	45141600		Film banyo makinesi çalışma masası
45141610	4	45141600		Fotoğraf zamanlayıcısı
45141611	4	45141600		Fotoğraf işleme sıcaklık regülatörü
45141612	4	45141600		Taşınabilir karanlık oda
46000000	1		H	Savunma ve Kolluk ve Güvenlik ve Emniyet Ekipmanları ve Malzemeleri
46100000	2	46000000		Hafif silahlar ve mühimmat
46101500	3	46100000		Ateşli silahlar
46101504	4	46101500		Tabancalar
46101505	4	46101500		Havalı tüfekler veya havalı tabancalar
46101600	3	46100000		Mühimmat
46101700	3	46100000		Mühimmat taşıma sistemleri
46101800	3	46100000		Silah ve mühimmat aksesuarları
46101802	4	46101800		Fişeklik kemeri
46110000	2	46000000		Konvansiyonel savaş silahları
46111500	3	46110000		Bombalar ve el bombaları
46111504	4	46111500		Terk edilmiş patlayıcı mühimmat AXO
46111505	4	46111500		Savaş artığı patlayıcılar ERW
46111506	4	46111500		Patlamamış mühimmat UXO
46120000	2	46000000		Füzeler
46130000	2	46000000		Roketler ve alt sistemleri
46140000	2	46000000		Fırlatıcılar
46150000	2	46000000		Kolluk kuvvetleri
46151500	3	46150000		Kitle kontrol ekipmanları
46151501	4	46151500		Barikatlar
46151502	4	46151500		İsyan kaskları
46151503	4	46151500		İsyan kalkanları
46151504	4	46151500		Vücut zırhı
46151505	4	46151500		Bariyerler
46151506	4	46151500		İsyan copları
46151507	4	46151500		Sıra (kuyruk) kontrol sistemi
46151508	4	46151500		Kask, kurşun geçirmez
46151509	4	46151500		Balistik/Parçalanma Ekipmanı
46151600	3	46150000		Güvenlik ve kontrol ekipmanları
46151601	4	46151600		Kelepçeler
46151602	4	46151600		Coplar
46151604	4	46151600		Alkol analizörleri
46151605	4	46151600		Silah veya patlayıcı dedektörleri ve malzemeleri
46151606	4	46151600		Narkotik test kitleri
46151607	4	46151600		Güvenlik boyun askıları (lanyard)
46151608	4	46151600		Bomba koruma cihazları ve malzemeleri
46151609	4	46151600		Kimlik kartı ayırt edicisi
46151610	4	46151600		Kimlik Kartı Sarf Malzemeleri
46151700	3	46150000		Adli ekipmanlar ve malzemeler ve aksesuarlar
46151702	4	46151700		Parmak izi aplikatörleri veya fırçaları
46151703	4	46151700		Parmak izi mürekkebi
46151704	4	46151700		Parmak izi mürekkebi sökücüleri
46151705	4	46151700		Parmak izi veya avuç izi mürekkep silindirleri
46151706	4	46151700		Parmak izi gizli iz kitleri
46151707	4	46151700		Parmak izi kaldırıcıları
46151708	4	46151700		Adli büyüteçler
46151709	4	46151700		Parmak izi işaretleme kalemleri
46151710	4	46151700		Parmak izi tozları
46151711	4	46151700		Ayak izi kaldırıcıları
46151712	4	46151700		Adli kimyasal çalışma istasyonları
46151713	4	46151700		Adli gizli iz kimyasalları
46151714	4	46151700		Delil kurutma dolapları
46151715	4	46151700		Parmak izi ekipmanları
46151716	4	46151700		Yalan makinesi
46151717	4	46151700		Silinmez Mürekkep
46151800	3	46150000		Patlayıcı kontrol ekipmanları ve aksesuarları ve malzemeleri
46151801	4	46151800		Patlama koruma konteyneri
46151802	4	46151800		Zırhlı Konteyner
46151900	3	46150000		Kimyasal biyolojik kontrol ekipmanları ve aksesuarları ve malzemeleri
46151901	4	46151900		Kimyasal biyolojik dekontaminasyon römorku
46160000	2	46000000		Kamu güvenliği ve kontrolü
46161500	3	46160000		Trafik kontrolü
46161501	4	46161500		Havaalanı sinyalizasyon sistemleri
46161502	4	46161500		Demiryolu sinyalizasyon sistemleri
46161503	4	46161500		Deniz sinyalizasyon sistemleri
46161504	4	46161500		Trafik sinyalleri
46161506	4	46161500		Kar veya buz eriticisi
46161516	4	46161500		Plaka tanıma sistemi
46161528	4	46161500		Havaalanı ikaz ışığı
46161534	4	46161500		Araç park konkav plakası
46161535	4	46161500		Görsel Yanaşma Yönlendirme Sistemi
46161536	4	46161500		Otomatik Park Kontrol Sistemi
46161537	4	46161500		Taksi Yönlendirme Levhası
46161538	4	46161500		Beni Takip Et Levha Sistemi
46161600	3	46160000		Su güvenliği
46161601	4	46161600		Halat yüzdürme şamandıra hatları
46161602	4	46161600		Can simitleri
46161603	4	46161600		Havuz alarmları
46161604	4	46161600		Can yelekleri veya cankurtaranlar
46161605	4	46161600		Can simidi
46161700	3	46160000		Kurtarma ekipmanları ve aksesuarları
46161701	4	46161700		İniş cankurtaran halatı
46161702	4	46161700		Kurtarma hava yastığı
46161703	4	46161700		Güvenlik hava matı
46161704	4	46161700		Kurtarma halatı fırlatıcısı
46161705	4	46161700		Hidrolik kurtarma ekipmanı seti
46161706	4	46161700		Hava çadırı
46161707	4	46161700		Kurtarma kapı açıcısı
46161708	4	46161700		Kurtarma ağı
46161710	4	46161700		Kurtarma ışığı
46161711	4	46161700		Yaşam dedektörü
46161712	4	46161700		Kişisel güvenlik uyarısı
46161713	4	46161700		Duman sinyali cihazı
46161714	4	46161700		Cankurtaran halatı
46161715	4	46161700		Dar alan kurtarma ekipmanı
46170000	2	46000000		Güvenlik gözetimi ve tespiti
46171500	3	46170000		Kilitler ve güvenlik donanımı ve aksesuarları
46171525	4	46171500		Kilit için anahtar kartı
46171600	3	46170000		Gözetim ve tespit ekipmanları
46171602	4	46171600		Emniyet kornaları
46171603	4	46171600		Saat zamanlayıcıları
46171604	4	46171600		Alarm sistemleri
46171605	4	46171600		Kapı zilleri
46171606	4	46171600		Sirenler
46171607	4	46171600		Vızıltı sesli alarmlar (buzzer)
46171608	4	46171600		Hareket dedektörleri
46171609	4	46171600		Konveks güvenlik aynaları
46171610	4	46171600		Güvenlik kameraları
46171611	4	46171600		Video kimlik tespit sistemleri
46171612	4	46171600		Video monitörleri
46171613	4	46171600		Gaz dedektörleri
46171615	4	46171600		Işık yükselten kameralar veya görüş cihazları
46171616	4	46171600		Radar dedektörleri
46171617	4	46171600		Kapı gözleri (dürbün)
46171618	4	46171600		Kapı zilleri
46171619	4	46171600		Güvenlik veya erişim kontrol sistemleri
46171620	4	46171600		Güvenlik ışık perdeleri
46171621	4	46171600		Gözetim video veya ses kaydedicileri
46171622	4	46171600		Kapalı devre televizyon CCTV sistemi
46171623	4	46171600		Ev güvenlik alarmı
46171624	4	46171600		X ışını bagaj muayene sistemi
46171625	4	46171600		Radyo iletişimi izleme sistemi
46171626	4	46171600		Gece görüş ekipmanı
46171627	4	46171600		İşitme engelliler için kablosuz sinyal sistemi
46171628	4	46171600		Otomatik günün saati göstergesi
46171629	4	46171600		Sinyal aynası
46171630	4	46171600		Araç yağmur ve su seviyesi sensörü
46171631	4	46171600		Sismik alarm
46171632	4	46171600		Pasif kızılötesi sensör
46171633	4	46171600		Güvenlik metal dedektörü
46171634	4	46171600		Kimyasal madde dedektör kağıdı
46171635	4	46171600		Kimyasal madde dedektörü
46171636	4	46171600		Güvenlik faks iletim ekipmanı
46171637	4	46171600		Dinleme (wiretap) cihazı
46171638	4	46171600		Radyasyon dedektörü ve alarmı
46171639	4	46171600		Trafik video kompansatörü
46171640	4	46171600		Otomatik trafik izleme sistemi
46171641	4	46171600		Sahte güvenlik kamerası
46171642	4	46171600		Patlayıcı Tespit Sistemi, CTX
46171643	4	46171600		Patlayıcı Buhar Dedektörü
46171644	4	46171600		Yanıcı Buhar Dedektörü
46171645	4	46171600		Mobil X Işını Sistemleri
46171646	4	46171600		Mobil Geri Saçılım X Işını Sistemi
46171648	4	46171600		Yaban Hayatı Kontrol Ekipmanı
46171650	4	46171600		Uçuş Muayene Ekipmanı (Havadan ve Yer Tabanlı)
46171700	3	46170000		Araç geçiş kontrolü
46171701	4	46171700		Araç park izni
46180000	2	46000000		Kişisel emniyet ve koruma
46181500	3	46180000		Emniyet giysileri
46181501	4	46181500		Koruyucu önlükler
46181502	4	46181500		Kurşun geçirmez yelekler
46181503	4	46181500		Koruyucu tulumlar
46181504	4	46181500		Koruyucu eldivenler
46181506	4	46181500		Koruyucu yağmurluklar (pançolar)
46181507	4	46181500		Emniyet yelekleri
46181508	4	46181500		Aleve dayanıklı giysiler
46181509	4	46181500		Tehlikeli madde koruyucu giysileri
46181512	4	46181500		Temiz oda giysileri
46181532	4	46181500		Laboratuvar önlükleri
46181540	4	46181500		Kaynakçı eldivenleri
46181541	4	46181500		Kimyasala dayanıklı eldivenler
46181543	4	46181500		Su geçirmez ceket veya yağmurluk
46181552	4	46181500		Madenci kafa lambası
46181555	4	46181500		Koruyucu kumaş maske
46181566	4	46181500		Unisex görünürlük yeleği
46181600	3	46180000		İş güvenliği ayakkabıları
46181601	4	46181600		Aleve dayanıklı ayakkabılar
46181602	4	46181600		Tehlikeli madde koruyucu ayakkabıları
46181603	4	46181600		Temiz oda ayakkabıları
46181604	4	46181600		Emniyet botları
46181605	4	46181600		Emniyet ayakkabıları
46181606	4	46181600		Ayakkabı kılıfları
46181612	4	46181600		Askeri bot
46181700	3	46180000		Yüz ve baş koruması
46181701	4	46181700		Baretler
46181702	4	46181700		Yüz siperleri
46181704	4	46181700		Emniyet kaskları
46181705	4	46181700		Motosiklet kaskları
46181800	3	46180000		Görüş koruması ve aksesuarları
46181801	4	46181800		Gözlük tutucuları veya kutuları
46181802	4	46181800		Emniyet gözlükleri
46181804	4	46181800		Koruyucu gözlükler (goggle)
46181810	4	46181800		Göz duşları veya göz yıkama istasyonları
46181812	4	46181800		Göz yıkama istasyonu yedek şişeleri veya kartuşları
46181900	3	46180000		İşitme koruyucuları
46181902	4	46181900		Kulaklık tipi kulak koruyucuları
46182000	3	46180000		Solunum koruması
46182001	4	46182000		Maskeler veya aksesuarları
46182002	4	46182000		Solunum maskeleri (respiratör)
46182003	4	46182000		Gaz maskeleri
46182004	4	46182000		Solunum havası sağlayan bağımsız solunum cihazı veya aksesuarları
46182005	4	46182000		Maske veya solunum maskesi filtreleri veya aksesuarları
46182006	4	46182000		Koruyucu filmler
46182007	4	46182000		Motorlu hava temizleyici solunum sistemi PAPR veya aksesuarları
46182008	4	46182000		Basınçlı Hava Solunum Cihazı (CABA)
46182010	4	46182000		Solunum maskesi FFP2/N95
46182100	3	46180000		Antistatik ekipmanlar ve malzemeler
46182101	4	46182100		Antistatik bileklikler
46182103	4	46182100		Topraklama donanımı
46182104	4	46182100		Antistatik yer paspasları
46182105	4	46182100		Antistatik çalışma masası paspasları
46182107	4	46182100		Antistatik bakım kitleri
46182200	3	46180000		Ergonomik destek yardımcıları
46182300	3	46180000		Düşmeye karşı koruma ve kurtarma ekipmanları
46182301	4	46182300		Cankurtaran halatları veya cankurtaran halatı ekipmanları
46182302	4	46182300		Düşmeye karşı koruma kemeri (lanyard)
46182306	4	46182300		Emniyet kemerleri veya kuşakları (paraşüt tipi)
46182307	4	46182300		Tahliye askıları
46182309	4	46182300		Emniyet halat merdivenleri ve çelik halat merdivenleri
46182314	4	46182300		Emniyet sapanı
46182400	3	46180000		Dekontaminasyon yardımcıları ve güvenli temizleme ekipmanları
46182401	4	46182400		Dekontaminasyon duşu
46182402	4	46182400		Güvenlik yıkama üniteleri
46182407	4	46182400		Kimyasal döküntü güvenlik kiti
46182500	3	46180000		Kişisel güvenlik cihazları veya silahları
46182504	4	46182500		Yangın alarmı kontrol paneli
46182505	4	46182500		Toprak kaçağı dedektörü ve yangın alarmı
46190000	2	46000000		Yangın koruması
46191500	3	46190000		Yangın önleme
46191501	4	46191500		Duman dedektörleri
46191502	4	46191500		Isı dedektörleri
46191503	4	46191500		Yangına dayanıklı kaplamalar veya macunlar veya dolgu macunları
46191504	4	46191500		Alev dedektörleri
46191505	4	46191500		Yangın alarmı sistemleri
46191506	4	46191500		Alev tutucu (flame arrestor)
46191507	4	46191500		Pasif yangın durdurma sistemi
46191508	4	46191500		Bant izleme sistemi
46191509	4	46191500		Toksik buhar dedektörü
46191510	4	46191500		Termal gözlem cihazı TOD
46191511	4	46191500		Yangın sıcak nokta dedektörü
46191600	3	46190000		Yangın söndürme ekipmanları
46191601	4	46191600		Yangın söndürücüler
46191602	4	46191600		Yangın sprinkler sistemleri
46191603	4	46191600		Yangın hortumları veya nozulları
46191604	4	46191600		Yangın battaniyeleri
46191605	4	46191600		Yangın söndürme el aletleri
46191606	4	46191600		Yangın söndürme köpüğü veya benzeri bileşikler
46191607	4	46191600		Yangın solunum cihazı
46191608	4	46191600		Yangın söndürme sistemi
46191609	4	46191600		Yangın kaçış ekipmanları
46191610	4	46191600		Yangın sprinkler başlıkları
46191611	4	46191600		Yangın hortumu arabası
46191612	4	46191600		Sırt çantası su pompası
46191613	4	46191600		Yangın söndürme maddesi
46191614	4	46191600		Yangın köpüğü sıvısı oranlayıcısı
46191615	4	46191600		Yangın söndürme dik borusu (standpipe)
46191616	4	46191600		Helikopter yangın söndürme su tankı
46191617	4	46191600		Yangın hortumu yıkayıcısı
46191618	4	46191600		Yangın söndürücü tabanı
46191619	4	46191600		Yangın su monitörü
46191620	4	46191600		Duman tahliye fanı
46191621	4	46191600		Yangın söndürücü depolama kutusu
46191623	4	46191600		Yangın Söndürücü Kartuşları
46191624	4	46191600		Azot Tüpü
46191625	4	46191600		Yangın Söndürücü Yeniden Dolum Sistemi
46200000	2	46000000		Savunma ve kolluk ve güvenlik ve emniyet eğitim ekipmanları
46201000	3	46200000		Kamu güvenliği eğitim ekipmanı
46201001	4	46201000		Kurtarma mankeni
46201002	4	46201000		Afet yönetimi eğitim simülasyon sistemi
46201100	3	46200000		Hafif silah eğitim ekipmanı
46201101	4	46201100		Taklit tüfek
46201102	4	46201100		Atış poligonu
46210000	2	46000000		İşyeri güvenlik ekipmanları ve malzemeleri ve eğitim materyalleri
46211500	3	46210000		İşyeri güvenliği eğitim yardımcıları ve materyalleri
46211501	4	46211500		İşyeri güvenliği eğitim kiti
46211502	4	46211500		İşyeri güvenliği eğitim videosu
46211503	4	46211500		İşyeri güvenliği eğitim kılavuzu veya el kitabı
46211504	4	46211500		İşyeri güvenliği internet tabanlı eğitim
46211600	3	46210000		Çalışma alanı işaretleme ve görsel göstergeler
46211601	4	46211600		Çalışma alanı bariyer bandı ve bayrakları
46211602	4	46211600		Çalışma alanı uyarı direkleri ve zincirleri
46211603	4	46211600		Mayın tarlası veya mayın tehlike alanı işaretleyicisi
46211604	4	46211600		Mayın tarlası veya mayın tehlike alanı işaret levhası
46220000	2	46000000		Askeri silah ve mühimmat silahsızlandırma ve imha ekipmanları ve ilgili ürünler
46221500	3	46220000		Mayın temizleme ekipmanları ve ilgili ürünler
46221501	4	46221500		Mayın kurcalama önleyici cihaz
46221502	4	46221500		Mayın temizleme makinesi
46221503	4	46221500		Patlayıcı önleyici cihaz detonatörü
46221504	4	46221500		Mayın dağıtıcı
46221505	4	46221500		Müdahaleli mayın temizleme makinesi
46221506	4	46221500		Müdahalesiz mayın temizleme makinesi
46221507	4	46221500		Mayın temizleme makinesi parçaları ve aksesuarları
46221508	4	46221500		Mayın arama köpeği MDD
46221509	4	46221500		Mayın kendi kendini imha mekanizması
46221510	4	46221500		Mayın kendi kendini etkisizleştirme ekipmanı
46221511	4	46221500		Mayın silindirleri (rollers)
46221512	4	46221500		Mayın Korumalı Araçlar - Sorgulama Kolu
46221513	4	46221500		Mayın Dedektörü
47000000	1		F	Temizlik Ekipmanları ve Malzemeleri
47100000	2	47000000		Su ve atık su arıtma temin ve bertarafı
47101500	3	47100000		Su arıtma ve temin ekipmanları
47101501	4	47101500		Aktif karbon ekipmanları
47101502	4	47101500		Amonyak giderme ekipmanları
47101503	4	47101500		Karbon filtrasyon ekipmanları
47101504	4	47101500		Bakteri giderme ekipmanları
47101506	4	47101500		Korozyon kontrol ekipmanları
47101507	4	47101500		Kum tutucu hazneler
47101508	4	47101500		Tuzdan arındırma ekipmanları
47101510	4	47101500		Demir giderme ekipmanları
47101512	4	47101500		Karıştırıcılar veya çalkalayıcılar
47101513	4	47101500		Oksijen jeneratörleri
47101514	4	47101500		Su arıtma ekipmanları
47101517	4	47101500		Ultraviyole dezenfeksiyon ekipmanları
47101521	4	47101500		Ultrafiltrasyon ekipmanları
47101522	4	47101500		Paket su arıtma sistemleri
47101523	4	47101500		Toplama tankları
47101524	4	47101500		Çamur veya kanalizasyon kompostlama ekipmanları
47101525	4	47101500		Susuzlaştırma ekipmanları
47101528	4	47101500		Su arıtma kurutucuları
47101529	4	47101500		Yakma fırınları (incineratör)
47101530	4	47101500		Koku kontrol ekipmanları
47101531	4	47101500		Fosseptik tankları
47101532	4	47101500		Çökeltme tankları
47101534	4	47101500		Kanalizasyon dağıtıcıları
47101535	4	47101500		Çamur bertaraf ekipmanları
47101536	4	47101500		Çamur toplayıcıları
47101537	4	47101500		Çamur şartlandırma ekipmanları
47101538	4	47101500		Çamur veya kanalizasyon çürütücüleri
47101576	4	47101500		Klor Granülleri
47101600	3	47100000		Su arıtma sarf malzemeleri
47101601	4	47101600		Yosun öldürücüler (algisit)
47101605	4	47101600		Bakteri giderme kimyasalları
47101606	4	47101600		Korozyon kontrol kimyasalları
47101609	4	47101600		Mikrobiyositler
47101611	4	47101600		Emülsiyon ayırıcılar (demülsifiyer)
47101614	4	47101600		Çamur kabarma (bulking) maddesi
47110000	2	47000000		Endüstriyel çamaşır ve kuru temizleme ekipmanları
47111500	3	47110000		Yıkama ve kurutma ekipmanları
47111501	4	47111500		Çamaşırhane tipi kombine yıkama veya kurutma makineleri
47111502	4	47111500		Çamaşırhane tipi yıkama makineleri
47111503	4	47111500		Çamaşır kurutucular
47111507	4	47111500		Çamaşır kurutma standı
47111509	4	47111500		Çamaşır çalışma masası
47111510	4	47111500		Çamaşır yıkama teknesi veya leğeni
47111600	3	47110000		Ütüleme ekipmanları
47111700	3	47110000		Kuru temizleme ekipmanları
47120000	2	47000000		Temizlik (janitör) ekipmanları
47121500	3	47120000		Temizlik arabaları ve aksesuarları
47121501	4	47121500		Temizlik arabası
47121502	4	47121500		Temizlik arabası aksesuarları
47121600	3	47120000		Yer makineleri ve aksesuarları
47121602	4	47121600		Elektrikli süpürgeler
47121605	4	47121600		Yer ovma makineleri
47121606	4	47121600		Halı süpürgeleri
47121608	4	47121600		Yer makinesi pedleri
47121700	3	47120000		Atık konteynerleri ve aksesuarları
47121701	4	47121700		Çöp torbaları
47121702	4	47121700		Atık konteynerleri veya sert iç kaplamaları
47121703	4	47121700		Sigara izmariti kovaları veya aksesuarları
47121704	4	47121700		Atık konteyneri kapakları
47121705	4	47121700		Urn kum torbaları
47121706	4	47121700		Kül tablaları
47121707	4	47121700		Hareket hastalığı (kusma) torbaları
47121708	4	47121700		Hijyenik torbalar
47121709	4	47121700		Tehlikeli atık kabı
47121710	4	47121700		Gıda atığı ölçeri
47121800	3	47120000		Temizlik ekipmanları
47121801	4	47121800		Toz alma fırçaları (duster)
47121802	4	47121800		Hav alıcılar
47121803	4	47121800		Cam çekçekleri veya yıkayıcılar
47121804	4	47121800		Temizlik kovaları
47121805	4	47121800		Basınçlı veya buharlı temizleyiciler
47121806	4	47121800		Paspas sıkacağı
47121807	4	47121800		Gider veya tuvalet pompası (lastik)
47121808	4	47121800		Gider veya boru temizleme ekipmanları
47121809	4	47121800		Yağ alma tavaları
47121810	4	47121800		Temizlik bezi dağıtıcısı
47121811	4	47121800		Kanal temizleme makineleri
47121812	4	47121800		Temizleme kazıyıcıları
47121813	4	47121800		Kazıyıcı yedek ağızları
47121814	4	47121800		Toz ayırıcı
47121815	4	47121800		Havuz temizleyici
47121816	4	47121800		Temizleme çözeltisi dağıtıcısı ve aksesuarları
47121900	3	47120000		Temizlik ekipmanı aksesuarları
47121901	4	47121900		Cam çekçeği veya yıkayıcı kılıfları
47121902	4	47121900		Cam çekçeği veya yıkayıcı aksesuarları
47121903	4	47121900		Basınçlı veya buharlı temizleyici aksesuarları
47130000	2	47000000		Temizlik ve janitör malzemeleri
47131500	3	47130000		Temizlik bezleri ve mendilleri
47131501	4	47131500		Paçavralar
47131502	4	47131500		Temizlik bezleri veya mendilleri
47131600	3	47130000		Süpürgeler ve paspaslar ve fırçalar ve aksesuarları
47131601	4	47131600		Toz fırçaları veya farraşlar
47131602	4	47131600		Ovalama pedleri
47131603	4	47131600		Süngerler
47131604	4	47131600		Süpürgeler
47131605	4	47131600		Temizlik fırçaları
47131608	4	47131600		Klozet fırçaları
47131611	4	47131600		Çöp toplayıcı (maşa)
47131617	4	47131600		Toz paspasları
47131618	4	47131600		Islak paspaslar
47131700	3	47130000		Tuvalet malzemeleri
47131701	4	47131700		Kağıt havlu dağıtıcıları
47131702	4	47131700		Hijyenik ürün dağıtıcıları
47131703	4	47131700		Hijyenik atık kapları
47131704	4	47131700		Kurumsal sabun veya losyon dağıtıcıları
47131800	3	47130000		Temizlik ve dezenfeksiyon çözeltileri
47131801	4	47131800		Yer temizleyiciler
47131803	4	47131800		Evsel dezenfektanlar
47131804	4	47131800		Amonyaklı temizleyiciler
47131805	4	47131800		Genel amaçlı temizleyiciler
47131807	4	47131800		Ağartıcılar
47131808	4	47131800		Kuru germisidal
47131810	4	47131800		Bulaşık yıkama ürünleri
47131811	4	47131800		Çamaşır ürünleri
47131824	4	47131800		Cam veya pencere temizleyicileri
47131829	4	47131800		Tuvalet temizleyicileri
47131900	3	47130000		Emiciler (absorban)
47131901	4	47131900		Emici paspaslar
47131902	4	47131900		Granül emici
47131903	4	47131900		Tıkama bileşiği
47132100	3	47130000		Temizlik kitleri
47132101	4	47132100		Endüstriyel temizlik kitleri
47132102	4	47132100		Genel amaçlı temizlik kitleri
48000000	1		F	Hizmet Sektörü Makineleri ve Ekipmanları ve Malzemeleri
48100000	2	48000000		Kurumsal yemek hizmetleri ekipmanları
48101500	3	48100000		Pişirme ve sıcak tutma ekipmanları
48101501	4	48101500		Ticari kullanım benmariler
48101502	4	48101500		Ticari kullanım barbekü fırınları
48101503	4	48101500		Ticari kullanım ızgaralar (broiler)
48101504	4	48101500		Ticari kullanım mangallar
48101505	4	48101500		Ticari kullanım kahve veya soğuk çay makineleri
48101506	4	48101500		Ticari kullanım kahve ısıtıcıları
48101507	4	48101500		Ticari kullanım konveksiyonlu fırınlar
48101508	4	48101500		Ticari kullanım konveyörlü tost makineleri
48101509	4	48101500		Ticari kullanım fritözler
48101510	4	48101500		Ticari kullanım yemek ısıtıcıları
48101511	4	48101500		Ticari kullanım pişirme plakaları (griddle)
48101512	4	48101500		Ticari kullanım ızgaralar
48101513	4	48101500		Ticari kullanım ısı lambaları
48101514	4	48101500		Ticari kullanım yüksek basınçlı buharlı pişiriciler
48101515	4	48101500		Ticari kullanım sosisli ızgaraları
48101516	4	48101500		Ticari kullanım mikrodalga fırınlar
48101517	4	48101500		Ticari kullanım fırınlar
48101518	4	48101500		Ticari kullanım makarna pişiricileri
48101519	4	48101500		Ticari kullanım pizza fırınları
48101520	4	48101500		Ticari kullanım patlamış mısır makineleri
48101521	4	48101500		Ticari kullanım ocaklar
48101522	4	48101500		Ticari kullanım çevirme ızgaraları (rotisseri)
48101523	4	48101500		Ticari kullanım tütsüleyiciler veya tütsü fırınları
48101524	4	48101500		Ticari kullanım buharlı pişiriciler
48101525	4	48101500		Ticari kullanım tost makineleri
48101526	4	48101500		Ticari kullanım waffle makineleri
48101527	4	48101500		Barbeküler
48101528	4	48101500		Ticari kullanım krep makineleri
48101529	4	48101500		Düdüklü tencereler veya basınçlı fritözler
48101530	4	48101500		Ticari kullanım pilav pişiricileri
48101531	4	48101500		Ticari somon haşlama kapları
48101532	4	48101500		Ticari kullanım pamuk şekeri makineleri veya aksesuarları
48101533	4	48101500		Ticari kullanım kombinasyon fırını
48101534	4	48101500		Ticari kullanım kaynatma tezgahı
48101535	4	48101500		Ticari kullanım salamander ızgarası
48101536	4	48101500		Ticari kullanım pastane fırını
48101537	4	48101500		Ticari kullanım konveyörlü fırın
48101538	4	48101500		Ticari kullanım çift temaslı ızgara
48101539	4	48101500		Ticari kullanım yağ filtrasyon ünitesi
48101540	4	48101500		Ticari kullanım wok ısıtma ünitesi
48101541	4	48101500		Ticari kullanım cips ve patates kızartması depolama ve haznesi
48101542	4	48101500		Ticari kullanım ceketli devrilebilir kazan
48101543	4	48101500		Ticari kullanım ceketli kaynatma tenceresi
48101544	4	48101500		Ticari kullanım doğrudan ısıtmalı kaynatma tenceresi
48101545	4	48101500		Ticari kullanım fırın sehpası
48101546	4	48101500		Ticari dekoksiyon (kaynatma) makinesi
48101600	3	48100000		Gıda hazırlama ekipmanları
48101601	4	48101600		Ticari kullanım blenderlar
48101602	4	48101600		Ticari kullanım elektrikli konserve açacakları
48101603	4	48101600		Ticari kullanım gıda doğrayıcıları veya küp doğrayıcıları
48101604	4	48101600		Ticari kullanım kahve değirmenleri
48101605	4	48101600		Ticari kullanım gıda öğütücüleri
48101606	4	48101600		Ticari kullanım rendeler
48101607	4	48101600		Ticari kullanım meyve sıkacakları
48101608	4	48101600		Ticari kullanım mikserler
48101609	4	48101600		Ticari kullanım makarna makineleri
48101610	4	48101600		Ticari kullanım soyucular
48101611	4	48101600		Ticari kullanım teraziler
48101612	4	48101600		Ticari kullanım mutfak robotları
48101613	4	48101600		Ticari kullanım hamur makineleri
48101614	4	48101600		Ticari kullanım krema setleri veya torbaları
48101615	4	48101600		Ticari kullanım bulaşık makineleri
48101616	4	48101600		Ticari kullanım gıda dilimleyicileri
48101617	4	48101600		Ticari kullanım plastik kürekler
48101618	4	48101600		Ticari kullanım bulaşık makinesi parçaları
48101619	4	48101600		Su sterilizasyon sistemi
48101700	3	48100000		Gıda ve içecek dağıtım ekipmanları
48101701	4	48101700		Gazlı içecek dağıtıcısı
48101702	4	48101700		Gazsız içecek dağıtıcısı
48101703	4	48101700		Süt dağıtıcıları
48101704	4	48101700		Şurup pompaları
48101705	4	48101700		Kapuçino veya espresso makineleri
48101706	4	48101700		Milkshake makineleri
48101707	4	48101700		Soft dondurma makineleri
48101708	4	48101700		Karlı içecek (slush) makineleri
48101709	4	48101700		Buz dağıtıcıları
48101710	4	48101700		İçme suyu çeşmeleri veya sebilleri
48101711	4	48101700		Damacana su sebilleri veya aksesuarları
48101712	4	48101700		Bardak dağıtıcı
48101713	4	48101700		Kokteyl shaker'ları veya aksesuarları
48101714	4	48101700		Sıcak su sebili
48101715	4	48101700		Buz rendeleme makineleri veya aksesuarları
48101716	4	48101700		Su arıtıcı
48101800	3	48100000		Pişirme kapları ve mutfak aletleri
48101801	4	48101800		Ticari kullanım çatal bıçak takımı
48101802	4	48101800		Ticari kullanım kalıplar
48101803	4	48101800		Ticari kullanım kepçeler (scoop)
48101804	4	48101800		Ticari kullanım ölçü kapları
48101805	4	48101800		Ticari kullanım karıştırma kapları
48101806	4	48101800		Ticari kullanım kek veya turta kalıpları
48101807	4	48101800		Ticari kullanım pizza tepsileri
48101808	4	48101800		Ticari kullanım sos veya sote tavaları
48101809	4	48101800		Ticari kullanım stok veya sos tencereleri
48101810	4	48101800		Ticari kullanım tencere veya tava kapakları
48101811	4	48101800		Ticari kullanım oklavalar
48101812	4	48101800		Ticari kullanım süzgeçler
48101813	4	48101800		Ticari kullanım çırpıcılar
48101814	4	48101800		Ticari kullanım woklar
48101815	4	48101800		Ticari kullanım kepçeler
48101816	4	48101800		Ticari kullanım çatal bıçak kesesi
48101817	4	48101800		Pasta süsleme ekipmanları veya kalıpları
48101818	4	48101800		Sofra takımı dezenfektörü
48101819	4	48101800		El sterilizatörü
48101820	4	48101800		Ticari mutfak davlumbazı
48101821	4	48101800		Ticari ceviz kırıcı veya açıcı
48101900	3	48100000		Sofra üstü ve servis ekipmanları
48101901	4	48101900		Yemek servisi sofra takımı
48101902	4	48101900		Yemek servisi çatal bıçak takımı
48101903	4	48101900		Yemek servisi bardakları
48101904	4	48101900		Yemek servisi ayaklı kadehleri
48101905	4	48101900		Yemek servisi fincanları veya kupaları
48101906	4	48101900		Yemek servisi servis sepetleri
48101907	4	48101900		Yemek servisi sürahileri
48101908	4	48101900		Yemek servisi sıcak tutucuları (chafer)
48101909	4	48101900		Yemek servisi kahve veya çaydanlıkları
48101910	4	48101900		Yemek servisi çorba kapları
48101911	4	48101900		Yemek servisi buz kovaları veya şarap soğutucuları
48101912	4	48101900		Yemek servisi sos dağıtıcıları
48101913	4	48101900		Yemek servisi punç kaseleri
48101914	4	48101900		Yemek servisi şarap sürahileri
48101915	4	48101900		Yemek servisi tepsileri
48101916	4	48101900		Yemek servisi peçete dağıtıcıları
48101917	4	48101900		Yemek servisi fondü kapları
48101918	4	48101900		Yemek servisi masa örtüsü ruloları
48101919	4	48101900		Yemek servisi bardakları veya fincanları veya kupaları veya kap kapakları
48101920	4	48101900		Pipet dağıtıcıları
48101921	4	48101900		Kova, Gıdaya uygun plastik
48101926	4	48101900		Katlanır masa
48102000	3	48100000		Restoran mobilyaları
48102001	4	48102000		Restoran sandalyeleri
48102002	4	48102000		Loca tipi oturma birimleri
48102003	4	48102000		Salata barları
48102004	4	48102000		Masa üstleri
48102005	4	48102000		Bar tabureleri
48102006	4	48102000		Sabit barlar
48102007	4	48102000		Taşınabilir barlar
48102008	4	48102000		Sos (kondiment) tezgahları
48102009	4	48102000		Yemek servisi veya dağıtım masası
48102010	4	48102000		Bardak toplama arabası
48102100	3	48100000		Depolama ve taşıma ekipmanları ve malzemeleri
48102101	4	48102100		Teşhir dolapları
48102102	4	48102100		Isıtmalı teşhir dolapları
48102103	4	48102100		Soğutmalı teşhir dolapları
48102104	4	48102100		Dondurma teşhir dolapları
48102105	4	48102100		Bardak soğutma ekipmanları
48102106	4	48102100		Soğuk kaplar
48102107	4	48102100		İkram eldivenleri veya eldiven dağıtıcıları
48102108	4	48102100		Alüminyum gıda sarma folyosu
48110000	2	48000000		Otomatlar (vending)
48120000	2	48000000		Kumar veya bahis ekipmanları
48130000	2	48000000		Cenaze ekipmanları ve malzemeleri
48131500	3	48130000		Defin veya mezar ürünleri
48131502	4	48131500		Tabut
49000000	1		I	Spor ve Eğlence Ekipmanları ve Malzemeleri ve Aksesuarları
49100000	2	49000000		Koleksiyon ürünleri ve ödüller
49101600	3	49100000		Koleksiyon ürünleri
49101602	4	49101600		Hediyelik eşyalar
49101700	3	49100000		Ödüller
49101701	4	49101700		Madalyalar
49101702	4	49101700		Kupalar
49120000	2	49000000		Kamp ve açık hava ekipmanları ve aksesuarları
49121500	3	49120000		Kamp ve açık hava ekipmanları
49121502	4	49121500		Uyku matları
49121503	4	49121500		Çadırlar
49121504	4	49121500		Uyku tulumları
49121505	4	49121500		Buz kutuları
49121506	4	49121500		Çadır onarım kitleri
49121507	4	49121500		Şişme yataklar
49121508	4	49121500		Cibinlikler
49121509	4	49121500		Kamp veya açık hava ocakları
49121510	4	49121500		İçecek soğutucuları
49121600	3	49120000		Kamp mobilyaları
49121601	4	49121600		Kamp sandalyeleri veya tabureleri
49121602	4	49121600		Kamp masaları
49121603	4	49121600		Kamp karyolaları
49130000	2	49000000		Balıkçılık ve avcılık ekipmanları
49131500	3	49130000		Olta takımı
49131501	4	49131500		Olta kamışları
49140000	2	49000000		Su sporları ekipmanları
49141500	3	49140000		Tüplü ve şnorkelli dalış ekipmanları
49141501	4	49141500		Yüzdürücü dengeleyiciler
49141502	4	49141500		Dalış tüpleri
49141503	4	49141500		Dalış regülatörleri
49141504	4	49141500		Dalış cihazları veya aksesuarları
49141505	4	49141500		Maskeler veya paletler veya şnorkeller
49141506	4	49141500		Dalış elbiseleri (wetsuit)
49141507	4	49141500		Kuru dalış elbiseleri (drysuit)
49141508	4	49141500		Dalış botu
49141509	4	49141500		Dalgıç kukuletası
49150000	2	49000000		Kış sporları ekipmanları
49151500	3	49150000		Kayak ve snowboard ekipmanları
49151501	4	49151500		Kayak botları
49151502	4	49151500		Kayaklar
49160000	2	49000000		Saha ve kort sporları ekipmanları
49161500	3	49160000		Saha sporları ekipmanları
49161501	4	49161500		Amerikan futbolu blok kızakları
49161503	4	49161500		Beyzbol topları
49161504	4	49161500		Amerikan futbolu topları
49161505	4	49161500		Futbol topları
49161506	4	49161500		Beyzbol sopaları
49161509	4	49161500		Softbol topları
49161600	3	49160000		Raket ve kort sporları ekipmanları
49161601	4	49161600		Raketbol raketleri
49161602	4	49161600		Badminton raketleri
49161603	4	49161600		Basketbol topları
49161604	4	49161600		Tenis topları
49161607	4	49161600		Tenis raketleri
49161608	4	49161600		Voleybol topları
49161700	3	49160000		Atletizm sporları ekipmanları
49161702	4	49161700		Atlama çıtaları
49170000	2	49000000		Jimnastik ve boks ekipmanları
49171500	3	49170000		Jimnastik ekipmanları
49171501	4	49171500		Jimnastik barları veya denge aletleri
49171503	4	49171500		Jimnastik atlama ekipmanları
49171600	3	49170000		Boks ekipmanları
49171601	4	49171600		Boks ringleri
49180000	2	49000000		Hedef ve masa oyunları ve ekipmanları
49181500	3	49180000		Masa oyunları ve ekipmanları
49181501	4	49181500		Bilardo masaları
49181507	4	49181500		Masa tenisi masaları
49200000	2	49000000		Fitness ekipmanları
49201500	3	49200000		Aerobik antrenman ekipmanları
49201501	4	49201500		Koşu bantları
49201503	4	49201500		Sabit bisikletler
49201504	4	49201500		Kürek makineleri
49201512	4	49201500		Atlama ipleri
49201600	3	49200000		Ağırlık ve direnç antrenman ekipmanları
49201601	4	49201600		Dambıllar
49210000	2	49000000		Diğer sporlar
49211600	3	49210000		Golf ekipmanları
49211800	3	49210000		Beden eğitimi sınıf ekipmanları
49211802	4	49211800		Hula hoop veya çember ekipmanları
49211803	4	49211800		Yön bulma (oryantiring) ekipmanları
49211804	4	49211800		Takım tanımlama materyalleri veya işaretleyicileri
49211805	4	49211800		Boyun askısı (lanyard)
49211806	4	49211800		Beden eğitimi ekipmanı depolaması
49211807	4	49211800		Beden eğitimi değerlendirme araçları
49211808	4	49211800		Obezite ölçüm aracı
49211809	4	49211800		Vücut ölçüm aracı
49220000	2	49000000		Spor ekipmanları ve aksesuarları
49221500	3	49220000		Spor aksesuarları
49221501	4	49221500		Spor skor tabelaları
49221502	4	49221500		Spor kaleleri
49221505	4	49221500		Spor fileleri veya ağları
49221511	4	49221500		Spor ekipmanı çantaları
49240000	2	49000000		Eğlence ve oyun alanı ve yüzme ve spa ekipmanları ve malzemeleri
49241500	3	49240000		Oyun alanı ekipmanları
49241501	4	49241500		Oyun alanı salıncakları
49241503	4	49241500		Oyun alanı atlıkarıncaları
49241700	3	49240000		Yüzme havuzu ve spa ekipmanları ve malzemeleri
49241701	4	49241700		Atlama tahtaları
49241704	4	49241700		Su test kiti veya çözeltileri
50000000	1		F	Gıda İçecek ve Tütün Ürünleri
50100000	2	50000000		Sert kabuklu yemişler ve tohumlar
50101700	3	50100000		Sert kabuklu yemişler ve tohumlar
50110000	2	50000000		Et ve kümes hayvanı ürünleri
50111500	3	50110000		Minimum işlenmiş et ve kümes hayvanı ürünleri
50111513	4	50111500		Sığır eti, katkısız minimum işlenmiş
50120000	2	50000000		Deniz ürünleri
50121500	3	50120000		Balık
50121537	4	50121500		Dondurulmuş balık
50121538	4	50121500		Raf ömrü uzun balık
50121539	4	50121500		Taze balık
50121541	4	50121500		Konserve Balık (WFP gıda standardı)
50121542	4	50121500		Kuru Balık (WFP gıda standardı)
50130000	2	50000000		Süt ürünleri ve yumurtalar
50131600	3	50130000		Yumurtalar ve yumurta ikameleri
50131700	3	50130000		Süt ve tereyağı ürünleri
50131701	4	50131700		Taze süt veya tereyağı ürünleri
50131704	4	50131700		Süt tozu
50131800	3	50130000		Peynir
50131801	4	50131800		Doğal peynir
50131802	4	50131800		İşlenmiş peynir
50131803	4	50131800		Taklit peynir
50150000	2	50000000		Yenilebilir yağlar
50151500	3	50150000		Yenilebilir sebze ve bitki yağları
50151513	4	50151500		Yenilebilir sebze veya bitki yağları
50151514	4	50151500		Yenilebilir sebze veya bitki katı yağları
50151517	4	50151500		Kanola Yağı (WFP gıda standardı)
50151518	4	50151500		Palmolein Yağı (WFP gıda standardı)
50151519	4	50151500		Kolza Yağı (WFP gıda standardı)
50151520	4	50151500		Soya Fasulyesi Yağı (WFP gıda standardı)
50151521	4	50151500		Ayçiçeği Yağı (WFP gıda standardı)
50151600	3	50150000		Yenilebilir hayvansal yağlar
50151604	4	50151600		Yenilebilir hayvansal yağlar
50160000	2	50000000		Çikolata ve şekerler ve tatlandırıcılar ve şekerleme ürünleri
50161500	3	50160000		Çikolata ve şekerler ve tatlandırma ürünleri
50161509	4	50161500		Doğal şekerler veya tatlandırma ürünleri
50161800	3	50160000		Şekerleme ürünleri
50161816	4	50161800		Helva
50170000	2	50000000		Çeşniler ve koruyucular
50171500	3	50170000		Otlar ve baharatlar ve özler
50171548	4	50171500		Taze otlar
50171550	4	50171500		Baharatlar veya özler
50171551	4	50171500		Yemeklik veya sofra tuzu
50171552	4	50171500		Baharat karışımı
50180000	2	50000000		Ekmek ve fırın ürünleri
50181700	3	50180000		Hamur karışımları ve malzemeleri
50181708	4	50181700		Hamur karışımları
50181709	4	50181700		Hamur işi malzemeleri
50181710	4	50181700		Ekmek mayası
50181900	3	50180000		Ekmek ve bisküvi ve kurabiye
50181901	4	50181900		Taze ekmek
50190000	2	50000000		Hazır ve konserve gıdalar
50191500	3	50190000		Hazır çorbalar ve yahniler
50191505	4	50191500		Taze hazır çorbalar veya yahniler
50191506	4	50191500		Dondurulmuş hazır çorbalar veya yahniler
50191507	4	50191500		Raf ömrü uzun hazır çorbalar veya yahniler
50192100	3	50190000		Atıştırmalık gıdalar
50192300	3	50190000		Tatlılar ve tatlı süsleri
50192400	3	50190000		Reçeller ve jöleler ve fındık ve tatlı sürmeler ve meyve konserveleri
50192500	3	50190000		Sandviçler ve dolgulu rulolar
50192600	3	50190000		Hazır garnitürler
50192700	3	50190000		Paketli kombinasyon yemekler
50192800	3	50190000		Tuzlu turtalar ve börekler
50192900	3	50190000		Sade makarna ve erişte
50193000	3	50190000		Bebek mamaları ve içecekleri
50193100	3	50190000		Anında karışımlar ve malzemeler
50193200	3	50190000		Hazır salatalar
50200000	2	50000000		İçecekler
50201700	3	50200000		Kahve ve çay
50201706	4	50201700		Kahve
50201709	4	50201700		Hazır (granül) kahve
50201710	4	50201700		Yaprak çay
50201711	4	50201700		Hazır (granül) çay
50201713	4	50201700		Çay poşetleri
50201714	4	50201700		Süt içermeyen kahve kremaları
50201715	4	50201700		Meyve çayı
50201717	4	50201700		Kahve, çiğ (yeşil)
50202200	3	50200000		Alkollü içecekler
50202300	3	50200000		Alkolsüz içecekler
50202301	4	50202300		Su
50202306	4	50202300		Alkolsüz içecekler
50202312	4	50202300		İnfüzyonlar
50210000	2	50000000		Tütün ve sigara ürünleri ve ikameleri
50220000	2	50000000		Tahıl ve baklagil ürünleri
50221000	3	50220000		Baklagiller
50221002	4	50221000		Baklagil unu
50221100	3	50220000		Tahıllar
50221102	4	50221100		Tahıl unu
50221108	4	50221100		Pirinç tanesi
50221111	4	50221100		Karabuğday (WFP gıda standardı)
50221112	4	50221100		Bulgur Buğdayı (WFP gıda standardı)
50221113	4	50221100		Durum Buğdayı (WFP gıda standardı)
50221114	4	50221100		Yumuşak Buğday (WFP gıda standardı)
50221115	4	50221100		Sert Buğday (WFP gıda standardı)
50221300	3	50220000		Un ve öğütülmüş ürünler
50221301	4	50221300		Sebze unu
50221303	4	50221300		Mısır nişastası veya mısır unu
50221304	4	50221300		Patates unu
50221305	4	50221300		Sorgum Unu (WFP gıda standardı)
50221306	4	50221300		Buğday Unu (WFP gıda standardı)
50221307	4	50221300		Manyok Unu
50300000	2	50000000		Taze meyveler
50301500	3	50300000		Elmalar
50301501	4	50301500		Akane elmaları
50301502	4	50301500		Ambrosia elmaları
50301503	4	50301500		Api elmaları
50301504	4	50301500		Baldwin elmaları
50301505	4	50301500		Braeburn elmaları
50301506	4	50301500		Bramley elmaları
50301507	4	50301500		Bramley seedling elmaları
50301508	4	50301500		Calville blanche d'hiver elmaları
50301509	4	50301500		Cameo elmaları
50301510	4	50301500		Charles ross elmaları
50301511	4	50301500		Codlin elmaları
50301512	4	50301500		Cortland elmaları
50301513	4	50301500		Costard elmaları
50301514	4	50301500		Court pendu plat elmaları
50301515	4	50301500		Cox's orange pippin elmaları
50301516	4	50301500		Yabani elmalar (crab apple)
50301517	4	50301500		Crispin elmaları
50310000	2	50000000		Organik taze meyveler
50311500	3	50310000		Organik elmalar
50311501	4	50311500		Organik akane elmaları
50311502	4	50311500		Organik ambrosia elmaları
50311503	4	50311500		Organik api elmaları
50311504	4	50311500		Organik baldwin elmaları
50311505	4	50311500		Organik braeburn elmaları
50311506	4	50311500		Organik bramley elmaları
50311507	4	50311500		Organik bramley seedling elmaları
50311508	4	50311500		Organik calville blanche d'hiver elmaları
50311509	4	50311500		Organik cameo elmaları
50311510	4	50311500		Organik charles ross elmaları
50311511	4	50311500		Organik codlin elmaları
50311512	4	50311500		Organik cortland elmaları
50311513	4	50311500		Organik costard elmaları
50311514	4	50311500		Organik court pendu plat elmaları
50311515	4	50311500		Organik cox's orange pippin elmaları
50311516	4	50311500		Organik yabani elmalar
50311517	4	50311500		Organik crispin elmaları
50320000	2	50000000		Kuru meyve
50321500	3	50320000		Kuru elma
50321501	4	50321500		Kuru akane elması
50330000	2	50000000		Kuru organik meyve
50331500	3	50330000		Kuru organik elma
50331501	4	50331500		Kuru organik akane elması
50331502	4	50331500		Kuru organik ambrosia elması
50340000	2	50000000		Dondurulmuş meyve
50341500	3	50340000		Dondurulmuş elma
50341501	4	50341500		Dondurulmuş akane elması
50360000	2	50000000		Konserve veya kavanozlanmış meyve
50361500	3	50360000		Konserve veya kavanozlanmış elma
50361501	4	50361500		Konserve veya kavanozlanmış akane elması
50370000	2	50000000		Konserve veya kavanozlanmış organik meyve
50371500	3	50370000		Konserve veya kavanozlanmış organik elma
50371501	4	50371500		Konserve veya kavanozlanmış organik akane elması
50380000	2	50000000		Taze meyve püreleri
50400000	2	50000000		Taze sebzeler
50401500	3	50400000		Enginarlar
50401501	4	50401500		Brittany enginarları
50403400	3	50400000		Salatalıklar
50404500	3	50400000		Mercimekler
50404509	4	50404500		Bütün Kırmızı Mercimek (WFP gıda standardı)
50407000	3	50400000		Nominant sebzeler
50408000	3	50400000		Kök ve Yumru Bitkileri
50410000	2	50000000		Organik taze sebzeler
50411500	3	50410000		Organik enginarlar
50411501	4	50411500		Organik brittany enginarları
50420000	2	50000000		Kuru sebzeler
50421500	3	50420000		Kuru enginar
50421501	4	50421500		Kuru brittany enginarı
50421800	3	50420000		Kuru fasulye
50421834	4	50421800		Kuru lima fasulyesi
50421853	4	50421800		Habeş Fasulyesi (WFP gıda standardı)
50421854	4	50421800		At Baklası (WFP gıda standardı)
50421855	4	50421800		Kırmızı Fasulye (WFP gıda standardı)
50421856	4	50421800		Karışık Fasulye
50421857	4	50421800		Beyaz Fasulye (WFP gıda standardı)
50424000	3	50420000		Kuru yeşil bezelye
50424006	4	50424000		Bütün Yeşil Bezelye (WFP gıda standardı)
50424007	4	50424000		Yarık Yeşil Bezelye (WFP gıda standardı)
50425400	3	50420000		Kuru bezelye
50425407	4	50425400		Güvercin Bezelyesi
50425408	4	50425400		Bütün Sarı Bezelye (WFP gıda standardı)
50425409	4	50425400		Yarık Bezelye (WFP gıda standardı)
50425410	4	50425400		Yarık Sarı Bezelye (WFP gıda standardı)
50425600	3	50420000		Kuru patates
50425610	4	50425600		Patates Pulları/Granülleri (WFP gıda standardı)
50430000	2	50000000		Kuru organik sebzeler
50431500	3	50430000		Kuru organik enginar
50431501	4	50431500		Kuru organik brittany enginarı
50440000	2	50000000		Dondurulmuş sebzeler
50441500	3	50440000		Dondurulmuş enginar
50441501	4	50441500		Dondurulmuş brittany enginarı
50450000	2	50000000		Dondurulmuş organik sebzeler
50451500	3	50450000		Dondurulmuş organik enginar
50451501	4	50451500		Dondurulmuş organik brittany enginarı
50460000	2	50000000		Konserve veya kavanozlanmış sebzeler
50461500	3	50460000		Konserve veya kavanozlanmış enginar
50461501	4	50461500		Konserve veya kavanozlanmış brittany enginarı
50465300	3	50460000		Konserve veya kavanozlanmış yer fıstığı
50465307	4	50465300		Konserve veya kavanozlanmış Fıstık Ezmesi (WFP gıda standardı)
50466800	3	50460000		Konserve veya kavanozlanmış nominant sebzeler
50466818	4	50466800		Konserve veya kavanozlanmış nohut
50470000	2	50000000		Konserve veya kavanozlanmış organik sebzeler
50471500	3	50470000		Konserve veya kavanozlanmış organik enginar
50471501	4	50471500		Konserve veya kavanozlanmış organik brittany enginarı
50500000	2	50000000		Besin takviyeleri
50501500	3	50500000		Vitamin takviyeleri
50501501	4	50501500		A vitamini takviyesi
50501502	4	50501500		B1 vitamini takviyesi
50501503	4	50501500		B2 vitamini takviyesi
50501504	4	50501500		B3 vitamini takviyesi
50501505	4	50501500		B5 vitamini takviyesi
50501506	4	50501500		B6 vitamini takviyesi
50501507	4	50501500		B7 vitamini takviyesi
50501508	4	50501500		B9 vitamini takviyesi
50501509	4	50501500		B12 vitamini takviyesi
50501510	4	50501500		C vitamini takviyesi
50501511	4	50501500		D vitamini takviyesi
50501512	4	50501500		E vitamini takviyesi
50501513	4	50501500		K vitamini takviyesi
50501600	3	50500000		Beslenme mineral takviyeleri
50501700	3	50500000		Makro besin takviyeleri
50501708	4	50501700		Soya ile zenginleştirilmiş Mısır Unu (WFP gıda standardı)
50501709	4	50501700		Mikronutrisyon Tozu (WFP gıda standardı)
50501710	4	50501700		Mısır Soya Karışımı (WFP gıda standardı)
50501711	4	50501700		Inka Mix (WFP gıda standardı)
50501712	4	50501700		Likuni Phala (WFP gıda standardı)
50501713	4	50501700		Süper Tahıl (WFP gıda standardı)
50501714	4	50501700		Süper Tahıl Plus (WFP gıda standardı)
50501715	4	50501700		Unimix (WFP gıda standardı)
50501716	4	50501700		Vitacereal (WFP gıda standardı)
50501717	4	50501700		Mısır-Soya Sütü (WFP gıda standardı)
50501718	4	50501700		Yüksek Enerjili Bisküviler (WFP gıda standardı)
50501719	4	50501700		Lakto Soya Karışımı
50501720	4	50501700		Bezelye Buğday Karışımı (WFP gıda standardı)
50501721	4	50501700		Pirinç Soya Karışımı (WFP gıda standardı)
50501722	4	50501700		Buğday Soya Karışımı (WFP gıda standardı)
50501723	4	50501700		Indiamix (WFP gıda standardı)
50501724	4	50501700		Nutrimix (WFP gıda standardı)
50501725	4	50501700		Unilito (WFP gıda standardı)
50501726	4	50501700		Buğday Soya Sütü (WFP gıda standardı)
50501727	4	50501700		Tamamlayıcı Emzirme/Besleme Kiti (WFP gıda standardı)
50501800	3	50500000		Kombinasyon besin takviyeleri
50501804	4	50501800		Kombinasyon vitamin ve mineral besin takviyesi
50501900	3	50500000		Veteriner besin takviyeleri
50501901	4	50501900		Mineral tuz yalama bloğu
50501902	4	50501900		Veteriner çoklu besin bloğu
50501903	4	50501900		Veteriner vitamini
50501904	4	50501900		Veteriner vitamin ve mineral karışımı
51000000	1		E	İlaçlar ve Farmasötik Ürünler
51100000	2	51000000		Amebisitler ve trikomonasitler ve antiprotozoaller
51101600	3	51100000		Amebisitler ve Trikomonasitler ve Antiprotozoaller
51101602	4	51101600		Eflornitin
51101604	4	51101600		Meglumin antimonat
51101607	4	51101600		Kalsiyum oksit
51101612	4	51101600		Polinoksilin
51101613	4	51101600		Pentamidin
51101614	4	51101600		Diloksanid furoat
51101616	4	51101600		Melarsoprol
51101618	4	51101600		Taurolidin
51101620	4	51101600		İyodokinol
51101629	4	51101600		Trimetreksat
51101630	4	51101600		Propamidin
51101636	4	51101600		Azanidazol
51101680	4	51101600		Quinfamid
51101693	4	51101600		Toltrazuril
51101900	3	51100000		Antiprotozoaller
51101902	4	51101900		Meflokin
51101903	4	51101900		Primakin
51101904	4	51101900		Kinin
51101905	4	51101900		Klorokin
51101906	4	51101900		Proguanil
51101907	4	51101900		Pirimetamin
51101908	4	51101900		Artemeter
51101911	4	51101900		Halofantrin
51101912	4	51101900		Hidroksiklorokin
51101913	4	51101900		Amodiakin
51101914	4	51101900		Artesunat
51101915	4	51101900		Benflumetol veya lumefantrin
51101923	4	51101900		Atovakon
51101928	4	51101900		Sikloguanil
51101929	4	51101900		Dosetaksel
51102800	3	51100000		Kombinasyon anti-enfektifler
51102811	4	51102800		Basitrasin/hidrokortizon/neomisin/polimiksin B
51102818	4	51102800		Basitrasin/diperodon/neomisin/polimiksin B
51102821	4	51102800		Basitrasin/neomisin/polimiksin B
51102822	4	51102800		Basitrasin/polimiksin B
51102823	4	51102800		Basitrasin/polimiksin B/pramoksin
51102832	4	51102800		Kloramfenikol/hidrokortizon/polimiksin B
51102842	4	51102800		Dalfopristin/kinupristin
51102844	4	51102800		Deksametazon/neomisin/polimiksin B
51102852	4	51102800		Gramisidin/neomisin/polimiksin B
51102856	4	51102800		Hidrokortizon/neomisin/polimiksin B
51102858	4	51102800		Hidrokortizon/polimiksin B
51102862	4	51102800		Oksitetrasiklin/polimiksin B
51102863	4	51102800		Neomisin/polimiksin B
51102864	4	51102800		Neomisin/polimiksin B/prednizolon
51102871	4	51102800		Polimiksin B/trimetoprim
51102872	4	51102800		Prednizolon/sülfasetamid
51102878	4	51102800		İzoniazid+Piridoksin (B6 vitamini)+Sülfametoksazol+Trimetoprim
51102900	3	51100000		Kombinasyon antimalaryaller
51102901	4	51102900		Artemeter/lumefantrin
51102904	4	51102900		Pirimetamin/sülfadoksin
51102905	4	51102900		Amodiakin ve pirimetamin/sülfadoksin
51102907	4	51102900		Amodiakin/artesunat
51102909	4	51102900		Artesunat/Pironaridin
51102910	4	51102900		Dihidroartemisinin/Piperakin
51110000	2	51000000		Antineoplastik ajanlar
51111600	3	51110000		Antimetabolitler
51111602	4	51111600		Sitarabin
51111606	4	51111600		Hidroksiüre
51111610	4	51111600		Metotreksat
51111617	4	51111600		Gemsitabin
51111625	4	51111600		Azasitidin
51111629	4	51111600		Klofarabin
51111642	4	51111600		İrinotekan
51111650	4	51111600		Pemetreksed
51111659	4	51111600		Topotekan
51111700	3	51110000		Antineoplastik antibiyotikler
51111704	4	51111700		Mitomisin
51111716	4	51111700		Rituksimab
51111717	4	51111700		Trastuzumab
51111728	4	51111700		Kabazitaksel
51111731	4	51111700		Bevasizumab
51111733	4	51111700		Bleomisin
51111736	4	51111700		Setuksimab
51111739	4	51111700		Etoposid
51111740	4	51111700		Daunorubisin hidroklorür
51111742	4	51111700		Eribulin
51111746	4	51111700		İpilimumab
51111758	4	51111700		Panitumumab
51111761	4	51111700		Ranibizumab
51111765	4	51111700		Trabektedin
51111766	4	51111700		Vinblastin
51111767	4	51111700		Vinkristin
51111772	4	51111700		Vinorelbin
51111778	4	51111700		Alemtuzumab
51111779	4	51111700		Karfilzomib
51111780	4	51111700		Durvalumab
51111781	4	51111700		Olaparib
51111782	4	51111700		Obinutuzumab
51111783	4	51111700		Brentuksimab vedotin
51111784	4	51111700		Atezolizumab
51111785	4	51111700		Pembrolizumab
51111786	4	51111700		Pertuzumab
51111800	3	51110000		Hormonlar ve antihormonlar
51111802	4	51111800		Bikalutamid
51111803	4	51111800		Estramustin
51111805	4	51111800		Goserelin
51111807	4	51111800		Löprolid
51111815	4	51111800		Triptorelin
51111820	4	51111800		Letrozol
51111824	4	51111800		Eksemestan
51111828	4	51111800		Siproteron
51111830	4	51111800		Abirateron
51111833	4	51111800		Aksitinib
51111838	4	51111800		Bortezomib
51111842	4	51111800		Degareliks
51111855	4	51111800		Lanreotid
51111856	4	51111800		Lapatinib
51111862	4	51111800		Nilotinib
51111863	4	51111800		Oktreotid
51111873	4	51111800		Tamoksifen
51111874	4	51111800		Tamoksifen sitrat
51111875	4	51111800		Anastrozol
51111876	4	51111800		Löprorelin
51111877	4	51111800		Enzalutamid
51111878	4	51111800		Goserelin asetat
51111900	3	51110000		Doğal antineoplastik ürünler
51111901	4	51111900		Asparajinaz
51111904	4	51111900		Paklitaksel
51111906	4	51111900		Pegaspargaz
51112000	3	51110000		Tirozin kinaz inhibitörleri
51112001	4	51112000		Kapesitabin
51112002	4	51112000		Dasatinib
51112004	4	51112000		Gefitinib
51112005	4	51112000		İmatinib
51112006	4	51112000		Pazopanib
51112008	4	51112000		Sorafenib
51112010	4	51112000		Vandetanib
51112012	4	51112000		Afatinib
51112014	4	51112000		Erlotinib hidroklorür
51112015	4	51112000		İmatinib mesilat
51112016	4	51112000		Sorafenib tosilat
51112017	4	51112000		Sunitinib malat
51112020	4	51112000		Seritinib
51112021	4	51112000		Palbosiklib
51112022	4	51112000		İbrutinib
51112023	4	51112000		Ruksolitinib
51112026	4	51112000		Kabozantinib
51112027	4	51112000		Regorafenib
51112028	4	51112000		Nintedanib
51112029	4	51112000		Abemasiklib
51112030	4	51112000		Ribosiklib
51112031	4	51112000		Lenvatinib
51112032	4	51112000		Krizotinib
51112033	4	51112000		Barisitinib
51112034	4	51112000		Osimertinib
51112035	4	51112000		Alektinib
51112037	4	51112000		Midostaurin
51112088	4	51112000		Akalabrutinib
51112300	3	51110000		Alkilleyici ajan alkansülfonik asitler
51112301	4	51112300		Busulfan
51112400	3	51110000		Alkilleyici ajan amidler
51112402	4	51112400		Dakarbazin
51112500	3	51110000		Alkilleyici ajan azot hardalı bileşikleri
51112503	4	51112500		Bendamustin
51112505	4	51112500		Klorambusil
51112507	4	51112500		Siklofosfamid
51112508	4	51112500		Bendamustin hidroklorür
51112510	4	51112500		İfosfamid
51112513	4	51112500		Melfalan
51112600	3	51110000		Alkilleyici ajan nitrozoüre bileşikleri
51112601	4	51112600		Karmustin
51112700	3	51110000		Alkilleyici ajan organoplatin bileşikleri
51112701	4	51112700		Karboplatin
51112702	4	51112700		Sisplatin
51112705	4	51112700		Oksaliplatin
51112800	3	51110000		Alkilleyici ajan stilbenler
51112804	4	51112800		Raloksifen
51112900	3	51110000		Alkilleyici ajan triazinler
51112901	4	51112900		Amifostin
51112902	4	51112900		Temozolomid
51113000	3	51110000		Alkilleyici ajan aminler
51113500	3	51110000		Alkilleyici ajan piperazinler
51113501	4	51113500		Pipobroman
51113502	4	51113500		Piposülfan
51113503	4	51113500		Venetoklaks
51120000	2	51000000		Antiaritmikler ve antianjinaller ve kardiyoplejikler ve kalp yetmezliği ilaçları
51121500	3	51120000		Antiaritmik ajanlar
51121583	4	51121500		Propafenon hidroklorür
51122600	3	51120000		Kombinasyon antilipemik ajanlar
51122601	4	51122600		Aspirin/pravastatin
51122603	4	51122600		Ezetimib/simvastatin
51122606	4	51122600		Ezetimib/Atorvastatin
51123500	3	51120000		Antiaritmik benzazepinler
51123501	4	51123500		İvabradin
51123600	3	51120000		Antiaritmik benzofuranlar
51123601	4	51123600		Amiodaron
51123900	3	51120000		Antiaritmik indoller
51123906	4	51123900		Propafenon
51124100	3	51120000		Antiaritmik purinler
51124101	4	51124100		Adenozin
51124400	3	51120000		Antiaritmik kalp glikozitleri veya kardenolidler
51124404	4	51124400		Digoksin
51124500	3	51120000		Antiaritmik kükürt bileşikleri
51124503	4	51124500		Glimepirid
51130000	2	51000000		Hematolojik ilaçlar
51131500	3	51130000		Antianemik ilaçlar
51131506	4	51131500		Eritropoietin
51131507	4	51131500		Darbepoetin alfa
51131520	4	51131500		Pleriksafor
51131524	4	51131500		Demir Dekstran
51131525	4	51131500		Demir fumarat
51131526	4	51131500		Metoksi polietilen glikol-epoetin beta
51131600	3	51130000		Antikoagülanlar
51131602	4	51131600		Heparin
51131604	4	51131600		Varfarin
51131607	4	51131600		Enoksaparin
51131615	4	51131600		Fondaparinuks
51131621	4	51131600		Apiksaban
51131624	4	51131600		Dabigatran eteksilat mesilat
51131629	4	51131600		Klopidogrel
51131631	4	51131600		Dabigatran
51131641	4	51131600		Nadroparin
51131642	4	51131600		İloprost
51131649	4	51131600		Prasugrel
51131650	4	51131600		Rivaroksaban
51131665	4	51131600		Asetilsalisilik asit/Klopidogrel bisülfat
51131700	3	51130000		Trombolitik ilaçlar ve trombosit agregasyon inhibitörleri
51131701	4	51131700		Absiksimab
51131703	4	51131700		Streptokinaz
51131705	4	51131700		Dipiridamol
51131711	4	51131700		Tenekteplaz
51131740	4	51131700		Tikagrelor
51131800	3	51130000		Koagülanlar ve sistemik hemostatik ajanlar
51131801	4	51131800		Fibrinojen
51131808	4	51131800		Aminokaproik asit
51131811	4	51131800		Traneksamik asit
51131812	4	51131800		Romiplostim
51131817	4	51131800		Eltrombopag
51131819	4	51131800		Koagülasyon faktörü IX
51131820	4	51131800		Koagülasyon faktörü VII
51131821	4	51131800		Koagülasyon faktörü VIII
51131823	4	51131800		Moroktokog alfa
51131827	4	51131800		Eltrombopag olamin
51131828	4	51131800		Fibrinojen/Faktör XIII+Aprotinin+Trombin+Kalsiyum klorür
51131829	4	51131800		Anti-faktör VIII koagülan kompleksi
51131830	4	51131800		Aprotinin/Fibrinojen+Kalsiyum klorür/Trombin
51131831	4	51131800		Emisizumab
51131832	4	51131800		Koagülasyon faktörü VIII/Von Willebrand Faktörü İnsan
51131833	4	51131800		Fibrinojen+kalsiyum klorür/trombin
51131834	4	51131800		Fitomenadyon veya fillokinon
51131900	3	51130000		Kan plazması ikameleri ve genişleticileri
51131901	4	51131900		Poligelin
51131908	4	51131900		Hetastarch
51131909	4	51131900		İnsan albümini
51131911	4	51131900		Dekstran
51132000	3	51130000		Hemoreolojik ajanlar
51132001	4	51132000		Pentoksifilin
51132100	3	51130000		Kombinasyon hematolojik ilaçlar
51132102	4	51132100		Aspirin/dipiridamol
51132200	3	51130000		Kombinasyon opioid olmayan analjezikler
51132225	4	51132200		Asetaminofen/tramadol
51132300	3	51130000		Kombinasyon hacim genişleticiler
51132308	4	51132300		İdarusizumab
51140000	2	51000000		Merkezi sinir sistemi ilaçları
51141500	3	51140000		Antikonvülzanlar
51141501	4	51141500		Asetazolamid
51141504	4	51141500		Lamotrijin
51141507	4	51141500		Fenitoin
51141509	4	51141500		Vigabatrin
51141513	4	51141500		Karbamazepin
51141518	4	51141500		Levetirasetam
51141522	4	51141500		Okskarbazepin
51141526	4	51141500		Primidon
51141528	4	51141500		Topiramat
51141531	4	51141500		Valproik asit
51141535	4	51141500		Kabergolin
51141538	4	51141500		Donepezil
51141563	4	51141500		Lakozamid
51141566	4	51141500		İngiliz tuzu veya magnezyum sülfat
51141590	4	51141500		Donepezil hidroklorür
51141596	4	51141500		Fenitoin sodyum
51142300	3	51140000		Narkotik antagonistleri
51142302	4	51142300		Nalokson
51142315	4	51142300		Nalokson hidroklorür
51142400	3	51140000		Vasküler ve migren baş ağrıları için kullanılan ilaçlar
51142411	4	51142400		Rizatriptan
51142413	4	51142400		Zolmitriptan
51142423	4	51142400		Almotriptan malat
51142433	4	51142400		Rizatriptan benzoat
51142435	4	51142400		Sumatriptan süksinat
51142500	3	51140000		Antiparkinson ilaçlar
51142501	4	51142500		Bromokriptin
51142517	4	51142500		Amantadin
51142538	4	51142500		Rotigotin
51142565	4	51142500		Pramipeksol dihidroklorür monohidrat
51142568	4	51142500		Rasajilin mesilat
51143000	3	51140000		Nootropikler
51143100	3	51140000		Salisilatlar
51143103	4	51143100		Asetilsalisilik asit veya Aspirin
51143104	4	51143100		Bizmut subsalisilat
51143112	4	51143100		Domuz beyninden türetilen proteolitik peptit
51143200	3	51140000		Bağımlılık karşıtı ilaçlar
51143202	4	51143200		Nikotin
51143203	4	51143200		Vareniklin
51143222	4	51143200		Vareniklin tartrat
51143400	3	51140000		Kombinasyon antimigren ajanları
51143406	4	51143400		Kafein/ergotamin
51143409	4	51143400		Kafein/Dihidroergotamin/Parasetamol
51143500	3	51140000		Kombinasyon antiparkinson ajanları
51143501	4	51143500		Karbidopa/entakapon/levodopa
51143502	4	51143500		Karbidopa/levodopa
51143900	3	51140000		Uyarıcı veya anoreksian alkoller
51143908	4	51143900		Piridoksin disülfit veya piritioksin veya piritinol
51144000	3	51140000		Uyarıcı veya anoreksian aminler
51144014	4	51144000		Metilfenidat
51144015	4	51144000		Metilfenidat hidroklorür
51144600	3	51140000		Uyarıcı veya anoreksian alkaloitler
51144601	4	51144600		Kafein veya trimetilksantin
51150000	2	51000000		Otonom sinir sistemi ilaçları
51151500	3	51150000		Kolinerjik ilaçlar ve kolinesteraz inhibitörleri
51151512	4	51151500		Neostigmin
51151514	4	51151500		Piridostigmin
51151527	4	51151500		Metrifonat veya triklorfon
51151529	4	51151500		Rivastigmin
51151541	4	51151500		Galantamin hidrobromür
51151544	4	51151500		Pilokarpin hidroklorür
51151548	4	51151500		Piridostigmin bromür
51151549	4	51151500		Rivastigmin hidrojen tartrat
51151600	3	51150000		Kolinerjik bloke edici ajanlar
51151604	4	51151600		Triheksifenidil
51151606	4	51151600		Tropikamid
51151616	4	51151600		Atropin
51151617	4	51151600		Biperiden
51151625	4	51151600		Butilskopolamin
51151657	4	51151600		Oksibutinin
51151666	4	51151600		Tolterodin
51151674	4	51151600		Pinaverium bromür
51151675	4	51151600		Butilskopolamin/metamizol sodyum (dipiron)
51151900	3	51150000		Merkezi etkili iskelet kası gevşeticileri
51151904	4	51151900		Metokarbamol
51152000	3	51150000		Nöromüsküler bloke edici ajanlar
51152004	4	51152000		Vekuronyum
51152005	4	51152000		Botulinum toksini
51152006	4	51152000		Sisatrakuryum
51152017	4	51152000		Baklofen
51152046	4	51152000		Süksinilkolin veya süksametonyum klorür
51152051	4	51152000		Sisatrakuryum besilat
51152064	4	51152000		Orfenadrin sitrat
51152067	4	51152000		Pankuronyum bromür
51152070	4	51152000		Rokuronyum bromür
51152072	4	51152000		Süksetonyum klorür
51152075	4	51152000		Vekuronyum bromür
51160000	2	51000000		Solunum yolunu etkileyen ilaçlar
51161500	3	51160000		Antiastmatik ilaçlar
51161524	4	51161500		Tiotropium
51161563	4	51161500		Zafirlukast
51161569	4	51161500		Montelukast sodyum
51161574	4	51161500		Tiotropium bromür
51161700	3	51160000		Solunum yolu bozuklukları için kullanılan ilaçlar
51161702	4	51161700		Beraktant
51161705	4	51161700		İpratropium bromür
51161708	4	51161700		Deoksiribonükleaz veya dornaz alfa
51161709	4	51161700		Poraktant alfa
51161800	3	51160000		Öksürük ve soğuk algınlığı ve antialerji ürünleri
51162000	3	51160000		Kombinasyon antiastım ajanları
51162002	4	51162000		Albuterol/ipratropium
51162012	4	51162000		Budesonid/formoterol
51162030	4	51162000		Flutikazon/salmeterol
51162038	4	51162000		İndakaterol/Glikopironyum bromür
51162039	4	51162000		Vilanterol/Flutikazon furoat
51162040	4	51162000		Beklometazon dipropiyonat/Formoterol fumarat/Glikopironyum bromür
51162041	4	51162000		Beklometazon dipropiyonat/formoterol fumarat
51162042	4	51162000		Beklometazon dipropiyonat/formoterol fumarat/glikopironyum bromür
51162043	4	51162000		İpratropium bromür/fenoterol hidrobromür
51162100	3	51160000		Kombinasyon antitüberkülozlar
51162101	4	51162100		İzoniazid/pirazinamid/rifampin
51162103	4	51162100		İzoniazid/rifampin
51162104	4	51162100		Etambutol/izoniazid/pirazinamid/rifampisin
51162106	4	51162100		Etambutol/izoniazid/pirazinamid/rifampisin
51162107	4	51162100		İzoniazid/rifapentin
51162300	3	51160000		Kombinasyon soğuk algınlığı ilaçları
51162357	4	51162300		Asetaminofen/Kafein/Klorfeniramin/Fenilefrin
51162600	3	51160000		Antitüssifler ve ilgili öksürük ilaçları
51162603	4	51162600		Benzonatat
51162626	4	51162600		Dekstrometorfan
51162700	3	51160000		Dekonjestanlar, ekspektoranlar ve mukolitikler
51162701	4	51162700		Asetilsistein
51162702	4	51162700		Ambroksol
51162704	4	51162700		Bromheksin
51162713	4	51162700		Guaiakol
51162728	4	51162700		Nafazolin
51162732	4	51162700		Oksimetazolin
51162747	4	51162700		Ksilometazolin
51170000	2	51000000		Gastrointestinal sistemi etkileyen ilaçlar
51171500	3	51170000		Antasitler ve gaz gidericiler
51171505	4	51171500		Simetikon
51171510	4	51171500		Magnezyum trisilikat
51171511	4	51171500		Aljeldrat veya alüminyum hidroksit
51171600	3	51170000		Müshiller
51171605	4	51171600		Laktuloz
51171607	4	51171600		Psyllium hidrofilik müsiloid
51171610	4	51171600		Senna glikozitleri veya sennozitler
51171614	4	51171600		Bisakodil
51171628	4	51171600		Potasyum fosfat
51171630	4	51171600		Sodyum fosfat/sodyum sitrat
51171641	4	51171600		Polietilen glikol
51171700	3	51170000		İshal kesiciler (antidiyareik)
51171714	4	51171700		Rasekadotril
51171724	4	51171700		Loperamid hidroklorür
51171800	3	51170000		Antiemetikler ve bulantı önleyiciler ve antivertigo ajanları
51171806	4	51171800		Metoklopramid
51171807	4	51171800		Sinarizin
51171808	4	51171800		Difenidol
51171816	4	51171800		Ondansetron
51171820	4	51171800		Dimenhidrinat
51171822	4	51171800		Palonosetron
51171823	4	51171800		Granisetron
51171838	4	51171800		Fosaprepitant veya ivemend
51171839	4	51171800		Hidroksizin
51171840	4	51171800		Hiyosin veya skopolamin
51171858	4	51171800		Netupitant/Palonosetron
51171900	3	51170000		Antiülser ve ilgili gastrointestinal GİS ilaçları
51171901	4	51171900		Simetidin
51171905	4	51171900		Sisaprid
51171906	4	51171900		Lansoprazol
51171909	4	51171900		Esomeprazol veya omeprazol
51171910	4	51171900		Pankreatin
51171911	4	51171900		Sukralfat
51171915	4	51171900		Pantoprazol
51171916	4	51171900		Rabeprazol sodyum
51171917	4	51171900		Ranitidin
51171926	4	51171900		Sevelamer
51171932	4	51171900		Sinitaprid
51171935	4	51171900		Dekslansoprazol
51171962	4	51171900		Ursodeoksikolik asit
51171973	4	51171900		Alglukozidaz alfa
51171974	4	51171900		İmiglukeraz
51171980	4	51171900		Velaglukeraz alfa
51171984	4	51171900		Agalsidaz beta
51172100	3	51170000		Antispazmodikler
51172148	4	51172100		Rosiverin
51172200	3	51170000		İnterstisyel sistiti tedavi eden ilaçlar
51172201	4	51172200		Pentosan polisülfat sodyum
51172300	3	51170000		Antidotlar ve kusturucular
51172305	4	51172300		Protamin sülfat
51172308	4	51172300		Metilen mavisi veya metiltiyoninyum klorür
51172309	4	51172300		Yılan/akrep panzehirleri (antivenin)
51172310	4	51172300		Folinik asit veya lökovorin
51172311	4	51172300		Tıbbi kullanım için aktif karbon veya aktif kömür
51172319	4	51172300		Sisteamin veya merkaptamin
51172320	4	51172300		Deferasiroks
51172321	4	51172300		Deferipron
51172324	4	51172300		Mesna
51172327	4	51172300		Sodyum laktat
51172328	4	51172300		Sugammadeks
51172332	4	51172300		Asetohidroksamik asit
51172333	4	51172300		Sugammadeks sodyum
51172338	4	51172300		Kalsiyum folinat
51172340	4	51172300		Kalsiyum folinat
51172400	3	51170000		Kombinasyon antasit, antidiyareik, gaz giderici, sindirim ve gastrik müstahzarlar
51172410	4	51172400		Alüminyum hidroksit/magnezyum hidroksit
51172413	4	51172400		Alüminyum hidroksit/magnezyum trisilikat
51172481	4	51172400		Taliglukeraz alfa
51172483	4	51172400		Elosülfaz alfa
51172484	4	51172400		İduronidaz
51172485	4	51172400		Agalsidaz alfa
51172486	4	51172400		İdursülfaz
51172487	4	51172400		Magnezyum hidroksit
51172490	4	51172400		Laronidaz
51172800	3	51170000		Kombinasyon kariostatikler, diş veya ağız çalkalama veya oral ajanlar
51172833	4	51172800		Hidrojen peroksit/sodyum bikarbonat
51180000	2	51000000		Hormonlar ve hormon antagonistleri
51181500	3	51180000		Antidiyabetik ajanlar ve hiperglisemik ajanlar
51181578	4	51181500		Dapagliflozin
51181579	4	51181500		Empagliflozin
51181600	3	51180000		Tiroid ve antitiroid ilaçlar
51181604	4	51181600		Tiroid uyarıcı hormon veya tirotropin
51181605	4	51181600		Metimazol
51181606	4	51181600		Propiltiourasil
51181608	4	51181600		Levotiroksin veya tiroksin veya triiyodotironin
51181613	4	51181600		Kalsitonin
51181614	4	51181600		Karbimazol
51181625	4	51181600		Kalsitonin salmon
51181629	4	51181600		Levotiroksin sodyum
51181900	3	51180000		Gonadotropik hormonlar ve over uyarıcıları ve inhibitörleri
51181901	4	51181900		Koriyogonadotropin alfa veya koryonik gonadotropin
51181912	4	51181900		Follitropin veya follitropin alfa ve follitropin beta
51181927	4	51181900		Klomifen sitrat
51181931	4	51181900		Lutropin (LH)/Follitropin (FSH)
51181932	4	51181900		Lutropin alfa
51182000	3	51180000		Androjenler ve androjen inhibitörleri
51182002	4	51182000		Testosteron
51182014	4	51182000		Dutasterid
51182024	4	51182000		Danazol
51182027	4	51182000		Flutamid
51182035	4	51182000		Nilutamid
51182047	4	51182000		Tibolon
51182071	4	51182000		Testosteron enantat
51182100	3	51180000		Arka hipofiz hormonları
51182101	4	51182100		Desmopressin
51182102	4	51182100		Arjipressin veya vazopressin
51182106	4	51182100		Terlipressin
51182108	4	51182100		Desmopressin asetat
51182200	3	51180000		Doğum indüksiyonu için ilaçlar
51182201	4	51182200		Dinoproston
51182202	4	51182200		Metilergometrin veya metilergonovin
51182203	4	51182200		Oksitosin
51182204	4	51182200		Ergometrin veya ergonovin
51182206	4	51182200		Atosiban
51182207	4	51182200		Karbetosin
51182214	4	51182200		Mizoprostol
51182222	4	51182200		Ergometrin maleat
51182300	3	51180000		Büyüme hormonları ve inhibitörleri
51182302	4	51182300		İnsan büyüme hormonu veya somatotropin veya somatropin
51182400	3	51180000		Kalsiyum düzenleyicileri ve kalsiyum tuzları
51182406	4	51182400		Alendronik asit veya alendronat sodyum
51182415	4	51182400		Zoledronik asit
51182416	4	51182400		Pamidronat disodyum veya pamidronik asit
51182417	4	51182400		Risedronat sodyum veya risedronik asit
51182426	4	51182400		Sinakalset
51182428	4	51182400		Denosumab
51182435	4	51182400		Teriparatid
51182441	4	51182400		Kolekalsiferol/Risedronat sodyum veya risedronik asit
51182500	3	51180000		Kombinasyon antitiroid ajanlar ve takviyeler
51182501	4	51182500		Levotiroksin/liotironin
51182700	3	51180000		Kombinasyon oral hipoglisemik ajanlar
51182709	4	51182700		Metformin/sitagliptin
51182710	4	51182700		Metformin/linagliptin
51182711	4	51182700		Glimepirid/metformin
51183300	3	51180000		Antidiyabetik ve hiperglisemik dipeptidil peptidaz-4 inhibitörleri
51183301	4	51183300		Linagliptin
51183303	4	51183300		Sitagliptin
51183306	4	51183300		Sitagliptin fosfat
51183500	3	51180000		Antidiyabetik ve hiperglisemik guanidinler
51183505	4	51183500		Metformin
51183510	4	51183500		Metformin hidroklorür
51183600	3	51180000		Antidiyabetik ve hiperglisemik peptit hormonlar
51183601	4	51183600		Eksenatid
51183603	4	51183600		İnsülin
51183607	4	51183600		İnsülin aspart
51183608	4	51183600		Sığır insülini
51183610	4	51183600		İnsülin glarjin
51183611	4	51183600		Liraglutid
51183613	4	51183600		İnsülin glulisin
51183614	4	51183600		İnsan insülini
51183615	4	51183600		İnsülin lispro
51183622	4	51183600		İnsülin aspart/İnsülin aspart protamin
51183623	4	51183600		İnsülin degludek
51183700	3	51180000		Antidiyabetik ve hiperglisemik tiazolidindionlar
51183706	4	51183700		Pioglitazon hidroklorür
51183800	3	51180000		Antidiyabetik ve hiperglisemik alfa-glukozidaz inhibitörleri
51183801	4	51183800		Akarboz
51184000	3	51180000		Antidiyabetik ve hiperglisemik sülfonilüreler
51184004	4	51184000		Glibenklamid veya gliburid
51184007	4	51184000		Gliklazid
51190000	2	51000000		Su ve elektrolitleri etkileyen ajanlar
51191500	3	51190000		Diüretikler
51191502	4	51191500		Klortalidon
51191504	4	51191500		Bumetanid
51191507	4	51191500		Spironolakton
51191509	4	51191500		Mannitol
51191515	4	51191500		Hidroklorotiazid
51191517	4	51191500		İzosorbid
51191549	4	51191500		Furosemid
51191554	4	51191500		İzosorbid dinitrat
51191555	4	51191500		İzosorbid mononitrat
51191572	4	51191500		Amilorid hidroklorür
51191600	3	51190000		Elektrolitler
51191602	4	51191600		Sodyum klorür elektrolitleri
51191604	4	51191600		Laktatlı ringer solüsyonu
51191605	4	51191600		Enjeksiyon için steril su
51191607	4	51191600		Dekstroz
51191609	4	51191600		Sodyum bikarbonat veya sodyum hidrojen karbonat
51191800	3	51190000		Potasyum tuzları
51191802	4	51191800		Potasyum klorür
51191806	4	51191800		Potasyum bikarbonat/Potasyum bitartrat
51191900	3	51190000		Beslenme tedavisi ürünleri
51191909	4	51191900		Tiyamin
51191915	4	51191900		Kalsiyum glukonat
51191917	4	51191900		Demir sülfat
51191918	4	51191900		Folik asit
51191919	4	51191900		Demir sükroz
51191923	4	51191900		Tretinoin
51191967	4	51191900		L-ornitin/L-aspartat
51191968	4	51191900		Alfa keto amino asit analogları
51191970	4	51191900		Hidroksokobalamin veya B12a vitamini
51192000	3	51190000		Antigut (gut) ilaçları
51192001	4	51192000		Allopurinol
51192002	4	51192000		Kolşisin
51192300	3	51190000		Kombinasyon elektrolitler/mineraller
51192317	4	51192300		Dekstroz/Sodyum klorür
51192318	4	51192300		Potasyum klorür/Sodyum klorür/Dekstroz/Sodyum sitrat
51192400	3	51190000		Kombinasyon beslenme tedavisi ürünleri
51192429	4	51192400		Kalsiyum karbonat/D vitamini
51192443	4	51192400		Demir sülfat/folik asit
51192445	4	51192400		Folik asit/demir
51192458	4	51192400		Kalsiyum karbonat/kalsiyum glukonat laktat
51192459	4	51192400		Parikalsitol
51200000	2	51000000		İmmünomodülatör ilaçlar
51201500	3	51200000		İmmünosüpresanlar
51201569	4	51201500		Atlizumab veya tosilizumab
51201571	4	51201500		Blinatumomab
51201573	4	51201500		Nivolumab
51201574	4	51201500		Palivizumab
51201575	4	51201500		Okrelizumab
51201576	4	51201500		Tofasitinib
51201580	4	51201500		İksekizumab
51201600	3	51200000		Aşılar ve antijenler ve toksoidler
51201604	4	51201600		Difteri aşısı
51201606	4	51201600		Hemofilus influenzae aşısı
51201607	4	51201600		Hepatit B virüsü aşısı
51201608	4	51201600		İnfluenza virüsü aşısı
51201609	4	51201600		Kızamık virüsü aşısı
51201610	4	51201600		Meningokok aşısı
51201615	4	51201600		Pnömokok aşısı
51201616	4	51201600		Poliovirüs aşısı
51201617	4	51201600		Kuduz aşısı
51201618	4	51201600		Rota virüsü aşısı
51201620	4	51201600		Çiçek hastalığı aşısı
51201621	4	51201600		Tetanos aşısı
51201623	4	51201600		Tifo aşısı
51201624	4	51201600		Suçiçeği virüsü aşısı
51201625	4	51201600		Sarı humma aşısı
51201626	4	51201600		Hepatit A virüsü aşısı
51201627	4	51201600		Haemophilus B aşısı
51201628	4	51201600		Kızamık ve kabakulak ve kızamıkçık virüsü aşısı
51201629	4	51201600		Difteri ve tetanos toksoidleri adsorbe
51201631	4	51201600		Difteri ve tetanos toksoidleri ve aselüler boğmaca aşısı
51201632	4	51201600		Difteri ve tetanos ve tam hücreli boğmaca aşısı
51201633	4	51201600		Haemophilus influenzae b ile difteri ve tetanos ve aselüler boğmaca
51201634	4	51201600		Haemophilus influenzae B ile difteri ve tetanos ve tam hücreli boğmaca konjuge aşı
51201646	4	51201600		Kızamık ve kızamıkçık virüsü aşısı
51201647	4	51201600		Bacillus Calmette–Guérin veya BCG aşısı
51201648	4	51201600		Kızamıkçık ve kabakulak virüsü aşısı
51201652	4	51201600		COVID19 - Pfizer Biontech
51201653	4	51201600		COVID19 - Moderna
51201654	4	51201600		COVID19 - Sputnik V
51201655	4	51201600		COVID19 - AstraZeneca
51201656	4	51201600		COVID19 - Johnson & Johnson
51201657	4	51201600		Sıtma aşısı
51201658	4	51201600		Kolera aşısı
51201659	4	51201600		COVID 19 - Belirtilmemiş
51201660	4	51201600		Ebola aşısı
51201700	3	51200000		Kümes hayvanı aşıları
51201702	4	51201700		E. Coli aşıları
51201703	4	51201700		Gumboro aşıları
51201704	4	51201700		Kanatlı enfeksiyöz bronşit aşıları
51201705	4	51201700		Newcastle virüsü aşısı
51201800	3	51200000		İmmün uyarıcı ajanlar
51201802	4	51201800		Filgrastim
51201803	4	51201800		Pegfilgrastim
51201805	4	51201800		Rho D immünoglobulinleri
51201806	4	51201800		Gama IGG veya immünoglobulin
51201810	4	51201800		Galsülfaz
51201811	4	51201800		Talidomid
51201812	4	51201800		Mifamurtid
51201831	4	51201800		Lipegfilgrastim
51201900	3	51200000		Multipl skleroz MS ajanları
51201901	4	51201900		Glatiramer asetat
51202000	3	51200000		Tirozin inhibitörleri ve kinaz inhibitörleri bazlı immünomodülatör ilaçlar
51202002	4	51202000		Hiyaluronan veya hiyaluronat veya hiyalüronik asit
51202200	3	51200000		İmmünosüpresan amidler
51202203	4	51202200		Metotreksat sodyum
51202204	4	51202200		Sülfasalazin
51202206	4	51202200		Deksrazoksan
51202207	4	51202200		Deksrazoksan hidroklorür
51202300	3	51200000		İmmünosüpresan amino asitler
51202306	4	51202300		Etanersept
51202400	3	51200000		İmmünosüpresan antikorlar
51202401	4	51202400		Adalimumab
51202402	4	51202400		Basiliksimab
51202403	4	51202400		Belimumab
51202405	4	51202400		Sertolizumab
51202406	4	51202400		Sertolizumab pegol
51202409	4	51202400		İnfliksimab
51202411	4	51202400		Natalizumab
51202412	4	51202400		Omalizumab
51202413	4	51202400		Sekukinumab
51202414	4	51202400		Ustekinumab
51202416	4	51202400		Daratumumab
51202417	4	51202400		Golimumab
51202500	3	51200000		İmmünosüpresan azoller
51202501	4	51202500		Leflunomid
51202600	3	51200000		İmmünosüpresan imidler
51202603	4	51202600		Everolimus
51202700	3	51200000		İmmünosüpresan immünoglobulinler
51202701	4	51202700		Anti-timosit globulin
51202800	3	51200000		İmmünosüpresan makrolidler
51202801	4	51202800		Pimekrolimus
51202803	4	51202800		Sirolimus
51202804	4	51202800		Takrolimus
51202805	4	51202800		Takrolimus anhidr
51203100	3	51200000		İmmünosüpresan peptitler
51203101	4	51203100		Siklosporin
51203200	3	51200000		İmmünosüpresan fenoller
51203201	4	51203200		Mikofenolat mofetil
51203202	4	51203200		Mikofenolat mofetil hidroklorür
51203203	4	51203200		Mikofenolat veya mikofenolik asit
51203300	3	51200000		İmmünosüpresan ftalimitler
51203301	4	51203300		Lenalidomid
51203302	4	51203300		Fingolimod
51203303	4	51203300		Pomalidomid
51203400	3	51200000		İmmünosüpresan purinler
51203401	4	51203400		Azatioprin
51203402	4	51203400		Kladribin
51203403	4	51203400		Merkaptopürin
51203600	3	51200000		İmmünosüpresan karboksilik asitler
51203605	4	51203600		Teriflunomid
51203800	3	51200000		İmmünosüpresan immünokonjugatlar
51203801	4	51203800		Abatasept
51204000	3	51200000		İmmünosüpresan piridinler
51204001	4	51204000		Pirfenidon
51204200	3	51200000		Veteriner aşıları ve viroloji ürünleri
51204201	4	51204200		Veteriner şap hastalığı (FMD) aşıları
51204202	4	51204200		Veteriner şarbon aşıları
51204203	4	51204200		Veteriner brusella aşıları
51204204	4	51204200		Bulaşıcı sığır plöropnömonisi CBPP aşıları
51204205	4	51204200		Koyun vebası veya küçük ruminant vebası aşıları
51240000	2	51000000		Kulak, göz, burun ve cildi etkileyen ilaçlar
51241100	3	51240000		Oftalmik ajanlar
51241103	4	51241100		Bimatoprost
51241110	4	51241100		Latanoprost
51241128	4	51241100		Hipromelloz
51241131	4	51241100		Brimonidin tartrat
51241133	4	51241100		Dorzolamid hidroklorür
51241143	4	51241100		Travoprost oftalmik solüsyon
51241144	4	51241100		Aflibersept
51241200	3	51240000		Dermatolojik ajanlar
51241205	4	51241200		Kalamin
51241209	4	51241200		Hidrokinon
51241215	4	51241200		Podofillum reçinesi
51241227	4	51241200		Topikal terebentin yağı müstahzarları
51241232	4	51241200		İzotretinoin
51241235	4	51241200		Kalsitriol
51241237	4	51241200		Benzoil peroksit
51241243	4	51241200		Dimetil fumarat
51241246	4	51241200		Takalsitol
51241262	4	51241200		Badem yağı
51241263	4	51241200		Çinko oksit
51241500	3	51240000		Kombinasyon antiglokom, oftalmik ve göz ile ilgili ajanlar ve müstahzarlar
51241513	4	51241500		Brimonidin/timolol
51241522	4	51241500		Dorzolamid/timolol
51241544	4	51241500		Fenilefrin/çinko sülfat
51241555	4	51241500		Kloramfenikol/Sülfasetamid sodyum
51241560	4	51241500		Levobunolol/polivinil alkol
51241565	4	51241500		Polivinil alkol
51241600	3	51240000		Kombinasyon antipsoriatikler
51241603	4	51241600		Allantoin/kömür katranı
51241605	4	51241600		Betametazon/kalsipotrien
51241660	4	51241600		Allantoin/klioquinol/kömür katranı
51241800	3	51240000		Kombinasyon dermatolojikler
51241886	4	51241800		Bakır sülfat/çinko sülfat/kâfur
51242200	3	51240000		Kombinasyon otik (kulak) ajanlar
51242209	4	51242200		Fluosinolon/lidokain/neomisin/polimiksin
51242300	3	51240000		Kombinasyon güneş koruyucuları
51242302	4	51242300		Avobenzon/padimat-O
51260000	2	51000000		Adrenerjik bloke edici ajanlar
51261700	3	51260000		Adrenerjik bloke edici ajan amino alkoller ve aminokinolinler ve benzopiranlar ve bradikinin/analogları ve türevleri
51261701	4	51261700		Arnolol
51261702	4	51261700		Abanokuil
51261703	4	51261700		Nebivolol
51261704	4	51261700		İkatibant
51261705	4	51261700		İkatibant asetat
51261706	4	51261700		Nebivolol hidroklorür
51262000	3	51260000		Adrenerjik bloke edici ajan butirofenonlar ve karbazoller ve dibenzazepinler ve dimetilaminler
51262002	4	51262000		Karvedilol
51262400	3	51260000		Adrenerjik bloke edici ajan etanolaminler
51262404	4	51262400		Labetalol
51262410	4	51262400		Labetalol hidroklorür
51262414	4	51262400		Terbutalin sülfat
51262900	3	51260000		Adrenerjik bloke edici ajan fenoksipropanolaminler
51262907	4	51262900		Propranolol
51262914	4	51262900		Propranolol hidroklorür
51263000	3	51260000		Adrenerjik bloke edici ajan piperazinler
51263002	4	51263000		Prazosin
51263009	4	51263000		Prazosin hidroklorür
51263100	3	51260000		Adrenerjik bloke edici ajan propanolaminler
51263101	4	51263100		Atenolol
51263105	4	51263100		Bisoprolol
51263122	4	51263100		Esmolol
51263139	4	51263100		Metoprolol
51263151	4	51263100		Bisoprolol fumarat
51263162	4	51263100		Esmolol hidroklorür
51263169	4	51263100		Metoprolol tartrat
51263175	4	51263100		Timolol maleat
51263400	3	51260000		Adrenerjik bloke edici ajan pirimidin nükleozitleri ve kuaterner amonyum bileşikleri ve sekologanin triptamin alkaloitleri ve spiro bileşikler ve sülfonamidler
51263406	4	51263400		Tamsulosin hidroklorür
51270000	2	51000000		Anestezik ilaçlar ve ilgili yardımcılar ve analeptikler
51271600	3	51270000		Anestezik amidler
51271613	4	51271600		Lidokain
51271622	4	51271600		Bupivakain hidroklorür
51271623	4	51271600		Bupivakain hidroklorür monohidrat
51271629	4	51271600		Lidokain hidroklorür
51271636	4	51271600		Ropivakain hidroklorür monohidrat
51272000	3	51270000		Anestezik barbitüratlar
51272006	4	51272000		Tiyopental sodyum
51272100	3	51270000		Anestezik benzoatlar
51272111	4	51272100		Ametokain veya tetrakain
51272200	3	51270000		Anestezik sikloparafinler
51272207	4	51272200		Ketamin hidroklorür
51272300	3	51270000		Anestezik dioksolanlar ve gazlar ve imidazoller ve izokinolinler
51272302	4	51272300		Etomidat
51272400	3	51270000		Anestezik eterler
51272401	4	51272400		Desfluran
51272406	4	51272400		İzofluran
51272408	4	51272400		Sevofluran
51272900	3	51270000		Anestezik fenoller
51272901	4	51272900		Propofol
51273000	3	51270000		Anestezik piperidinler
51273009	4	51273000		Remifentanil
51273900	3	51270000		Kombinasyon anestezikler ve yardımcılar
51273921	4	51273900		Bupivakain/dekstroz
51273937	4	51273900		Epinefrin/lidokain
51273950	4	51273900		Felipressin/prilokain
51280000	2	51000000		Antibakteriyeller
51281500	3	51280000		Antitüberküloz ilaçlar
51281501	4	51281500		Etambutol
51281502	4	51281500		İzoniazid
51281503	4	51281500		Amitiyozon veya tiyasetazon
51281504	4	51281500		Pirazinamid
51281507	4	51281500		Etiyonamid
51281509	4	51281500		Terizidon
51281513	4	51281500		Etambutol hidroklorür
51281518	4	51281500		Bedakilin
51281519	4	51281500		Delamanid
51281520	4	51281500		Para-aminosalisilat sodyum
51281521	4	51281500		Pretomanid
51281600	3	51280000		Aminoglikozitler
51281607	4	51281600		Gentamisin
51281614	4	51281600		Netilmisin
51281616	4	51281600		Kanamisin
51281618	4	51281600		Neomisin
51281624	4	51281600		Streptomisin
51281626	4	51281600		Tobramisin
51281627	4	51281600		Amikasin
51281632	4	51281600		Amikasin sülfat
51281651	4	51281600		Gentamisin sülfat
51281659	4	51281600		Neomisin sülfat
51281675	4	51281600		Streptomisin sülfat
51281700	3	51280000		Aminopenisilinler
51281702	4	51281700		Amoksisilin
51281703	4	51281700		Ampisilin
51281710	4	51281700		Amoksisilin anhidr
51281711	4	51281700		Amoksisilin hidrat
51281712	4	51281700		Amoksisilin sodyum
51281713	4	51281700		Amoksisilin trihidrat
51281714	4	51281700		Ampisilin anhidr
51281716	4	51281700		Ampisilin sodyum
51281717	4	51281700		Ampisilin trihidrat
51281800	3	51280000		Antrasiklinler
51281801	4	51281800		İdarubisin
51281803	4	51281800		Epirubisin
51281805	4	51281800		Daunorubisin
51281806	4	51281800		Doksorubisin
51281818	4	51281800		Doksorubisin hidroklorür
51281819	4	51281800		Epirubisin hidroklorür
51281821	4	51281800		İdarubisin hidroklorür
51281823	4	51281800		Mitoksantron hidroklorür
51281900	3	51280000		Antineoplastikler
51281902	4	51281900		Rifabutin
51282000	3	51280000		Aktinomisinler ve basitrasinler ve kloramfenikoller ve siklik peptit antibakteriyeller ve glisilsiklinler
51282001	4	51282000		Daktinomisin
51282003	4	51282000		Tigesiklin
51282004	4	51282000		Kloramfenikol
51282005	4	51282000		Tirotrisin
51282100	3	51280000		Beta-laktamlar
51282101	4	51282100		Klavulanik asit
51282109	4	51282100		Faropenem sodyum
51282200	3	51280000		Sefamisinler
51282201	4	51282200		Sefotetan
51282202	4	51282200		Sefoksitin
51282208	4	51282200		Sefoksitin sodyum
51282300	3	51280000		Eritromisinler
51282301	4	51282300		Azitromisin
51282302	4	51282300		Klaritromisin
51282303	4	51282300		Diritromisin
51282304	4	51282300		Eritromisin
51282308	4	51282300		Roksitromisin
51282309	4	51282300		Azitromisin anhidr
51282310	4	51282300		Azitromisin dihidrat
51282317	4	51282300		Eritromisin etil süksinat
51282327	4	51282300		Eritromisin stearat
51282400	3	51280000		Geniş spektrumlu penisilinler
51282404	4	51282400		Karbenisilin
51282407	4	51282400		Mezlosilin
51282409	4	51282400		Piperasilin
51282411	4	51282400		Tikarsilin
51282500	3	51280000		Birinci nesil sefalosporinler
51282502	4	51282500		Sefadroksil
51282506	4	51282500		Sefalotin
51282511	4	51282500		Sefazolin
51282514	4	51282500		Sefaleksin
51282517	4	51282500		Sefradin
51282523	4	51282500		Sefaleksin monohidrat
51282600	3	51280000		Dördüncü nesil sefalosporinler
51282602	4	51282600		Sefepim
51282610	4	51282600		Sefepim hidroklorür
51282700	3	51280000		Glikopeptitler
51282701	4	51282700		Teikoplanin
51282702	4	51282700		Vankomisin
51282703	4	51282700		Vankomisin hidroklorür
51282800	3	51280000		İmidazoller
51282801	4	51282800		Tinidazol
51282804	4	51282800		Seknidazol
51282808	4	51282800		Metronidazol
51282900	3	51280000		Kinolon antibakteriyeller
51282901	4	51282900		Sinoksasin
51282902	4	51282900		Alatrofloksasin
51282909	4	51282900		Siprofloksasin
51282916	4	51282900		Enrofloksasin
51282921	4	51282900		Gatifloksasin
51282926	4	51282900		Levofloksasin
51282931	4	51282900		Moksifloksasin
51282932	4	51282900		Norfloksasin
51282944	4	51282900		Sparfloksasin
51282951	4	51282900		Nalidiksik asit
51282953	4	51282900		Enoksasin
51282956	4	51282900		Ofloksasin
51283000	3	51280000		Linkozamidler
51283002	4	51283000		Klindamisin
51283003	4	51283000		Klindamisin hidroklorür
51283006	4	51283000		Klindamisin fosfat
51283100	3	51280000		Lipopeptitler
51283101	4	51283100		Anidulafungin
51283106	4	51283100		Polimiksin B
51283107	4	51283100		Kaspofungin asetat
51283108	4	51283100		Kolistimetat sodyum
51283110	4	51283100		Klofazimin
51283112	4	51283100		Gramisidin
51283200	3	51280000		Makrolidler
51283210	4	51283200		Troleandomisin
51283300	3	51280000		Oksazolidinonlar
51283301	4	51283300		Sikloserin
51283303	4	51283300		Linezolid
51283400	3	51280000		Penisilinler
51283401	4	51283400		Penisilin O
51283402	4	51283400		Adisilin veya penisilin N
51283403	4	51283400		Apalsilin
51283404	4	51283400		Karfesilin
51283405	4	51283400		Benzilpenisilin veya penisilin G
51283406	4	51283400		Penisilin V veya fenoksimetilpenisilin
51283407	4	51283400		Fenetisilin
51283408	4	51283400		Prazosilin
51283409	4	51283400		Prokain benzilpenisilin veya prokain penisilin G
51283410	4	51283400		Sarpisilin
51283411	4	51283400		Piroksisilin
51283412	4	51283400		Apalsilin sodyum
51283413	4	51283400		Rotamisilin
51283414	4	51283400		Benzilpenisilin potasyum
51283415	4	51283400		Tobisilin
51283416	4	51283400		Benzilpenisilin sodyum
51283417	4	51283400		Karfesilin sodyum
51283418	4	51283400		Fenetisilin potasyum
51283419	4	51283400		Fenoksimetilpenisilin kalsiyum
51283420	4	51283400		Fenoksimetilpenisilin potasyum
51283421	4	51283400		Fenbenisilin
51283422	4	51283400		Fumoksisilin
51283423	4	51283400		Oksetasilin
51283424	4	51283400		Benzilpenisilin sodyum/Prokain benzilpenisilin veya prokain penisilin G
51283500	3	51280000		Penisilinaza dirençli penisilinler
51283501	4	51283500		Kloksasilin
51283502	4	51283500		Dikloksasilin
51283505	4	51283500		Oksasilin
51283507	4	51283500		Kloksasilin sodyum
51283509	4	51283500		Dikloksasilin sodyum
51283600	3	51280000		Rifamisin antibakteriyeller
51283601	4	51283600		Rifampisin veya rifampin
51283602	4	51283600		Rifamisin
51283603	4	51283600		Rifapentin
51283604	4	51283600		Rifaksimin
51283700	3	51280000		İkinci nesil sefalosporinler
51283701	4	51283700		Sefaklor
51283702	4	51283700		Sefamandol
51283705	4	51283700		Sefminoks
51283706	4	51283700		Sefonisid
51283709	4	51283700		Sefprozil
51283711	4	51283700		Lorakarbef
51283712	4	51283700		Sefuroksim
51283717	4	51283700		Sefminoks sodyum
51283718	4	51283700		Sefonisid monosodyum
51283719	4	51283700		Sefonisid sodyum
51283724	4	51283700		Sefuroksim aksetil
51283725	4	51283700		Sefuroksim pivoksetil
51283726	4	51283700		Sefuroksim sodyum
51283800	3	51280000		Streptograminler
51283801	4	51283800		Dalfopristin
51283804	4	51283800		Volpristin
51283900	3	51280000		Sülfonamid antibakteriyeller
51283901	4	51283900		Sülfasetamid
51283904	4	51283900		Silvaden veya gümüş sülfadiazin
51283908	4	51283900		Sülfadiazin
51283941	4	51283900		Sülfasetamid sodyum
51284000	3	51280000		Tetrasiklinler
51284002	4	51284000		Klortetrasiklin
51284004	4	51284000		Demeklosiklin
51284006	4	51284000		Doksisiklin
51284012	4	51284000		Minosiklin
51284014	4	51284000		Oksitetrasiklin
51284017	4	51284000		Tetrasiklin
51284027	4	51284000		Doksisiklin hiklat
51284035	4	51284000		Minosiklin hidroklorür
51284043	4	51284000		Tetrasiklin hidroklorür
51284100	3	51280000		Üçüncü nesil sefalosporinler
51284103	4	51284100		Sefdinir
51284104	4	51284100		Sefditoren
51284106	4	51284100		Sefiksim
51284108	4	51284100		Seftazidim
51284109	4	51284100		Sefotaksim
51284115	4	51284100		Seftibuten
51284119	4	51284100		Seftriakson
51284121	4	51284100		Sefoperazon
51284135	4	51284100		Sefoperazon sodyum
51284136	4	51284100		Sefotaksim sodyum
51284141	4	51284100		Seftazidim pentahidrat
51284150	4	51284100		Seftriakson sodyum
51284300	3	51280000		Amfenikoller
51284303	4	51284300		Tiamfenikol
51284500	3	51280000		Linkomisinler ve monobaktam antibakteriyeller ve polimiksin antibakteriyeller ve polisakkarit antibakteriyeller
51284502	4	51284500		Aztreonam
51284600	3	51280000		Karbapenemler
51284603	4	51284600		Ertapenem
51284605	4	51284600		Meropenem
51284610	4	51284600		Ertapenem sodyum
51284613	4	51284600		Meropenem trihidrat
51284900	3	51280000		Kombinasyon antimikrobiyaller
51284903	4	51284900		Silastatin/imipenem
51284911	4	51284900		Sülfametoksazol/trimetoprim
51285000	3	51280000		Kombinasyon geniş spektrumlu penisilinler
51285003	4	51285000		Piperasilin/tazobaktam
51285004	4	51285000		Seftolozan/Tazobaktam
51285005	4	51285000		Amoksisilin trihidrat/Potasyum klavulanat
51285006	4	51285000		Ampisilin/sulbaktam
51285100	3	51280000		Kombinasyon H. pylori ajanları
51285101	4	51285100		Amoksisilin/klaritromisin/lansoprazol
51285300	3	51280000		Antibakteriyel nitrofuranlar
51285302	4	51285300		Furazolidon
51285307	4	51285300		Nitrofurantoin
51285500	3	51280000		Antibakteriyeller, sentezlenmiş
51285502	4	51285500		Klofoktol
51285600	3	51280000		Antibakteriyel alkoller
51285900	3	51280000		Antibakteriyel aminler
51285907	4	51285900		Metenamin mandelat
51286200	3	51280000		Antibakteriyel organofosfor bileşikleri
51286201	4	51286200		Fosfomisin
51286206	4	51286200		Fosfomisin trometamol
51286500	3	51280000		Antibakteriyel piranlar
51286501	4	51286500		Mupirosin
51286800	3	51280000		Kinolon antibakteriyeller
51286801	4	51286800		Klorkinaldol
51287000	3	51280000		Antibakteriyel sülfonlar
51287004	4	51287000		Dapson
51290000	2	51000000		Antidepresanlar
51291700	3	51290000		Antidepresan alkoller
51291712	4	51291700		Venlafaksin hidroklorür
51292000	3	51290000		Antidepresan aminler
51292011	4	51292000		Fluoksetin
51292012	4	51292000		Fluoksetin hidroklorür
51292019	4	51292000		Sitalopram hidrobromür
51292023	4	51292000		Essitalopram oksalat
51292027	4	51292000		Sertralin hidroklorür
51292900	3	51290000		Antidepresan dibenzazepinler
51292908	4	51292900		Mirtazapin
51292921	4	51292900		İmipramin hidroklorür
51293000	3	51290000		Antidepresan dibenzosikloheptenler
51293002	4	51293000		Amitriptilin
51293012	4	51293000		Amitriptilin hidroklorür
51293400	3	51290000		Antidepresan imidazoller ve izonikotinik asitler ve ketonlar ve orfenadrin/analogları ve türevleri ve fenantrenler
51293402	4	51293400		Bupropion
51294000	3	51290000		Antidepresan morfolinler
51294001	4	51294000		Aprepitant
51294400	3	51290000		Antidepresan piperazinler
51294403	4	51294400		Aripiprazol
51294500	3	51290000		Antidepresan piperidinler
51294513	4	51294500		Paroksetin hidroklorür
51300000	2	51000000		Antifungal ilaçlar
51301800	3	51300000		Antifungal aminler
51301802	4	51301800		Butenafin hidroklorür
51301900	3	51300000		Antifungal aminoakridinler ve azoller ve benzimidazoller ve benzofuranlar
51301904	4	51301900		Griseofulvin
51302000	3	51300000		Antifungal karboksilik asitler
51302004	4	51302000		Tolnaftat
51302300	3	51300000		Antifungal imidazoller
51302308	4	51302300		Klotrimazol
51302309	4	51302300		İzokonazol
51302318	4	51302300		Ketokonazol
51302320	4	51302300		Mikonazol
51302325	4	51302300		Tiyokonazol
51302336	4	51302300		İzokonazol nitrat
51302337	4	51302300		Mikonazol nitrat
51302400	3	51300000		Antifungal makrolidler
51302401	4	51302400		Amfoterisin B
51302403	4	51302400		Natamisin
51302404	4	51302400		Nistatin
51302500	3	51300000		Antifungal naftalinler
51302503	4	51302500		Terbinafin hidroklorür
51302700	3	51300000		Antifungal fenoller
51302701	4	51302700		Klorokrezol
51302900	3	51300000		Antifungal piridinler
51302901	4	51302900		Siklopiroks
51303000	3	51300000		Antifungal pirimidinler
51303001	4	51303000		Flusitozin
51303002	4	51303000		Vorikonazol
51303100	3	51300000		Antifungal piroller ve pirolidinonlar ve kinazolinler ve terpenler
51303104	4	51303100		Timol iyodür
51303400	3	51300000		Antifungal triazoller
51303402	4	51303400		Flukonazol
51303403	4	51303400		İtrakonazol
51303407	4	51303400		Terkonazol
51303600	3	51300000		Kombinasyon antifungaller
51303611	4	51303600		Benzoik asit/salisilik asit
51310000	2	51000000		Antihistaminikler veya H1 blokerleri
51311900	3	51310000		Antihistamin veya H1 bloker benzopiranlar
51311901	4	51311900		Kromoglisik asit veya kromolin
51312100	3	51310000		Antihistamin veya H1 bloker siklik S-oksitler ve dibenzazepinler ve dibenzoksepinler ve glioksilatlar
51312105	4	51312100		Epinastin hidroklorür
51312200	3	51310000		Antihistamin veya H1 bloker dibenzosikloheptenler
51312204	4	51312200		Loratadin
51312300	3	51310000		Antihistamin veya H1 bloker etilaminler
51312304	4	51312300		Difenhidramin
51312309	4	51312300		Difenhidramin hidroklorür
51312400	3	51310000		Antihistamin veya H1 bloker etilendiaminler
51312401	4	51312400		Kloropiramin
51312405	4	51312400		Kloropiramin hidroklorür
51313000	3	51310000		Antihistamin veya H1 bloker ftalazinler
51313100	3	51310000		Antihistamin veya H1 bloker piperazinler
51313101	4	51313100		Setirizin
51313111	4	51313100		Setirizin dihidroklorür
51313112	4	51313100		Setirizin hidroklorür
51313120	4	51313100		Levosetirizin dihidroklorür
51313200	3	51310000		Antihistamin veya H1 bloker piperidinler
51313205	4	51313200		Levokabastin
51313218	4	51313200		Levokabastin hidroklorür
51313300	3	51310000		Antihistamin veya H1 bloker propilaminler
51313301	4	51313300		Prometazin
51313305	4	51313300		Prometazin hidroklorür
51313400	3	51310000		Antihistamin veya H1 bloker piridinler
51313401	4	51313400		Klorfenamin veya deksklorfeniramin
51313415	4	51313400		Betahistin dihidroklorür
51313421	4	51313400		Klorfenamin maleat
51313422	4	51313400		Klorfenamin tanat
51313424	4	51313400		Klorfeniramin maleat
51313700	3	51310000		Antihistamin veya H1 bloker kinolizinler ve sülfonamidler ve tiazinler ve tiazoller ve tiyofenler
51313702	4	51313700		Bosentan
51313709	4	51313700		Ketotifen fumarat
51313800	3	51310000		Antihistamin veya H1 bloker terfenadin/analogları ve türevleri
51313801	4	51313800		Feksofenadin
51313802	4	51313800		Feksofenadin hidroklorür
51320000	2	51000000		Antihiperlipidemik ve hipokolesterolemik ajanlar
51321500	3	51320000		Antihiperlipidemik ve hipokolesterolemik benzen türevleri
51321501	4	51321500		Eniklobrat
51321505	4	51321500		Alirokumab
51321600	3	51320000		Antihiperlipidemik ve hipokolesterolemik alkoller
51321604	4	51321600		Polidokanol
51321700	3	51320000		Antihiperlipidemik ve hipokolesterolemik yağ asitleri
51321701	4	51321700		Atorvastatin
51321708	4	51321700		Atorvastatin kalsiyum trihidrat
51321800	3	51320000		Antihiperlipidemik ve hipokolesterolemik fibrik asitler
51321804	4	51321800		Siprofibrat
51321808	4	51321800		Fenofibrat
51321900	3	51320000		Antihiperlipidemik ve hipokolesterolemik amidler
51321901	4	51321900		Bezafibrat
51321904	4	51321900		Evolokumab
51322200	3	51320000		Antihiperlipidemik ve hipokolesterolemik azetidinler ve sikloheksanlar ve florobenzenler ve furanlar
51322201	4	51322200		Ezetimib
51322205	4	51322200		Rosuvastatin kalsiyum
51322300	3	51320000		Antihiperlipidemik ve hipokolesterolemik makromoleküler maddeler
51322301	4	51322300		Kolestiramin
51322700	3	51320000		Antihiperlipidemik ve hipokolesterolemik naftalinler
51322704	4	51322700		Simvastatin
51330000	2	51000000		Antipsikotikler
51331900	3	51330000		Antipsikotik anyonlar
51331901	4	51331900		Lityum karbonat
51332000	3	51330000		Antipsikotik azoller
51332003	4	51332000		Paliperidon
51332006	4	51332000		Paliperidon palmitat
51332500	3	51330000		Antipsikotik butirofenonlar
51332501	4	51332500		Haloperidol
51332700	3	51330000		Antipsikotik dibenzazepinler
51332703	4	51332700		Klozapin
51332800	3	51330000		Antipsikotik fenotiazinler
51332807	4	51332800		Klorpromazin
51332812	4	51332800		Flufenazin
51332814	4	51332800		Levomepromazin veya metotrimeprazin
51332822	4	51332800		Perfenazin
51332831	4	51332800		Triflüoperazin
51332840	4	51332800		Klorpromazin hidroklorür
51332855	4	51332800		Levomepromazin hidroklorür
51332880	4	51332800		Triflüoperazin hidroklorür
51333200	3	51330000		Antipsikotik azot hardalı bileşikleri
51333202	4	51333200		İmikimod
51333400	3	51330000		Antipsikotik piperazinler
51333410	4	51333400		Ziprasidon
51333413	4	51333400		Ziprasidon hidroklorür
51333500	3	51330000		Antipsikotik piperidinler
51333502	4	51333500		Domperidon
51333600	3	51330000		Antipsikotik pirimidinler
51333601	4	51333600		Risperidon
51334200	3	51330000		Antipsikotik tiyepinler
51334204	4	51334200		Ketiapin
51334207	4	51334200		Ketiapin fumarat
51334300	3	51330000		Antipsikotik tiyoksantenler
51334303	4	51334300		Flupentiksol
51334306	4	51334300		Zuklopentiksol
51340000	2	51000000		Antiviral ilaçlar
51341500	3	51340000		Antiviral karboksilik asitler
51341501	4	51341500		Amprenavir
51341600	3	51340000		Antiviral adamantanlar
51341604	4	51341600		Rimantadin hidroklorür
51341800	3	51340000		Antiviral amidler
51341801	4	51341800		Darunavir
51341802	4	51341800		Oseltamivir
51341803	4	51341800		Darunavir etanolat
51341805	4	51341800		Oseltamivir fosfat
51341806	4	51341800		Sofosbuvir
51341807	4	51341800		Daklatasvir
51341900	3	51340000		Antiviral amidinler ve aminler ve benzoksazinler ve sikloheksanlar
51341901	4	51341900		Zanamivir
51341903	4	51341900		Efavirenz
51341904	4	51341900		Maravirok
51342300	3	51340000		Antiviral guaninler
51342301	4	51342300		Valasiklovir
51342304	4	51342300		Entekavir
51342305	4	51342300		Gansiklovir
51342307	4	51342300		Pensiklovir
51342308	4	51342300		Valgansiklovir
51342309	4	51342300		Asiklovir
51342310	4	51342300		Valasiklovir hidroklorür
51342311	4	51342300		Asiklovir sodyum
51342313	4	51342300		Gansiklovir sodyum
51342316	4	51342300		Valgansiklovir hidroklorür
51342400	3	51340000		Antiviral izokinolinler
51342402	4	51342400		Sakinavir
51342500	3	51340000		Antiviral nükleozitler
51342501	4	51342500		Abakavir
51342503	4	51342500		Ribavirin
51342506	4	51342500		Abakavir sülfat
51342700	3	51340000		Antiviral peptitler
51342701	4	51342700		Atazanavir
51342702	4	51342700		Enfuvirtid
51342709	4	51342700		İnterferon beta-1a
51342710	4	51342700		İnterferon beta-1b
51342715	4	51342700		Peginterferon alfa-2a
51342900	3	51340000		Antiviral purinler
51342901	4	51342900		Didanozin
51342902	4	51342900		Famsiklovir
51342904	4	51342900		Vidarabin
51343000	3	51340000		Antiviral piridinler
51343002	4	51343000		Nevirapin
51343004	4	51343000		Stavudin
51343005	4	51343000		Stavudin ve lamivudin ve nevirapin
51343100	3	51340000		Antiviral pirimidinler
51343101	4	51343100		İdoksuridin
51343110	4	51343100		Lamivudin
51343115	4	51343100		Zalsitabin
51343116	4	51343100		Azidotimidin veya zidovudin
51343200	3	51340000		Antiviral pirolidinonlar ve kinolinler ve tiazoller
51343201	4	51343200		Raltegravir
51343203	4	51343200		Ritonavir
51343204	4	51343200		Dolutegravir
51343500	3	51340000		Antiviral organofosfor bileşikleri
51343502	4	51343500		Sidofovir
51343504	4	51343500		Adefovir dipivoksil
51343509	4	51343500		Tenofovir alafenamid fumarat
51343511	4	51343500		Tenofovir dizoproksil
51343700	3	51340000		Antiviral ketonlar ve morfolinler ve nitriller ve piridazinler
51343702	4	51343700		Moroksidin
51343704	4	51343700		Etravirin
51343800	3	51340000		Kombinasyon antiviraller
51343801	4	51343800		Abakavir/lamivudin
51343803	4	51343800		Efavirenz/emtrisitabin/tenofovir
51343804	4	51343800		Emtrisitabin/tenofovir
51343806	4	51343800		Lamivudin/zidovudin
51343808	4	51343800		Emtrisitabin + Tenofovir Alafenamid + Dolutegravir
51343809	4	51343800		Dolutegravir/Abakavir/Lamivudin
51343810	4	51343800		Darunavir/Kobisistat
51343811	4	51343800		Emtrisitabin/Tenofovir Alafenamid/Biktegravir
51343812	4	51343800		Glekaprevir/Pibrentasvir
51343813	4	51343800		Sofosbuvir/Velpatasvir
51343814	4	51343800		Lopinavir/ritonavir
51343816	4	51343800		Lamivudin/tenofovir DF
51343820	4	51343800		Lamivudin/nevirapin/zidovudin
51343821	4	51343800		Lopinavir/ritonavir
51343822	4	51343800		Atazanavir/ritonavir
51343826	4	51343800		Sofosbuvir/Velpatasvir
51343827	4	51343800		Daklatasvir/Sofosbuvir
51343828	4	51343800		Darunavir/Ritonavir
51350000	2	51000000		Östrojenler ve progestinler ve dahili kontraseptifler
51351500	3	51350000		Östrojen, progestin veya iç kontraseptif pregnanlar
51351509	4	51351500		Medroksiprogesteron
51351510	4	51351500		Megestrol
51351511	4	51351500		Megestrol asetat
51351514	4	51351500		Progesteron
51351600	3	51350000		Östrojen, progestin veya iç kontraseptif estrenler
51351605	4	51351600		Estradiol veya östradiol
51351606	4	51351600		Dienogest
51351608	4	51351600		Estriol
51351609	4	51351600		Fulvestrant
51351612	4	51351600		Medroksiprogesteron asetat
51351613	4	51351600		Mifepriston
51351627	4	51351600		Estradiol valerat
51351635	4	51351600		Konjuge östrojenler/medroksiprogesteron asetat
51351636	4	51351600		Estradiol/trimegeston
51351637	4	51351600		Estradiol sipionat/medroksiprogesteron asetat
51351800	3	51350000		Östrojen, progestin veya iç kontraseptif gonadal hormonlar
51351804	4	51351800		Konjuge östrojenler
51351900	3	51350000		Östrojen, progestin veya iç kontraseptif norpregnanlar
51351912	4	51351900		Ulipristal asetat
51352000	3	51350000		Östrojen, progestin veya iç kontraseptif norpregnenler
51352005	4	51352000		Etonogestrel
51352006	4	51352000		Levonorgestrel
51352008	4	51352000		Noretindron veya noretisteron
51352400	3	51350000		Kombinasyon kontraseptifler ve östrojenler
51352404	4	51352400		Drospirenon/estradiol
51352413	4	51352400		Etinil estradiol/levonorgestrel
51352414	4	51352400		Etinil estradiol/norelgestromin
51352422	4	51352400		Desogestrel ve etinil estradiol
51352426	4	51352400		Estradiol/noretindron
51352435	4	51352400		Siproteron/Estradiol + Estradiol
51352436	4	51352400		Etinilestradiol/siproteron asetat
51360000	2	51000000		Hipnotikler
51361500	3	51360000		Hipnotik alkoller
51361501	4	51361500		Kloral hidrat
51361800	3	51360000		Hipnotik azoller
51361809	4	51361800		Deksmedetomidin hidroklorür
51361900	3	51360000		Hipnotik barbitüratlar
51361918	4	51361900		Fenobarbital
51362600	3	51360000		Hipnotik asetatlar
51362601	4	51362600		Gabapentin
51362604	4	51362600		Pregabalin
51370000	2	51000000		Kontrole tabi madde analjezikleri
51371600	3	51370000		Kontrole tabi madde analjezik alkoller
51371601	4	51371600		Tramadol
51371604	4	51371600		Tramadol hidroklorür
51371800	3	51370000		Kontrole tabi madde analjezik izonipekotik asitler
51371803	4	51371800		Meperidin veya petidin
51371900	3	51370000		Kontrole tabi madde analjezik metadonlar
51371910	4	51371900		Metadon hidroklorür
51372000	3	51370000		Kontrole tabi madde analjezik morfinanlar
51372003	4	51372000		Buprenorfin
51372015	4	51372000		Morfin
51372022	4	51372000		Buprenorfin hidroklorür
51372031	4	51372000		Morfin hidroklorür
51372036	4	51372000		Morfin sülfat
51372040	4	51372000		Nalbufin hidroklorür
51372100	3	51370000		Kontrole tabi madde analjezik morfin türevleri
51372107	4	51372100		Hidromorfon
51372108	4	51372100		Oksikodon
51372125	4	51372100		Hidromorfon hidroklorür
51372127	4	51372100		Oksikodon hidroklorür
51372300	3	51370000		Kontrole tabi madde analjezik piperidinler
51372305	4	51372300		Fentanil
51372321	4	51372300		Fentanil sitrat
51373200	3	51370000		Kontrole tabi madde analjezik fenoller
51373204	4	51373200		Tapentadol hidroklorür
51373300	3	51370000		Kombinasyon opioid analjezikler
51373341	4	51373300		Nalokson hidroklorür dihidrat/Oksikodon hidroklorür
51380000	2	51000000		Steroid olmayan antiinflamatuar ilaçlar NSAİİ
51381500	3	51380000		Steroid olmayan antienflamatuar benzoatlar
51381502	4	51381500		Etofenamat
51381504	4	51381500		Mefenamik asit
51381505	4	51381500		Mesalazin
51381700	3	51380000		Steroid olmayan antienflamatuar asetanilidler
51381701	4	51381700		Parasetamol
51382700	3	51380000		Steroid olmayan antienflamatuar indenler
51382702	4	51382700		Sulindak
51383300	3	51380000		Steroid olmayan antienflamatuar fenilasetatlar
51383304	4	51383300		Diklofenak
51383315	4	51383300		Diklofenak sodyum
51383400	3	51380000		Steroid olmayan antienflamatuar indolasetik asitler
51383401	4	51383400		Asemetasin
51383500	3	51380000		Steroid olmayan antienflamatuar indoller
51383507	4	51383500		İndometasin
51383510	4	51383500		Ketorolak trometamin
51383900	3	51380000		Steroid olmayan antienflamatuar nikotinik asitler
51383905	4	51383900		Lizin kloniksinat
51384500	3	51380000		Steroid olmayan antienflamatuar propiyonatlar
51384509	4	51384500		İbuprofen
51384511	4	51384500		Ketoprofen
51384514	4	51384500		Naproksen
51384522	4	51384500		Deksketoprofen trometamol
51384600	3	51380000		Steroid olmayan antienflamatuar pirazoller
51384607	4	51384600		Selekoksib
51384627	4	51384600		Metamizol sodyum
51384800	3	51380000		Steroid olmayan antienflamatuar piridinler
51384802	4	51384800		Etorikoksib
51384803	4	51384800		Fenazopiridin
51385600	3	51380000		Steroid olmayan antienflamatuar salisilatlar
51385608	4	51385600		Metil salisilat
51385800	3	51380000		Steroid olmayan antienflamatuar tiazinler
51385804	4	51385800		Meloksikam
51385805	4	51385800		Piroksikam
51386600	3	51380000		Kombinasyon antienflamatuar ajanlar
51386609	4	51386600		Hidrokortizon/lidokain
51386615	4	51386600		Kolajen/polivinilpirolidon
51390000	2	51000000		Sempatomimetik veya adrenerjik ilaçlar
51391600	3	51390000		Sempatomimetik veya adrenerjik aminler
51391602	4	51391600		Aminofilin
51391616	4	51391600		Milrinon laktat
51391700	3	51390000		Sempatomimetik veya adrenerjik amino alkoller
51391703	4	51391700		Salbutamol
51391717	4	51391700		Efedrin
51391722	4	51391700		Levarterenol veya noradrenalin veya norepinefrin
51391726	4	51391700		Orsiprenalin veya metaproterenol
51391734	4	51391700		Fenilefrin
51391739	4	51391700		Salmeterol
51391743	4	51391700		Adrenalin veya epinefrin
51391746	4	51391700		Rasepinefrin
51392400	3	51390000		Sempatomimetik veya adrenerjik katekolaminler
51392403	4	51392400		Dopamin
51392408	4	51392400		Dobutamin hidroklorür
51392412	4	51392400		Dopamin hidroklorür
51393400	3	51390000		Sempatomimetik veya adrenerjik ksantinler
51393405	4	51393400		Teofilin
51393600	3	51390000		Sempatomimetik veya adrenerjik dibenzoksepinler ve dioksolanlar ve glikozitler ve guanidinler
51393604	4	51393600		İndakaterol
51393606	4	51393600		İndakaterol maleat
51400000	2	51000000		Sakinleştiriciler ve antimanik ve anksiyolitik ilaçlar
51401500	3	51400000		Trankilizanlar ve antimanik ve anksiyolitik benzodiazepinler
51401501	4	51401500		Bromazepam
51401505	4	51401500		Alprazolam
51401516	4	51401500		Klonazepam
51401518	4	51401500		Diazepam
51401525	4	51401500		Flumazenil
51401533	4	51401500		Lorazepam
51401538	4	51401500		Midazolam
51401550	4	51401500		Triazolam
51401569	4	51401500		Midazolam hidroklorür
51401570	4	51401500		Midazolam maleat
51401700	3	51400000		Trankilizanlar ve antimanik ve anksiyolitik aminler ve antrasenler ve barbitüratlar ve benzazepinler ve dipeptitler
51401705	4	51401700		Olanzapin
51402200	3	51400000		Trankilizanlar ve antimanik ve anksiyolitik naftiridinler ve oksazinler ve kinolinler ve spiro bileşikler ve kükürt bileşikleri
51402206	4	51402200		Duloksetin hidroklorür
51410000	2	51000000		Vazodilatörler
51411600	3	51410000		Vazodilatör alkoller
51411605	4	51411600		Gliseril trinitrat veya nitrogliserin
51412000	3	51410000		Vazodilatör azoller
51412004	4	51412000		Silostazol
51412600	3	51410000		Vazodilatör ferrisiyanürler ve hidrazinler ve izokinolinler ve morfolinler ve fenoller
51412601	4	51412600		Nitroprussid
51412700	3	51410000		Vazodilatör furanlar
51412702	4	51412700		Alteplaz
51413200	3	51410000		Vazodilatör piperazinler
51413204	4	51413200		Sildenafil
51413207	4	51413200		Sildenafil sitrat
51413212	4	51413200		Vardenafil hidroklorür hidrat
51413300	3	51410000		Vazodilatör prostaglandinler
51413301	4	51413300		Alprostadil
51413500	3	51410000		Vazodilatör piridinler
51413504	4	51413500		Nimodipin
51420000	2	51000000		Kortikosteroidler
51421500	3	51420000		Kortikosteroid androstadienler
51421501	4	51421500		Flutikazon
51421504	4	51421500		Flutikazon furoat
51421505	4	51421500		Flutikazon propiyonat
51421800	3	51420000		Kortikosteroid glukokortikoidler
51421802	4	51421800		Budesonid
51422100	3	51420000		Kortikosteroid pregnadiendioller
51422101	4	51422100		Prednizon
51422122	4	51422100		Mometazon furoat monohidrat
51422200	3	51420000		Kortikosteroid pregnadienler
51422202	4	51422200		Fluorometolon
51422205	4	51422200		Flunarizin
51422206	4	51422200		Fluosinolon asetonid
51422300	3	51420000		Kortikosteroid pregnadientrioller
51422302	4	51422300		Beklometazon
51422303	4	51422300		Betametazon
51422306	4	51422300		Deksametazon
51422315	4	51422300		Prednizolon
51422327	4	51422300		Betametazon dipropiyonat
51422331	4	51422300		Betametazon valerat
51422340	4	51422300		Deksametazon fosfat
51422342	4	51422300		Deksametazon sodyum fosfat
51422354	4	51422300		Metilprednizolon asetat
51422356	4	51422300		Metilprednizolon sodyum süksinat
51422364	4	51422300		Prednizolon sodyum fosfat
51422400	3	51420000		Kortikosteroid pregnendionlar
51422408	4	51422400		Deflazakort
51422415	4	51422400		Hidrokortizon
51422417	4	51422400		Hidrokortizon butirat
51422421	4	51422400		Fludrokortizon asetat
51422425	4	51422400		Hidrokortizon asetat
51422434	4	51422400		Hidrokortizon sodyum süksinat
51430000	2	51000000		Antihipertansif ilaçlar
51431500	3	51430000		Antihipertansif akrilatlar ve amidler ve anjiyotensinler ve aromatik amino asitler
51431507	4	51431500		Tirofiban hidroklorür
51431600	3	51430000		Antihipertansif aminler
51431602	4	51431600		Atomoksetin
51431609	4	51431600		Verapamil
51431614	4	51431600		Verapamil hidroklorür
51431700	3	51430000		Antihipertansif benzazepinler
51431708	4	51431700		Diltiazem hidroklorür
51431800	3	51430000		Antihipertansif benzen türevleri ve benzimidazoller ve benzofuranlar ve katekolaminler
51431801	4	51431800		İrbesartan
51431803	4	51431800		Metildopa
51431900	3	51430000		Antihipertansif alkoller
51431902	4	51431900		Telmisartan
51432300	3	51430000		Antihipertansif imidazoller
51432305	4	51432300		Losartan
51432313	4	51432300		Losartan potasyum
51432315	4	51432300		Olmesartan medoksomil
51432400	3	51430000		Antihipertansif imino asitler
51432401	4	51432400		Kaptopril
51432500	3	51430000		Antihipertansif indoller
51432503	4	51432500		Perindopril
51432600	3	51430000		Antihipertansif piperazinler
51432606	4	51432600		Eplerenon
51432700	3	51430000		Antihipertansif bisiklo bileşikler
51432705	4	51432700		Ramipril
51432800	3	51430000		Antihipertansif oligopeptitler
51432803	4	51432800		Enalapril
51432805	4	51432800		Lisinopril
51432806	4	51432800		Enalapril maleat
51433300	3	51430000		Antihipertansif ftalazinler
51433303	4	51433300		Hidralazin
51433305	4	51433300		Hidralazin hidroklorür
51433700	3	51430000		Antihipertansif prostaglandinler ve pirazoller ve pirimidinler ve kinazolinler
51433707	4	51433700		Masitentan
51433708	4	51433700		Riosiguat
51433800	3	51430000		Antihipertansif piridazinler
51433804	4	51433800		Levosimendan
51433900	3	51430000		Antihipertansif piridinler
51433902	4	51433900		Amlodipin
51433903	4	51433900		Nifedipin
51433915	4	51433900		Felodipin
51433924	4	51433900		Amlodipin besilat
51433925	4	51433900		Amlodipin maleat
51434500	3	51430000		Antihipertansif tetrazoller
51434502	4	51434500		Valsartan
51434900	3	51430000		Kombinasyon antihipertansifler
51434907	4	51434900		Amlodipin/hidroklorotiazid/olmesartan
51434908	4	51434900		Amlodipin/hidroklorotiazid/valsartan
51434909	4	51434900		Amlodipin/olmesartan
51434931	4	51434900		Hidroklorotiazid/losartan
51434938	4	51434900		Hidroklorotiazid/irbesartan
51434945	4	51434900		Hidroklorotiazid/olmesartan
51434949	4	51434900		Hidroklorotiazid/telmisartan
51434958	4	51434900		Amlodipin besilat/İrbesartan
51434959	4	51434900		İndapamid/Perindopril arginin
51434960	4	51434900		Amlodipin/İndapamid/Perindopril arginin
51434961	4	51434900		Amlodipin/Perindopril arginin
51434962	4	51434900		Atorvastatin/Asetilsalisilik asit/Ramipril
51434963	4	51434900		Valsartan/Sakubitril
51434964	4	51434900		Asetilsalisilik asit/ramipril/simvastatin
51440000	2	51000000		Radyofarmasötikler ve kontrast maddeler
51441600	3	51440000		Tanısal ajanlar ve radyofarmasötikler
51441619	4	51441600		Radyum-223 diklorür
51442000	3	51440000		Flor bazlı tıbbi görüntüleme ajanları, kontrast maddeleri ve izleyiciler
51442001	4	51442000		Fludarabin
51442004	4	51442000		Florourasil
51442007	4	51442000		TFT veya triflorotimidin veya triflüridin
51450000	2	51000000		Antihelmintikler
51451600	3	51450000		Antihelmintik benzimidazoller
51451604	4	51451600		Oksfendazol
51451800	3	51450000		Diğer bileşenlerden antihelmintik
51451801	4	51451800		Albendazol
51451900	3	51450000		Antihelmintik amidler
51451907	4	51451900		Niklosamid
51452100	3	51450000		Antihelmintik benzen türevleri
51452101	4	51452100		Heksilrezorsinol
51452200	3	51450000		Antihelmintik benzoatlar
51452201	4	51452200		Metilparaben
51452202	4	51452200		Benzil benzoat
51452300	3	51450000		Antihelmintik benzodioksoller ve butirofenonlar ve bakır bileşikleri ve sikloheksanlar ve naftalinler
51452301	4	51452300		Pirantel
51452302	4	51452300		Piperonil
51452305	4	51452300		Bakır naftanat veya bakır naftenat
51452307	4	51452300		Pirantel pamoat
51452400	3	51450000		Antihelmintik karbamatlar
51452401	4	51452400		Mebendazol
51452402	4	51452400		Dietilkarbamazin
51452500	3	51450000		Antihelmintik klorlu hidrokarbonlar
51452501	4	51452500		Tetrakloroetilen
51452502	4	51452500		Lindan
51452600	3	51450000		Antihelmintik guanidinler
51452601	4	51452600		Febantel
51452700	3	51450000		Antihelmintik izokinolinler
51452701	4	51452700		Prazikuantel
51452800	3	51450000		Antihelmintik makrolidler
51452801	4	51452800		İvermektin
51452900	3	51450000		Antihelmintik organofosfor bileşikleri
51452901	4	51452900		Malatyon topikal antiparaziter
51453000	3	51450000		Antihelmintik piperazinler
51453001	4	51453000		Piperazin
51453200	3	51450000		Antihelmintik kinolinler
51453201	4	51453200		Oksamnikin
51453400	3	51450000		Antihelmintik terpenler
51453401	4	51453400		Permetrin topikal antiparaziter
51453404	4	51453400		Flumetrin
51453500	3	51450000		Antihelmintik tiazoller
51453501	4	51453500		Tiyabendazol
51453502	4	51453500		Nitazoksanid
51453600	3	51450000		Antihelmintik tiyosiyanatlar
51453601	4	51453600		İzobornil tiyosiyanoasetat
51460000	2	51000000		Bitkisel ilaçlar
51461600	3	51460000		Kombinasyon bitkiler/alternatif tedaviler
51461606	4	51461600		Soya unu/Polividon
51461607	4	51461600		Psyllium hidrofilik müsilloid (Plantago ovata)/Senna glikozitleri veya sennozitler
51470000	2	51000000		Antiseptikler
51471500	3	51470000		Antiseptik alkenler ve amidinler ve aminler ve amonyak bazlı bileşikler
51471502	4	51471500		Povidon
51471505	4	51471500		Povidon iyot
51472000	3	51470000		Antiseptik aldehitler
51472002	4	51472000		Glutaraldehit
51472300	3	51470000		Antiseptik boratlar ve klor bazlı bileşikler ve ağır metaller ve bitkisel müstahzarlar
51472302	4	51472300		Sodyum perborat
51472600	3	51470000		Antiseptik krezoller
51472601	4	51472600		Amilmetakrezol
51472800	3	51470000		Antiseptik guanidinler
51472802	4	51472800		Klorheksidin glukonat
51472803	4	51472800		Klorheksidin
51472805	4	51472800		Klorheksidin diglukonat
51472900	3	51470000		Antiseptik halojenler
51472901	4	51472900		İyot
51472902	4	51472900		İyodoform
51473000	3	51470000		Antiseptik kuaterner amonyum bileşikleri
51473001	4	51473000		Benzalkonyum Klorür
51473003	4	51473000		Setrimonyum
51473013	4	51473000		Oksikinolin
51473016	4	51473000		Aseton veya alkol bazlı antiseptikler
51473020	4	51473000		Setrimonyum bromür
51473100	3	51470000		Antiseptik imidazoller ve ketonlar ve lipitler ve nitrofuranlar
51473104	4	51473100		Nitrofural veya nitrofurazon
51473200	3	51470000		Antiseptik organometalik bileşikler
51473203	4	51473200		Merbromin veya merkürokrom
51473300	3	51470000		Antiseptik fenoller
51473302	4	51473300		Kloroksilenol
51473307	4	51473300		Fenol veya fenolat sodyum
51473500	3	51470000		Antiseptik pirimidinler ve gümüşler ve üreler ve sular
51473502	4	51473500		Gümüş nitrat
51473503	4	51473500		Karbamid peroksit veya hidrojen peroksit
51473504	4	51473500		İrrigasyon için steril su
51473600	3	51470000		Antiseptik kinolinler
51473602	4	51473600		Klioquinol
51473700	3	51470000		Antiseptik kükürt bileşikleri
51473704	4	51473700		Sodyum hipoklorit
51474000	3	51470000		Kombinasyon antiseptikler, serümenolitikler ve dezenfektanlar
51474001	4	51474000		Formaldehit/izopropil alkol/sodyum nitrit
52000000	1		I	Evsel Aletler ve Malzemeler ve Tüketici Elektroniği Ürünleri
52100000	2	52000000		Yer kaplamaları
52101500	3	52100000		Halılar ve paspaslar
52101517	4	52101500		Sentetik mat / halı
52120000	2	52000000		Yatak takımları ve masa ve mutfak örtüleri ve havlular
52121500	3	52120000		Yatak takımları
52121501	4	52121500		Yorganlar
52121505	4	52121500		Yastıklar
52121508	4	52121500		Battaniyeler
52121600	3	52120000		Masa ve mutfak örtüleri ve aksesuarları
52121700	3	52120000		Havlular
52130000	2	52000000		Pencere kaplamaları
52131500	3	52130000		Perdeler ve drapeler
52131600	3	52130000		Jaluziler ve storlar
52131700	3	52130000		Pencere kaplama aksesuarları ve donanımı
52140000	2	52000000		Evsel aletler
52141500	3	52140000		Evsel mutfak aletleri
52141501	4	52141500		Evsel buzdolapları
52141502	4	52141500		Evsel mikrodalga fırınlar
52141600	3	52140000		Evsel çamaşır aletleri ve malzemeleri
52141700	3	52140000		Evsel banyo aletleri
52141800	3	52140000		Diğer evsel ev aletleri
52141804	4	52141800		Evsel elektrikli vantilatör
52150000	2	52000000		Evsel mutfak eşyaları ve mutfak malzemeleri
52151500	3	52150000		Evsel tek kullanımlık mutfak eşyaları
52151501	4	52151500		Evsel tek kullanımlık pişirme kapları
52151504	4	52151500		Evsel tek kullanımlık bardaklar veya kapaklar
52151600	3	52150000		Evsel mutfak aletleri ve gereçleri
52151700	3	52150000		Evsel çatal bıçak takımı
52151800	3	52150000		Evsel pişirme kapları
52151900	3	52150000		Evsel fırın kapları
52152000	3	52150000		Evsel tabaklar ve servis takımları ve saklama kapları
52152100	3	52150000		Evsel içecek bardakları
52152101	4	52152100		Evsel kahve veya çay fincanları
52152200	3	52150000		Bulaşık yıkama ve bulaşık depolama aksesuarları
52152300	3	52150000		Evsel mutfak malzemeleri
52160000	2	52000000		Tüketici elektroniği
52161500	3	52160000		Ses ve görüntü ekipmanları
52161502	4	52161500		Kaset çalarlar veya kaydediciler
52161505	4	52161500		Televizyonlar
52161511	4	52161500		Radyolar
52161512	4	52161500		Hoparlörler
52161514	4	52161500		Kulaklıklar (headphone)
52161515	4	52161500		Kompakt disk çalarlar veya kaydediciler
52161516	4	52161500		Dijital video disk oynatıcılar veya kaydediciler
52161518	4	52161500		Küresel konumlama sistemi GPS alıcısı
52161520	4	52161500		Mikrofonlar
52161523	4	52161500		Radyo frekansı vericileri veya alıcıları
52161524	4	52161500		Radyo alıcıları
52161526	4	52161500		Uydu alıcıları
52161535	4	52161500		Dijital ses kaydedicileri
52161542	4	52161500		Plazma ekranlar
52161543	4	52161500		MP3 çalarlar veya kaydediciler
52161553	4	52161500		Blu-ray video disk oynatıcı veya kaydedici
52161600	3	52160000		Görsel-işitsel ekipman aksesuarları
52170000	2	52000000		Evsel duvar kaplamaları
53000000	1		I	Giyim ve Bagaj ve Kişisel Bakım Ürünleri
53100000	2	53000000		Giyim
53101500	3	53100000		Pantolonlar ve şortlar
53101600	3	53100000		Gömlekler ve bluzlar
53101606	4	53101600		Unisex Sweatshirt
53101700	3	53100000		Kazaklar
53101800	3	53100000		Paltolar ve ceketler
53101806	4	53101800		Panço
53101807	4	53101800		Ceket, Kışlık
53101900	3	53100000		Takım elbiseler
53102000	3	53100000		Elbiseler ve etekler ve sariler ve kimonolar
53102100	3	53100000		Tulumlar ve iş tulumları
53102200	3	53100000		Folklorik giysiler
53102300	3	53100000		İç giyim
53102305	4	53102300		Bebek bezleri
53102400	3	53100000		Çoraplar (hosiery)
53102402	4	53102400		Çoraplar
53102500	3	53100000		Giyim aksesuarları
53102501	4	53102500		Kemerler veya pantolon askıları
53102504	4	53102500		Eldivenler
53102505	4	53102500		Şemsiyeler
53102511	4	53102500		Bandanalar
53102516	4	53102500		Kasketler (cap)
53102600	3	53100000		Gecelikler
53102700	3	53100000		Üniformalar
53102701	4	53102700		Askeri üniformalar
53102702	4	53102700		Gümrük üniformaları
53102703	4	53102700		Polis üniformaları
53102704	4	53102700		Kurumsal yemek hazırlama veya servis kıyafetleri
53102705	4	53102700		Okul üniformaları
53102706	4	53102700		Güvenlik üniformaları
53102707	4	53102700		Doktor önlüğü
53102708	4	53102700		Hemşire üniformaları
53102709	4	53102700		Ambulans görevlisi üniformaları
53102710	4	53102700		Kurumsal üniformalar
53102712	4	53102700		Paramedik üniformaları
53102715	4	53102700		Gardiyan üniforması
53102716	4	53102700		Mahkum üniforması
53102717	4	53102700		Spor üniforması
53102718	4	53102700		İtfaiyeci üniforması
53102719	4	53102700		İş üniformaları
53102800	3	53100000		Mayolar
53102900	3	53100000		Atletik giysiler
53103000	3	53100000		Tişörtler
53103005	4	53103000		Unisex tişörtler
53103100	3	53100000		Yelekler
53103101	4	53103100		Erkek yelekleri
53103200	3	53100000		Tek kullanımlık giysiler
53103201	4	53103200		Tek kullanımlık iş önlüğü
53103300	3	53100000		Yenidoğan Bebekler için Giysi ve Tekstil kiti
53110000	2	53000000		Ayakkabı
53111500	3	53110000		Botlar
53111501	4	53111500		Erkek botları
53111502	4	53111500		Kadın botları
53111503	4	53111500		Erkek çocuk botları
53111504	4	53111500		Kız çocuk botları
53111505	4	53111500		Bebek botları
53111600	3	53110000		Ayakkabılar
53111700	3	53110000		Terlikler
53111800	3	53110000		Sandaletler
53111900	3	53110000		Spor ayakkabıları
53112000	3	53110000		Ayakkabı aksesuarları
53112100	3	53110000		Galoşlar (ayakkabı üstü)
53120000	2	53000000		Bagaj ve çanta ve sırt çantası ve valizler
53121500	3	53120000		Bagaj
53121501	4	53121500		Kıyafet çantaları
53121502	4	53121500		Valiz setleri
53121503	4	53121500		Tekli valiz parçaları
53121600	3	53120000		Cüzdanlar ve el çantaları ve çantalar
53121601	4	53121600		El çantaları veya cüzdanlar
53121602	4	53121600		Spor (duffel) çantaları
53121603	4	53121600		Sırt çantaları
53121700	3	53120000		İş çantaları (business case)
53121701	4	53121700		Evrak çantaları
53121705	4	53121700		Ekipman kutuları (case)
53121706	4	53121700		Bilgisayar çantaları
53121800	3	53120000		Seyahat kitleri ve aksesuarları
53121801	4	53121800		Seyahat kitleri
53121802	4	53121800		Seyahat arabaları
53130000	2	53000000		Kişisel bakım ürünleri
53131500	3	53130000		Diş bakımı
53131501	4	53131500		Ağız gargarası
53131502	4	53131500		Diş macunu
53131503	4	53131500		Diş fırçaları
53131504	4	53131500		Diş ipi
53131505	4	53131500		Bebek emziği veya yatıştırıcı
53131506	4	53131500		Diş kitleri
53131507	4	53131500		Kürdanlar
53131508	4	53131500		Protez temizleme tabletleri
53131509	4	53131500		Ağız tazeleyicileri
53131510	4	53131500		Protez yapıştırıcısı
53131600	3	53130000		Banyo ve vücut
53131601	4	53131600		Duş başlıkları (bone)
53131602	4	53131600		Saç bakım malzemeleri
53131603	4	53131600		Tıraş bıçakları
53131604	4	53131600		Saç tarakları veya fırçaları
53131605	4	53131600		Makyaj çantaları (vanity kit)
53131606	4	53131600		Deodorantlar
53131607	4	53131600		El veya vücut losyonu veya yağı
53131608	4	53131600		Sabunlar
53131609	4	53131600		Güneş koruma ürünleri
53131610	4	53131600		Göz bakım malzemeleri
53131611	4	53131600		Tıraş kremleri
53131612	4	53131600		Banyo jelleri
53131613	4	53131600		Yüz bakım ürünleri
53131614	4	53131600		Ayak bakım ürünleri
53131615	4	53131600		Kadın hijyen ürünleri
53131616	4	53131600		Parafarmasötik kremler veya losyonlar
53131617	4	53131600		Manikür gereçleri
53131618	4	53131600		Pedikür gereçleri
53131621	4	53131600		Tırnak makasları
53131622	4	53131600		Prezervatifler
53131624	4	53131600		Tek kullanımlık kişisel ıslak mendiller
53131625	4	53131600		Saç veya sakal fileleri
53131626	4	53131600		El dezenfektanı
53131627	4	53131600		El temizleyicisi
53131628	4	53131600		Şampuanlar
53131629	4	53131600		Makyaj kitleri
53131630	4	53131600		Dudak balsamı
53131634	4	53131600		Kimyasal koruma ürünleri
53131635	4	53131600		Tıraş fırçaları
53131637	4	53131600		Emzirme pedleri
53131639	4	53131600		İdrar inkontinansı pedi
53131641	4	53131600		Vazelin
53131643	4	53131600		Elektrikli saç kesme makinesi
53131647	4	53131600		Bebek hijyeni ve kişisel bakım seti
53131648	4	53131600		Böcek kovucu
53131649	4	53131600		Banyo ve vücut pudrası
53131651	4	53131600		Kişisel hijyen kiti
53131652	4	53131600		Yenidoğan Bebekler için Kişisel Hijyen kiti
53131662	4	53131600		Bebek şampuanı
53131663	4	53131600		Bebek nemlendirici kremi
53131664	4	53131600		Bebek vücut şampuanı
53131665	4	53131600		Kadın hijyen ve kişisel bakım seti
53131666	4	53131600		Bebek için plastik lazımlık
53131667	4	53131600		Bebek banyo küveti
53131700	3	53130000		Terapötik masaj ekipmanları
53140000	2	53000000		Dikiş malzemeleri ve aksesuarları
53141600	3	53140000		Çeşitli dikiş malzemeleri
53141602	4	53141600		Dikiş kitleri
54000000	1		I	Saatler ve Mücevher ve Değerli Taş Ürünleri
54100000	2	54000000		Mücevher
54110000	2	54000000		Saatler (timepiece)
54111500	3	54110000		Saatler (watch)
54111501	4	54111500		Kol saatleri
54111600	3	54110000		Saatler (clock)
54111601	4	54111600		Duvar saatleri
54111603	4	54111600		Ayaklı saatler
54111700	3	54110000		Saat parçaları veya aksesuarları
54111701	4	54111700		Saat kadranları
54111709	4	54111700		Saat onarım kitleri
54111710	4	54111700		Saat mekanizması
54120000	2	54000000		Değerli taşlar
55000000	1		G	Basılı Ürünler
55100000	2	55000000		Basılı medya
55101500	3	55100000		Basılı yayınlar
55101501	4	55101500		Çizelgeler veya haritalar veya atlaslar
55101502	4	55101500		Rehberler (dizin)
55101503	4	55101500		Kataloglar
55101504	4	55101500		Gazeteler
55101505	4	55101500		Çizgi roman kitapları
55101506	4	55101500		Dergiler
55101507	4	55101500		Çocuklar için resim veya çizim veya boyama kitapları
55101509	4	55101500		Eğitim veya mesleki ders kitapları
55101510	4	55101500		Boş zaman okuma kitapları
55101513	4	55101500		Takas kartları
55101514	4	55101500		Nota kağıtları
55101515	4	55101500		Tanıtım materyali veya yıllık raporlar
55101516	4	55101500		İşletim veya kullanım kılavuzları
55101517	4	55101500		Açıklık veya boyut çizimleri
55101518	4	55101500		Teknik diyagramlar veya çizimler
55101519	4	55101500		Süreli yayınlar (periyodik)
55101520	4	55101500		Yönerge sayfaları veya kitapçıkları
55101521	4	55101500		Sahip veya kullanıcı kılavuzları
55101522	4	55101500		Karasal veya gök küreleri
55101523	4	55101500		Alıştırma defterleri
55101524	4	55101500		Başvuru kitapları
55101525	4	55101500		Ansiklopediler
55101526	4	55101500		Sözlükler
55101527	4	55101500		Şarkı Kitapları
55101528	4	55101500		Dini kitaplar
55101529	4	55101500		Banka cüzdanı veya hesap defteri
55101530	4	55101500		Şifre kitabı (kod kitabı)
55101531	4	55101500		Hukuk kitabı
55101532	4	55101500		Mezuniyet albümü veya yıllık
55110000	2	55000000		Elektronik başvuru materyali
55111500	3	55110000		Elektronik yayınlar ve müzik
55111501	4	55111500		Elektronik rehberler
55120000	2	55000000		Tabela ve aksesuarları
55121500	3	55120000		Etiketler (tag)
55121501	4	55121500		Bagaj etiketleri
55121502	4	55121500		Güvenlik etiketleri
55121503	4	55121500		Kimlik etiketleri
55121600	3	55120000		Etiketler (label)
55121601	4	55121600		Etiket sökme kitleri
55121602	4	55121600		Giysi etiketleri
55121604	4	55121600		Konserve veya şişeleme etiketleri
55121605	4	55121600		Adresleme veya posta etiketleri
55121606	4	55121600		Kendinden yapışkanlı etiketler
55121607	4	55121600		Çıkartmalar
55121608	4	55121600		Barkod etiketleri
55121609	4	55121600		Ambalaj etiketleri
55121700	3	55120000		Tabela
55121701	4	55121700		Metalik isim levhaları
55121702	4	55121700		Metalik olmayan isim levhaları
55121703	4	55121700		Aydınlatmalı tabelalar
55121704	4	55121700		Güvenlik tabelaları
55121705	4	55121700		Kendinden yapışkanlı tabelalar
55121706	4	55121700		Pankartlar
55121707	4	55121700		Manyetik tabelalar
55121708	4	55121700		Neon tabelalar
55121710	4	55121700		Trafik işaretleri
55121715	4	55121700		Bayraklar veya aksesuarları
55121800	3	55120000		Kimlik belgeleri
55121801	4	55121800		Araç vergi pulları
55121802	4	55121800		Kimlik kartları veya bantları veya benzeri ürünler
55121803	4	55121800		Pasaportlar
55121804	4	55121800		Rozetler veya rozet tutucuları
55121806	4	55121800		Personel kimlik bandı kitleri veya aksesuarları
55121807	4	55121800		Kimlik ürünü tutucuları veya aksesuarları
55121808	4	55121800		Kimlik rozeti klipsi
55121900	3	55120000		Tabela ekipmanları
55121901	4	55121900		Reklam direkleri
55121902	4	55121900		Çağırıcı standları veya tezgahları
55121903	4	55121900		Hareketli mesaj tabelaları
55121904	4	55121900		Reklam panoları (bilbord)
55121905	4	55121900		Bayrak direkleri veya parçaları veya aksesuarları
55121906	4	55121900		Bayrak sehpaları
55121907	4	55121900		Başlık panoları
55121908	4	55121900		Tabela tutucuları veya sehpaları
56000000	1		I	Mobilya ve Döşeme Eşyaları
56100000	2	56000000		Konaklama mobilyaları
56101500	3	56100000		Mobilya
56101502	4	56101500		Koltuklar (kanepe)
56101503	4	56101500		Portmantolar
56101504	4	56101500		Sandalyeler
56101507	4	56101500		Kitaplıklar
56101508	4	56101500		Yataklar veya uyku setleri
56101509	4	56101500		Şifonyerler veya gardıroplar
56101510	4	56101500		Bölmeler (partisyon)
56101513	4	56101500		Portatif yataklar (cot) veya aksesuarları
56101515	4	56101500		Yataklar (bed)
56101516	4	56101500		Sandıklar
56101518	4	56101500		Duvar rafları
56101519	4	56101500		Masalar
56101520	4	56101500		Soyunma dolapları (locker)
56101529	4	56101500		Dergi rafları
56101530	4	56101500		Depolama dolapları
56101531	4	56101500		Ayakkabı rafları
56101532	4	56101500		Mobilya takımı
56101535	4	56101500		Mobilya arabaları
56101539	4	56101500		Karyola çerçeveleri veya parçaları veya aksesuarları
56101542	4	56101500		Katlanır sandalyeler
56101543	4	56101500		Yemek masası
56101547	4	56101500		Katlanır masa
56101600	3	56100000		Açık hava mobilyaları
56101700	3	56100000		Ofis mobilyaları
56101701	4	56101700		Kredenzalar (büfe dolapları)
56101702	4	56101700		Dosya dolapları veya aksesuarları
56101703	4	56101700		Çalışma masaları
56101704	4	56101700		Masa tabanı
56101705	4	56101700		Vitrinler
56101706	4	56101700		Konferans masaları
56101707	4	56101700		Teknik çizim masaları
56101708	4	56101700		Mobil dosyalar
56101710	4	56101700		Projektör sehpaları veya arabaları
56101711	4	56101700		Modüler mobilya konnektörleri
56101712	4	56101700		Kaideler (pedestal)
56101715	4	56101700		Posta ayırıcıları veya organizatörleri
56101716	4	56101700		Masaüstü organizatör dolapçıkları
56101718	4	56101700		Gazete rafı
56101719	4	56101700		Yan sehpa
56101722	4	56101700		Özel çalışma veya toplantı kabinleri
56101800	3	56100000		Bebek ve yürümeye başlayan çocuk mobilyaları ve aksesuarları
56101900	3	56100000		Genel mobilya parçaları ve aksesuarları
56110000	2	56000000		Ticari ve endüstriyel mobilya
56111500	3	56110000		Çalışma istasyonları ve ofis paketleri
56111501	4	56111500		Modüler resepsiyon ofis paketleri
56111507	4	56111500		Modüler personel ofis paketleri
56111509	4	56111500		Modüler teknik ofis paketleri
56111511	4	56111500		Modüler büro ofis paketleri
56111513	4	56111500		Konferans veya modüler olmayan oda paketleri
56111514	4	56111500		Modüler tezgah ofis paketleri
56111600	3	56110000		Panel sistemleri
56111601	4	56111600		Panel sistemleri için ekranlar
56111602	4	56111600		Panel sistemleri için depolama
56111603	4	56111600		Panel sistemleri için organizasyon
56111604	4	56111600		Panel sistemleri için çalışma yüzeyleri
56111605	4	56111600		Panel sistemleri için aydınlatma veya güç veya veri bileşenleri
56111606	4	56111600		Parçalar veya aksesuarlar panel sistemleri
56111700	3	56110000		Kasalı ve modüler olmayan sistemler
56111800	3	56110000		Ayaklı (serbest duran) mobilya
56111806	4	56111800		Döner berber koltuğu
56111900	3	56110000		Endüstriyel mobilya
56112000	3	56110000		Bilgisayar destek mobilyaları
56112100	3	56110000		Oturma birimleri
56112108	4	56112100		Masalı kombinasyon sandalye
56112109	4	56112100		Sıralar (bench)
56112200	3	56110000		Çalışma masası (desking) sistemleri
56112300	3	56110000		Oditoryum veya stadyum veya özel kullanım oturma parçaları ve aksesuarları
56120000	2	56000000		Sınıf ve öğretim ve kurumsal mobilyalar ve armatürler
56121000	3	56120000		Kütüphane döşeme eşyaları
56121400	3	56120000		Kafeterya ve yemekhane döşeme eşyaları
56121500	3	56120000		Genel sınıf döşeme eşyaları
56121501	4	56121500		Aktivite masaları
56121502	4	56121500		Sınıf sandalyeleri
56121503	4	56121500		Sınıf sıraları (bench)
56121504	4	56121500		Sınıf tabureleri
56121505	4	56121500		Sınıf masaları
56121506	4	56121500		Öğrenci sıraları
56121507	4	56121500		Çalışma kabinleri (carrel)
56121508	4	56121500		Öğrenci bilgisayar masaları
56121509	4	56121500		Öğrenci bilgisayar masaları (tablo)
56121510	4	56121500		Öğretmen masası
56121700	3	56120000		Sınıflar için kitap ve genel depolama üniteleri
56121900	3	56120000		Gösteri (demonstrasyon) döşeme eşyaları
56122000	3	56120000		Laboratuvar mobilyaları
56130000	2	56000000		Mağazacılık mobilyaları ve aksesuarları
56140000	2	56000000		Dekoratif süsler
57000000	1		H	İnsani Yardım Malzemeleri, Kitleri veya Aksesuarları
57010000	2	57000000		Hayatta kalma malzemeleri
57010100	3	57010000		Hızlı müdahale kitleri
57010101	4	57010100		BM personeli için kişisel seyahat kitleri
57010102	4	57010100		BM personeli için Saha Kitleri
57010103	4	57010100		Bireysel kit
57020000	2	57000000		İnsani yardım faaliyetleriyle ilgili hizmetler
57020100	3	57020000		İnsani yardım operasyonel hizmetleri
57020101	4	57020100		İnsani yardım uçuş operasyonları
57020102	4	57020100		İnsani yardım lojistik teslimatı ve depolama
57030000	2	57000000		İnsani yardım sağlık malzemeleri
57030100	3	57030000		Sağlık acil durum kitleri
57030101	4	57030100		Ebelik kiti
57030102	4	57030100		Çocuklar ve bebekler için akut sulu ishal kitleri
57030103	4	57030100		Obstetrik, cerrahi kit
57030104	4	57030100		Oral rehidrasyon noktaları sarf malzemesi kiti
57030105	4	57030100		Acil durum sağlık kiti
57030106	4	57030100		Salgın sağlık kiti
57030107	4	57030100		Birinci basamak sağlık kiti
57030108	4	57030100		Üreme sağlığı kiti
57030109	4	57030100		Travma ve acil cerrahi kiti
57030110	4	57030100		Bulaşıcı olmayan hastalıklar kiti
57030111	4	57030100		Pediatrik kit
57030112	4	57030100		İshalli hastalık kiti
57030200	3	57030000		Acil durum tuvalet tesisi
57030300	3	57030000		Su, sanitasyon ve hijyen kitleri
57030301	4	57030300		Kadın hijyen ve kişisel bakım seti
57030302	4	57030300		Yetişkin hijyen ve kişisel bakım seti
57030303	4	57030300		Su dağıtım kiti
57030304	4	57030300		Ani başlangıçlı yıkanma ve onur kiti
57030305	4	57030300		Su, sanitasyon ve hijyen kiti
57030400	3	57030000		Kişisel koruyucu ekipman
57030401	4	57030400		Ebola, kişisel koruyucu kit
57040000	2	57000000		Eğitim veya eğlence eşyaları
57040100	3	57040000		Eğitim kitleri
57040101	4	57040100		Ergen kiti
57040102	4	57040100		Matematik öğretim kiti
57040103	4	57040100		Arapça öğrenci kitleri ve öğretmen kiti
57040104	4	57040100		Bilim öğretim kiti
57040105	4	57040100		Öğrenciler için okul kiti
57040200	3	57040000		Eğlence kitleri
57040201	4	57040200		Eğlence (rekreasyon) kiti
57040300	3	57040000		Erken çocukluk gelişimi
57040301	4	57040300		Erken çocukluk gelişimi kiti
57050000	2	57000000		İnsani yardım gıdası
57050100	3	57050000		Acil durum beslenme kitleri
57050101	4	57050100		Beslenme kiti - ayaktan hasta, modül-ekipman
57050102	4	57050100		Beslenme kiti - ayaktan hasta, modül kaydı
57050103	4	57050100		Beslenme kiti - yatan hasta modülü, tıbbi malzemeler
57050104	4	57050100		Beslenme kiti - yatan hasta, modül-ekipman
57050105	4	57050100		Beslenme kiti - yatan hasta, modül-kayıt
57050200	3	57050000		Gıda acil durum rasyonları
57050201	4	57050200		Tamamlayıcı besleme/emzirme kiti
57050202	4	57050200		Anında müdahale rasyonu (IRR)
57050203	4	57050200		Kompakt gıda
57050204	4	57050200		CSB Plus
57050205	4	57050200		Acil durum rasyonu
57050300	3	57050000		Gıda acil durum kitleri
57050301	4	57050300		Terapötik besleme kiti
57060000	2	57000000		Barınma ve yardım malzemeleri
57060100	3	57060000		Acil durum giysi kitleri
57060101	4	57060100		Çocuklar ve bebekler için kış giysisi kiti
57060102	4	57060100		Yetişkinler için kış giysisi kiti
57060200	3	57060000		Barınma acil durum kitleri
57060201	4	57060200		Bidonlar (jeri kan)
57060202	4	57060200		Mutfak seti, çeşitli boyutlarda
57060203	4	57060200		Çadır için aksesuarlar
57060204	4	57060200		Plastik / Branda örtü
57060205	4	57060200		Uyku matları
57060206	4	57060200		Çadır için kışa hazırlık kiti
57060208	4	57060200		Aile kiti
57060300	3	57060000		Ofis acil durum kitleri
57060301	4	57060300		BM personeli için ofis kitleri
57060302	4	57060300		Mülteci Kayıt Paketi
57060303	4	57060300		Çadır, ofis kullanımı için
57060400	3	57060000		Çok amaçlı acil durum kitleri
57060401	4	57060400		Çadır, çok amaçlı kullanım için
57070000	2	57000000		İnsani yardım lojistik malzemeleri
57070100	3	57070000		Lojistik acil durum kitleri
57070101	4	57070100		Refakatsiz çocuklar için erken tanımlama kiti
57070102	4	57070100		Lojistik güç kaynakları
57070103	4	57070100		Güç kaynağı
57070104	4	57070100		Kırtasiye ve KKE
57070105	4	57070100		Kişisel koruma ekipmanı, güç ve su temini
57080000	2	57000000		İnsani yardım BT ekipmanı
57080100	3	57080000		Acil durum BT ekipmanı kitleri
57080101	4	57080100		Acil durum telekomünikasyon ekipmanı
57080102	4	57080100		Acil operasyon odası ekipman kiti
57080103	4	57080100		BM personeli için acil durum bilgisayar ekipmanı
57080104	4	57080100		Ofis için BT kiti
57111100	3	57000000		Hızlı müdahale kitleri
57222100	3	57000000		İnsani yardım operasyonel hizmetleri
57333100	3	57000000		Sağlık acil durum kitleri
57333200	3	57000000		Acil durum tuvalet tesisi
57333300	3	57000000		Su, sanitasyon ve hijyen kitleri
57333400	3	57000000		Kişisel koruyucu ekipman (KKE)
57444100	3	57000000		Eğitim kitleri
57444200	3	57000000		Eğlence kitleri
57444300	3	57000000		Erken çocukluk gelişimi
57555100	3	57000000		Acil durum beslenme kitleri
57555200	3	57000000		Gıda acil durum rasyonları
57555300	3	57000000		Gıda acil durum kitleri
57666100	3	57000000		Acil durum giysi kitleri
57666200	3	57000000		Barınma acil durum kitleri
57666300	3	57000000		Ofis acil durum kitleri
57666400	3	57000000		Çok amaçlı acil durum kitleri
57777100	3	57000000		Lojistik acil durum kitleri
57888100	3	57000000		Acil durum BT ekipmanı kitleri
60000000	1		I	Müzik Aletleri ve Oyunlar ve Oyuncaklar ve Sanat ve El Sanatları ve Eğitim Ekipmanları ve Materyalleri ve Aksesuarları ve Malzemeleri
60100000	2	60000000		Gelişimsel ve mesleki öğretim yardımcıları ve materyalleri ve aksesuarları ve malzemeleri
60101700	3	60100000		Öğretmen kaynak materyalleri
60101734	4	60101700		Sunum tahtası (flip chart)
60103700	3	60100000		Yabancı dil kaynakları
60103701	4	60103700		İspanyolca konuşmayı öğrenme kaynakları
60103702	4	60103700		Fransızca konuşmayı öğrenme kaynakları
60103704	4	60103700		İngilizce konuşmayı öğrenme kaynakları
60103900	3	60100000		Canlı organizmalar ve korunmuş numuneler ve ilgili materyaller
60103905	4	60103900		Kültür kitleri veya malzemeleri
60104100	3	60100000		Vücut sistemleri ve ilgili materyaller
60104200	3	60100000		Su testi ve koruma ve ekoloji
60104201	4	60104200		Su testi kimyasalları
60104202	4	60104200		Su testi ve numune alma kitleri
60104203	4	60104200		Su modelleri
60104204	4	60104200		Su ekolojisi malzemeleri
60104400	3	60100000		Jeoloji ve yer bilimi
60104700	3	60100000		Enerji ve güç fiziği materyalleri
60104701	4	60104700		Güneş enerjisi toplama cihazları
60104702	4	60104700		Güneş enerjisi kitleri
60105300	3	60100000		Kariyer eğitimi öğretim materyalleri
60105301	4	60105300		Kariyer eğitimi veya planlama veya karar verme becerileri öğretim materyalleri
60105302	4	60105300		Temel iş becerileri öğretim materyalleri
60105303	4	60105300		İş arama becerileri öğretim materyalleri
60105304	4	60105300		Zaman yönetimi becerileri öğretim materyalleri
60105305	4	60105300		Mülakat becerileri öğretim materyalleri
60105306	4	60105300		Özgeçmiş becerileri öğretim materyalleri
60105307	4	60105300		İş etiği veya tutum eğitimi öğretim materyalleri
60105308	4	60105300		Takım çalışması becerileri öğretim materyalleri
60105309	4	60105300		İş görgü kuralları öğretim materyalleri
60105600	3	60100000		Sağlık eğitimi ve beslenme ve yemek hazırlama öğretim materyalleri
60105613	4	60105600		Mutfak gereçleri öğretim yardımcıları
60105627	4	60105600		Tıbbi eğitim veya bilgi materyali
60105900	3	60100000		Flört ve cinsellik ve ergen gebeliği ve ebeveynlik becerileri ve çocuk gelişimi öğretim materyalleri
60105901	4	60105900		Cinsel eğitim veya cinsel yolla bulaşan hastalık öğretim materyalleri
60105902	4	60105900		Doğum öncesi beslenme kaynakları veya fetal istismar öğretim materyalleri
60105903	4	60105900		Ebeveynlik becerileri öğretim materyalleri
60105904	4	60105900		Çocuk gelişimi öğretim materyalleri
60105905	4	60105900		Flört tecavüzü veya flört becerileri veya taciz anlama öğretim materyalleri
60105906	4	60105900		Doğuma hazırlık öğretim materyalleri
60105907	4	60105900		Gebeliğin döllenmeden doğuma kadar öğretim materyalleri
60105908	4	60105900		Doğum kusurları risklerini anlama öğretim materyalleri
60105915	4	60105900		Kardiyopulmoner resüsitasyon veya temel yaşam desteği öğretim materyalleri
60106100	3	60100000		Mesleki öğretim yardımcıları ve materyalleri
60106101	4	60106100		Otomotiv öğretim yardımcıları veya materyalleri
60106102	4	60106100		İnşaat öğretim yardımcıları veya materyalleri
60106104	4	60106100		Elektronik veya elektrik öğretim yardımcıları veya materyalleri
60106108	4	60106100		Güvenlik veya tehlike öğretim yardımcıları veya materyalleri
60106200	3	60100000		Teknoloji öğretim yardımcıları ve materyalleri
60106201	4	60106200		Tarım öğretim yardımcıları veya materyalleri
60106202	4	60106200		Biyoteknoloji öğretim yardımcıları veya materyalleri
60106203	4	60106200		İletişim öğretim yardımcıları veya materyalleri
60106204	4	60106200		Bilgisayar bilimi öğretim yardımcıları veya materyalleri
60106205	4	60106200		Enerji veya güç öğretim yardımcıları veya materyalleri
60106206	4	60106200		Çevre öğretim yardımcıları veya materyalleri
60106208	4	60106200		Tıp öğretim yardımcıları veya materyalleri
60106209	4	60106200		Ulaşım öğretim yardımcıları veya materyalleri
60106300	3	60100000		Adli bilim öğretim ekipmanları ve malzemeleri
60106301	4	60106300		Adli bilim kitleri
60106302	4	60106300		Adli bilim öğretim yardımcıları veya materyalleri
60110000	2	60000000		Sınıf süsleri ve malzemeleri
60120000	2	60000000		Sanat ve el sanatları ekipmanları ve aksesuarları ve malzemeleri
60121300	3	60120000		Sanat ve el sanatları kesme ürünleri
60121301	4	60121300		Giyotin kağıt kesicileri
60121600	3	60120000		Stüdyo yardımcıları
60121606	4	60121600		Arka plan ekranları
60130000	2	60000000		Müzik Aletleri ve parçaları ve aksesuarları
60131000	3	60130000		Klavyeli enstrümanlar
60131001	4	60131000		Piyanolar
60131003	4	60131000		Org
60131006	4	60131000		Sentezleyici (synthesizer)
60131100	3	60130000		Üflemeli bakır enstrümanlar
60131101	4	60131100		Trompetler
60131102	4	60131100		Trombonlar
60131104	4	60131100		Saksofonlar
60131105	4	60131100		Düdük
60131200	3	60130000		Üflemeli tahta enstrümanlar
60131201	4	60131200		Klarnetler
60131202	4	60131200		Obualar
60131203	4	60131200		Flütler
60131204	4	60131200		Pikolo flütler
60131207	4	60131200		Mızıkalar
60131300	3	60130000		Telli enstrümanlar
60131301	4	60131300		Klavsenler
60131302	4	60131300		Klavikordlar
60131303	4	60131300		Gitarlar
60131304	4	60131300		Kemanlar
60131305	4	60131300		Arplar
60131306	4	60131300		Banjolar
60131307	4	60131300		Mandolinler
60131308	4	60131300		Viyolonseller
60131400	3	60130000		Vurmalı enstrümanlar
60131401	4	60131400		Ziller (zil takımı)
60131402	4	60131400		Çanlar
60131403	4	60131400		Teflar
60131404	4	60131400		Kastanyetler
60131405	4	60131400		Davullar
60131406	4	60131400		Ksilofonlar
60131500	3	60130000		Müzik aleti parçaları ve aksesuarları
60131501	4	60131500		Metronomlar
60131503	4	60131500		Enstrüman telleri veya pena
60131504	4	60131500		Akort pimleri
60131505	4	60131500		Müzik aleti sehpaları veya nota tutucuları
60131506	4	60131500		Telli enstrümanlar için aksesuarlar
60131507	4	60131500		Vurmalı enstrüman aksesuarı
60131508	4	60131500		Müzik kutuları veya mekanizmaları
60131509	4	60131500		Ağızlıklar (enstrüman)
60131512	4	60131500		Akort çubukları
60131520	4	60131500		Davul çubuğu (baget)
60131600	3	60130000		Müzik aleti setleri
60131601	4	60131600		Ritim bandosu setleri
60131700	3	60130000		Alternatif sesli müzik aletleri
60131701	4	60131700		Boomwhacker (renkli vurmalı tüpler)
60131702	4	60131700		Disko taplar (ayakkabı sesi)
60131703	4	60131700		At nalları
60131800	3	60130000		Müzik ve dans aksesuarları
60131801	4	60131800		Dans eşarpları
60131802	4	60131800		Ritim çubukları veya lummi çubukları
60131803	4	60131800		Ritim değnekleri veya çemberleri
60140000	2	60000000		Oyuncaklar ve oyunlar
60141000	3	60140000		Oyuncaklar
60141100	3	60140000		Oyunlar
60141102	4	60141100		Masa (kutu) oyunları
64000000	1		J	Finansal Araçlar, Ürünler, Sözleşmeler ve Anlaşmalar
64100000	2	64000000		Banka tarafından sunulan ürünler
64101700	3	64100000		Elektronik fon transferi ve ödeme ürünleri
64101701	4	64101700		Fatura ödeme uygulaması
64101702	4	64101700		Döviz değişimi uygulaması
64101703	4	64101700		Para transferi uygulaması
64110000	2	64000000		Menkul kıymetler
64111700	3	64110000		Türev menkul kıymetler
64111705	4	64111700		Karbon kredisi izni veya sertifikası
64120000	2	64000000		Sigortalanabilir menfaat sözleşmeleri
64121500	3	64120000		Mal sigortası sözleşmeleri
64140000	2	64000000		Devlet mülkiyet hakkı tahsisleri
64141700	3	64140000		Çevresel hafifletme bankacılığı ürünleri
64141701	4	64141700		Çevresel hafifletme kredisi
70000000	1		J	Tarım ve Balıkçılık ve Ormancılık ve Yaban Hayatı Müteahhitlik Hizmetleri
70100000	2	70000000		Balıkçılık ve su ürünleri yetiştiriciliği
70101500	3	70100000		Balıkçılık operasyonları
70101501	4	70101500		Ticari balıkçılık operasyonları
70101502	4	70101500		Balıkçı limanı hizmetleri
70101503	4	70101500		Balıkçılık kara tesisleri
70101504	4	70101500		Açık deniz balıkçılığı operasyonları
70101507	4	70101500		Trolle balıkçılık
70101510	4	70101500		Balıkçılık ağları
70101600	3	70100000		Balıkçılık denetimi
70101601	4	70101600		Balıkçılık bilgi veya dokümantasyon hizmetleri
70101602	4	70101600		Balıkçılık araştırması veya deneyleri hizmetleri
70101603	4	70101600		Balıkçılık veri toplama veya dağıtımı
70101607	4	70101600		Balıkçılık kaynaklarının korunması
70101700	3	70100000		Balıkçılık endüstrisi ve teknolojisi
70101701	4	70101700		Balıkçılık teknolojisi hizmetleri
70101702	4	70101700		Balıkçılık yan ürünleri üretim hizmetleri
70101703	4	70101700		Balık üretimi
70101704	4	70101700		Balık depolama
70101800	3	70100000		Balıkçılık kaynakları
70101801	4	70101800		İç su balıkçılığı kaynakları
70101802	4	70101800		Balık havuzu kaynakları
70101803	4	70101800		Balık kuluçkahaneleri
70101804	4	70101800		Balık çiftlikleri (ranch)
70101805	4	70101800		Balıkçılık yan ürün kaynakları
70101806	4	70101800		Balıkçılık kaynağı değerlendirmesi
70101900	3	70100000		Su ürünleri yetiştiriciliği (akuakültür)
70101901	4	70101900		Deniz yetiştiriciliği (marikültür)
70101902	4	70101900		İstiridye yetiştiriciliği
70101903	4	70101900		Kabuklu deniz ürünü yetiştiriciliği
70101904	4	70101900		Karides yetiştiriciliği
70101905	4	70101900		Balık yetiştiriciliği
70110000	2	70000000		Bahçecilik (hortikültür)
70111500	3	70110000		Bitkiler ve süs ağaçları
70111501	4	70111500		Süs bitkisi veya çalı veya ağaç dikim hizmetleri
70111502	4	70111500		Süs bitkisi veya çalı budama hizmetleri
70111503	4	70111500		Ağaç budama hizmetleri
70111504	4	70111500		Destekleme (payandalama) hizmetleri
70111505	4	70111500		Ağaç cerrahisi hizmetleri
70111506	4	70111500		Ağaç bakım uzmanı (arborist) hizmetleri
70111507	4	70111500		Süs bitkisi veya çalı veya ağaç sökme hizmetleri
70111508	4	70111500		Bitki veya süs ağacı ilaçlama hizmetleri
70111600	3	70110000		Çiçekli bitkiler
70111700	3	70110000		Parklar ve bahçeler ve meyve bahçeleri
70111701	4	70111700		Meyve bahçesi yönetimi veya bakım hizmetleri
70111702	4	70111700		Bağ yönetimi veya bakım hizmetleri
70111703	4	70111700		Bahçe dikim veya bakım hizmetleri
70111704	4	70111700		Bahçecilik danışmanlık hizmetleri
70111706	4	70111700		Çim bakım hizmetleri
70111707	4	70111700		Otoyol çim bakım hizmetleri
70111708	4	70111700		Malçlama hizmetleri
70111709	4	70111700		Tohumlama hizmetleri
70111710	4	70111700		Çim biçme hizmetleri
70111711	4	70111700		Çim sürgünü dikim hizmetleri
70111712	4	70111700		Park veya bahçe ilaçlama hizmetleri
70111713	4	70111700		Park yönetimi veya bakım hizmetleri
70120000	2	70000000		Hayvancılık hizmetleri
70121500	3	70120000		Sütçülük
70121501	4	70121500		Süt sürüsü yönetimi
70121502	4	70121500		Süt endüstrisi geliştirme
70121503	4	70121500		Süt teknolojisi
70121504	4	70121500		Süt laboratuvarları hizmetleri
70121505	4	70121500		Süt çiftliği yerinde işleme
70121600	3	70120000		Hayvancılık endüstrisi
70121601	4	70121600		Hayvan ıslahı (yetiştirme)
70121602	4	70121600		Hayvan genetiği hizmetleri
70121603	4	70121600		İpekböcekçiliği
70121604	4	70121600		Hayvan yetiştiriciliği (husbandry)
70121605	4	70121600		Çiftlik yetiştirme sistemleri
70121606	4	70121600		Kümes hayvanı üretim hizmetleri
70121607	4	70121600		Küçük hayvan yetiştirme hizmetleri
70121608	4	70121600		Sığır üretim hizmetleri
70121610	4	70121600		Arıcılık
70121700	3	70120000		Hayvancılık yönetimi
70121701	4	70121700		Hayvan seçimi
70121703	4	70121700		Hayvan kesim hizmetleri
70121704	4	70121700		Sürü yönetimi
70121705	4	70121700		Hayvan yetiştirme veya bakım hizmetleri
70121706	4	70121700		Çiftlik hayvanı tanımlama ve kayıt hizmeti
70121800	3	70120000		Evcil hayvan endüstrisi
70121801	4	70121800		Evcil hayvan yetiştirme hizmetleri
70121802	4	70121800		Evcil hayvan bakım hizmetleri
70121803	4	70121800		Köpek pansiyonu hizmetleri
70121900	3	70120000		Mera ve otlak hizmetleri
70121901	4	70121900		Mera iyileştirme
70121902	4	70121900		Otlak yönetimi
70121903	4	70121900		Otlak araştırması
70122000	3	70120000		Hayvan sağlığı
70122001	4	70122000		Hayvan beslenmesi
70122002	4	70122000		Hayvan hastalığı kontrolü
70122003	4	70122000		Hayvan tripanozomiyazı
70122004	4	70122000		Şap kontrol hizmetleri
70122005	4	70122000		Hayvan sağlığı koruyucu ilaç hizmetleri
70122006	4	70122000		Hayvan aşılama hizmetleri
70122007	4	70122000		Veteriner idaresi
70122008	4	70122000		Veteriner laboratuvar teknolojisi
70122009	4	70122000		Hayvan hastanesi hizmetleri
70122010	4	70122000		Hayvan sağlığı bilgi hizmetleri
70130000	2	70000000		Arazi ve toprak hazırlama ve yönetimi ve korunması
70131500	3	70130000		Arazi ve toprak korunması
70131501	4	70131500		Çölleşme değerlendirme veya kontrol hizmetleri
70131502	4	70131500		Toprak muhafaza veya koruma hizmetleri
70131503	4	70131500		Erozyon kontrol hizmetleri
70131506	4	70131500		Toprak iyileştirme
70131600	3	70130000		Arazi ve toprak hazırlama
70131601	4	70131600		Gübre uygulama hizmetleri
70131603	4	70131600		Sürme (pulluk) hizmetleri
70131604	4	70131600		Tohum yatağı hazırlama hizmetleri
70131605	4	70131600		Toprak kimyasal işleme hizmetleri
70131700	3	70130000		Arazi ve toprak yönetimi
70131701	4	70131700		Arazi kullanım planlaması
70131702	4	70131700		Arazi değerlendirmesi
70131703	4	70131700		Arazi ıslahı
70131704	4	70131700		Agro-ekolojik bölge değerlendirmesi veya planlaması
70131705	4	70131700		Toprak sınıflandırması
70131706	4	70131700		Havza yönetimi
70140000	2	70000000		Mahsul üretimi ve yönetimi ve korunması
70141500	3	70140000		Mahsul üretimi
70141501	4	70141500		Tohum üretim hizmetleri
70141503	4	70141500		Çim veya yem bitkisi üretimi
70141507	4	70141500		Şeker pancarı veya şeker kamışı üretimi
70141508	4	70141500		Sert kabuklu yemiş üretimi
70141512	4	70141500		Tahıl veya baklagil üretimi
70141515	4	70141500		Kök veya yumru üretimi
70141516	4	70141500		Tahıl üretimi
70141520	4	70141500		Sebze üretimi
70141600	3	70140000		Mahsul koruma
70141601	4	70141600		Mahsul ilaçlama hizmetleri
70141602	4	70141600		Biyolojik mücadele hizmetleri
70141604	4	70141600		Herbisit hizmetleri
70141605	4	70141600		Entegre zararlı yönetimi hizmetleri
70141700	3	70140000		Mahsul yönetimi
70141701	4	70141700		Sera hizmetleri
70141702	4	70141700		Gübre hizmetleri
70141800	3	70140000		Mahsul dikimi ve yetiştirme
70141801	4	70141800		Meyve ağacı veya asma dikim hizmetleri
70141802	4	70141800		Filiz veya çelik hizmetleri
70141803	4	70141800		Mahsul yetiştirme hizmetleri
70141804	4	70141800		Mahsul dikim hizmetleri
70141900	3	70140000		Mahsul hasadı
70141901	4	70141900		Tahıl hasadı hizmetleri
70141902	4	70141900		Meyve veya ağaç yemişi hasadı hizmetleri
70141903	4	70141900		Tarla mahsulü hasadı hizmetleri
70141904	4	70141900		Tohum hasadı hizmetleri
70142000	3	70140000		Hasat sonrası mahsul işleme
70142001	4	70142000		Silolarla ilgili hizmetler
70142002	4	70142000		Tahıl kurutucu hizmetleri
70142003	4	70142000		Mahsul işleme hizmetleri
70142004	4	70142000		Tarla mahsulleri piyasa hazırlama hizmetleri
70142005	4	70142000		Tahıl mahsulleri piyasa hazırlama hizmetleri
70142006	4	70142000		Sebze mahsulleri piyasa hazırlama hizmetleri
70142007	4	70142000		Meyve mahsulleri piyasa hazırlama hizmetleri
70142008	4	70142000		Ağaç yemişi mahsulleri piyasa hazırlama hizmetleri
70142009	4	70142000		Çırçır hizmetleri
70142010	4	70142000		Mahsul temizleme hizmetleri
70142011	4	70142000		Soğutma hizmetleri
70150000	2	70000000		Ormancılık
70151500	3	70150000		Ormancılık yönetimi
70151501	4	70151500		Orman kaynakları yönetim hizmetleri
70151505	4	70151500		Orman envanteri
70151506	4	70151500		Orman izleme veya değerlendirme
70151507	4	70151500		Ağaçlandırma hizmetleri
70151510	4	70151500		Orman sektörel planlama
70151600	3	70150000		Ormancılık endüstrisi
70151601	4	70151600		Odun dışı üretim hizmetleri
70151602	4	70151600		Uçucu yağ üretimi
70151603	4	70151600		Kereste üretim hizmetleri
70151604	4	70151600		Boya üretimi
70151605	4	70151600		Yenilebilir ormancılık üretimi
70151606	4	70151600		Ahşap test hizmetleri
70151700	3	70150000		Ormancılık hasadı
70151701	4	70151700		Tomruk kesme veya devirme
70151703	4	70151700		Orman hasadı özelleşmiş operasyonlar
70151706	4	70151700		Ilıman orman hasadı
70151800	3	70150000		Ormancılık koruma hizmetleri
70151801	4	70151800		Orman genetik kaynaklarının korunması
70151802	4	70151800		Orman koruma hizmetleri
70151803	4	70151800		Orman kurak arazi rehabilitasyonu
70151804	4	70151800		Orman rüzgar perdeleri veya koruma kuşakları
70151805	4	70151800		Orman rezervleri veya parkları koruma hizmetleri
70151806	4	70151800		Ormancılık havza yönetimi
70151807	4	70151800		Ormancılık sel kontrolü
70151900	3	70150000		Ormancılık kaynakları
70151901	4	70151900		Orman kaynaklarının geliştirilmesi
70151902	4	70151900		Agroforestri kaynakları
70151903	4	70151900		Yakacak odun kaynakları
70160000	2	70000000		Yaban hayatı ve flora
70161500	3	70160000		Fauna
70161501	4	70161500		Fauna koruması
70161600	3	70160000		Flora
70161601	4	70161600		Flora koruması
70161700	3	70160000		Ekosistemler
70161701	4	70161700		Eko-kalkınma hizmetleri
70161702	4	70161700		Deniz ekosistemi yönetim hizmetleri
70161703	4	70161700		Karasal ekosistem yönetim hizmetleri
70161704	4	70161700		Ekosistem koruma hizmetleri
70161705	4	70161700		Çalı ve orman ekolojisi ve koruma hizmeti
70161706	4	70161700		Kıyı ekolojisi ve koruma hizmeti
70161710	4	70161700		Sulak alan ekolojisi ve koruma hizmeti
70161711	4	70161700		Mangrov bataklığı ekolojisi ve koruma hizmeti
70170000	2	70000000		Su kaynakları geliştirme ve gözetimi
70171500	3	70170000		Su kaynağı geliştirme hizmeti
70171501	4	70171500		Su kalitesi değerlendirme hizmetleri
70171502	4	70171500		Su kaynakları planlama hizmetleri
70171503	4	70171500		Yer altı veya yüzey suyu etüdü
70171504	4	70171500		Su kaynakları haritalama hizmetleri
70171505	4	70171500		Nehir havzası geliştirme
70171506	4	70171500		Yer altı veya yüzey suyu modelleme hizmetleri
70171507	4	70171500		Yüzey suyu geliştirme
70171600	3	70170000		Su kalitesi yönetim hizmetleri
70171601	4	70171600		Su kalitesi yönetimi
70171602	4	70171600		Su test hizmetleri
70171603	4	70171600		Taşkın yatağı yönetimi
70171604	4	70171600		Su muhafaza danışmanlık hizmetleri
70171605	4	70171600		Su hakları danışmanlık hizmetleri
70171606	4	70171600		Su kaynağı geri kazanım hizmetleri
70171607	4	70171600		Su fiyatlandırma hizmetleri
70171700	3	70170000		Sulama sistemi bakım ve yönetim hizmetleri
70171701	4	70171700		Kanal bakım veya yönetim hizmetleri
70171702	4	70171700		Baraj bakım veya yönetim hizmetleri
70171703	4	70171700		Rezervuar bakım veya yönetim hizmetleri
70171704	4	70171700		Pompa istasyonu bakım veya yönetim hizmetleri
70171705	4	70171700		Boru hatları bakım veya yönetim hizmetleri
70171706	4	70171700		Set veya dolgu bakım veya yönetim hizmetleri
70171707	4	70171700		Su kuyusu bakım veya yönetim hizmetleri
70171708	4	70171700		Sulama danışmanlık hizmetleri
70171709	4	70171700		Sulama sistemleri yönetim hizmetleri
70171710	4	70171700		Sulama sistemi inşaat hizmeti
70171800	3	70170000		Drenaj hizmetleri
70171801	4	70171800		Arazi drenaj hizmetleri
70171802	4	70171800		Yağmur suyu drenajı
70171803	4	70171800		Taşkın koruma veya kontrol hizmetleri
70190000	2	70000000		Tarım makineleri ve ekipmanları montaj ve kurulum hizmetleri
70190100	3	70190000		Tarım makineleri ve ekipmanları kullanıcıları için eğitim hizmetleri
71000000	1		J	Madencilik ve petrol ve gaz hizmetleri
71100000	2	71000000		Madencilik hizmetleri
71101700	3	71100000		Çıkarma (ekstraksiyon)
71110000	2	71000000		Petrol ve gaz arama hizmetleri
71112300	3	71110000		Sismik hizmetler
71120000	2	71000000		Kuyu sondajı ve inşaat hizmetleri
71130000	2	71000000		Petrol ve gaz çıkarma ve üretim artırma hizmetleri
71140000	2	71000000		Petrol ve gaz restorasyon ve ıslah hizmetleri
71141100	3	71140000		Kuyu tıkama ve terk hizmetleri
71141103	4	71141100		Kuyu terk platform sökme hizmetleri
71150000	2	71000000		Petrol ve gaz veri yönetimi ve işleme hizmetleri
71151100	3	71150000		Petrol sahası veri yönetimi hizmetleri
71160000	2	71000000		Petrol ve gaz kuyusu proje yönetimi hizmetleri
71161000	3	71160000		Petrol sahası modelleme hizmetleri
71161600	3	71160000		Diğer petrol sahası destek hizmetleri
71161605	4	71161600		Petrol sahası danışmanlık hizmetleri
72000000	1		J	Bina ve Tesis İnşaatı ve Bakım Hizmetleri
72100000	2	72000000		Bina ve tesis bakım ve onarım hizmetleri
72101500	3	72100000		Bina bakım ve onarım hizmetleri
72101501	4	72101500		Tamir bakım (handyman) hizmetleri
72101504	4	72101500		Afete dayanıklılık veya acil durum hizmetleri
72101505	4	72101500		Çilingir hizmetleri
72101506	4	72101500		Asansör bakım hizmetleri
72101507	4	72101500		Bina bakım hizmeti
72101508	4	72101500		Yer temizleme hizmetleri
72101509	4	72101500		Yangın koruma sistemi ve ekipmanı bakım veya onarım hizmeti
72101510	4	72101500		Tesisat bakım veya onarımı
72101511	4	72101500		Klima kurulum veya bakım veya onarım hizmeti
72101512	4	72101500		Vinç (kaldıraç) inşaat hizmeti
72101513	4	72101500		Şantiye dışı (offsite) inşaat hizmeti
72101514	4	72101500		Çöp alanı inşaat hizmeti
72101515	4	72101500		Çökme (subsidence) servis işi
72101516	4	72101500		Yangın söndürücü muayene bakım ve onarım hizmeti
72101517	4	72101500		Taşınabilir jeneratör bakım ve/veya onarım hizmeti
72101518	4	72101500		Taşınabilir jeneratör kiralama hizmeti
72101519	4	72101500		Gaz tesisatı kurulum hizmeti
72101520	4	72101500		Çatı çatkı hizmeti
72101521	4	72101500		Bina çatkı (framing) hizmeti
72102100	3	72100000		Zararlı kontrolü
72102101	4	72102100		Kuş engelleme hizmetleri
72102102	4	72102100		Termit kontrol hizmetleri
72102103	4	72102100		Haşere yok etme veya fümigasyon hizmetleri
72102104	4	72102100		Yapısal zararlı kontrolü
72102105	4	72102100		Hayvan tuzaklama
72102106	4	72102100		Kemirgen kontrolü
72102900	3	72100000		Tesis bakım ve onarım hizmetleri
72102902	4	72102900		Peyzaj hizmetleri
72102903	4	72102900		Kar temizleme hizmetleri
72102905	4	72102900		Dış alan bakımı
72102906	4	72102900		Peyzaj mimarlığı hizmeti
72103100	3	72100000		Taşıma sistemleri kurulum ve onarımı
72103101	4	72103100		Malzeme taşıma sistemi kurulumu
72103102	4	72103100		Malzeme taşıma sistemi onarımı
72103103	4	72103100		Yer üstü konveyör hizmeti
72103104	4	72103100		Yer altı konveyör hizmeti
72103300	3	72100000		Altyapı bakım ve onarım hizmetleri
72103301	4	72103300		Otopark veya yol bakımı veya onarımı veya hizmetleri
72103302	4	72103300		Telekom ekipmanı bakımı veya desteği
72103304	4	72103300		Otopark veya yol süpürme hizmetleri
72103305	4	72103300		Drenaj döşeme hizmeti
72110000	2	72000000		Konut binası inşaat hizmetleri
72111000	3	72110000		Tek ailelik konut inşaat hizmetleri
72111001	4	72111000		Tek ailelik ev tadilat ekleme ve onarım hizmeti
72111002	4	72111000		Tek ailelik ev genel tadilat hizmeti
72111003	4	72111000		Yerinde prefabrik ev onarım hizmeti
72111004	4	72111000		Avlu ve teras inşaat ve onarım hizmeti
72111005	4	72111000		Tek ailelik ev yangın hasarı onarım hizmeti
72111006	4	72111000		Tek ailelik ev yeni inşaat hizmeti
72111007	4	72111000		Tek ailelik prefabrik ev montaj hizmeti
72111008	4	72111000		Tek ailelik yeni şehir evi veya bahçe evi inşaat hizmeti
72111100	3	72110000		Çok birimli konut inşaat hizmetleri
72111101	4	72111100		Yeni apartman binası inşaat hizmeti
72111102	4	72111100		Yeni kooperatif inşaat hizmeti
72111103	4	72111100		Yeni kat mülkiyetli konut inşaat hizmeti
72111104	4	72111100		Yeni yurt inşaat hizmeti
72111105	4	72111100		Yeni otel veya motel inşaat hizmeti
72111106	4	72111100		Apartman tadilat hizmeti
72111107	4	72111100		Kooperatif daire tadilat hizmeti
72111108	4	72111100		Kat mülkiyetli konut tadilat hizmeti
72111109	4	72111100		Yurt tadilat hizmeti
72111110	4	72111100		Otel veya motel tadilat hizmeti
72111111	4	72111100		Genel konut inşaat müteahhitliği hizmeti
72120000	2	72000000		Konut dışı bina inşaat hizmetleri
72121000	3	72120000		Yeni endüstriyel bina ve depo inşaat hizmetleri
72121001	4	72121000		Kuru temizleme tesisi inşaat ve tadilat hizmeti
72121002	4	72121000		Gıda ürünü imalat veya paketleme tesisi inşaat ve tadilat hizmeti
72121003	4	72121000		Tahıl silosu inşaat ve tadilat hizmeti
72121004	4	72121000		Kağıt veya selüloz fabrikası inşaat ve tadilat hizmeti
72121005	4	72121000		İlaç imalat tesisi inşaat ve tadilat hizmeti
72121006	4	72121000		Prefabrik endüstriyel bina montaj ve tadilat hizmeti
72121007	4	72121000		Kamyon ve otomobil montaj tesisi inşaat ve tadilat hizmeti
72121008	4	72121000		Depo inşaat ve tadilat hizmeti
72121100	3	72120000		Ticari ve ofis binası inşaat hizmetleri
72121101	4	72121100		Ticari ve ofis binası yeni inşaat hizmeti
72121102	4	72121100		Ticari ve ofis binası prefabrik montaj hizmeti
72121103	4	72121100		Ticari ve ofis binası yenileme ve onarım hizmeti
72121104	4	72121100		Restoran inşaat hizmeti
72121105	4	72121100		Alışveriş merkezi ve AVM inşaat hizmeti
72121200	3	72120000		Tarımsal bina inşaat hizmetleri
72121201	4	72121200		Çiftlik binası inşaat hizmeti
72121202	4	72121200		Sera inşaat hizmeti
72121203	4	72121200		Silo ve tarımsal hizmet binası inşaat hizmeti
72121300	3	72120000		Otomotiv garajı ve servis istasyonu inşaat hizmetleri
72121301	4	72121300		Otomotiv garajı inşaat hizmeti
72121302	4	72121300		Otomotiv servis istasyonu inşaat hizmeti
72121400	3	72120000		Özel kamu binası inşaat hizmetleri
72121401	4	72121400		Banka binası inşaat hizmeti
72121402	4	72121400		İtfaiye istasyonu inşaat hizmeti
72121403	4	72121400		Hastane inşaat hizmeti
72121404	4	72121400		Postane inşaat hizmeti
72121405	4	72121400		Dini bina inşaat hizmeti
72121406	4	72121400		Okul binası inşaat hizmeti
72121407	4	72121400		Anıtmezar inşaat hizmeti
72121408	4	72121400		Stadyum inşaat hizmeti
72121409	4	72121400		Halk kütüphanesi inşaatı
72121410	4	72121400		Havaalanı terminali ve hangar inşaatı
72121500	3	72120000		Endüstriyel tesis inşaat hizmetleri
72121501	4	72121500		Kimya tesisi inşaat hizmeti
72121502	4	72121500		Maden yükleme ve boşaltma istasyonu inşaat hizmeti
72121503	4	72121500		Petrol rafinerisi inşaat hizmeti
72121504	4	72121500		Atık bertaraf tesisi inşaat hizmeti
72121505	4	72121500		Atık su ve kanalizasyon arıtma tesisi inşaat hizmeti
72121506	4	72121500		Enerji santrali inşaat hizmeti
72121507	4	72121500		Tank inşaat ve servis hizmeti
72121508	4	72121500		Hazırlama tesisi inşaat hizmeti
72121509	4	72121500		Yer altı Elektrik Hizmetleri
72121510	4	72121500		Yüzer petrol ve gaz üretim depolama ve boşaltma sistemi inşaat hizmeti
72121511	4	72121500		Açık deniz petrol ve gaz üretim tesisi bağlantı ve devreye alma hizmeti
72121512	4	72121500		Açık deniz petrol ve gaz üretim tesisi ekipman kurulum ve entegrasyon hizmeti
72121513	4	72121500		Petrol ve gaz tesisi modüler imalat hizmeti
72121514	4	72121500		Petrol ve gaz üretim platformu ve üst yapı imalat hizmeti
72121515	4	72121500		Yüzer petrol ve gaz üretim sistemi gövde imalat hizmeti
72121516	4	72121500		Sabit petrol ve gaz açık deniz üretim tesisleri imalat hizmeti
72121517	4	72121500		Sıvılaştırılmış doğal gaz LNG tesisi inşaat hizmeti
72140000	2	72000000		Ağır inşaat hizmetleri
72141000	3	72140000		Karayolu ve yol inşaat hizmetleri
72141001	4	72141000		Karayolu ve yol yeni inşaat hizmeti
72141002	4	72141000		Karayolu ve yol tabela veya bariyer inşaat ve onarım hizmeti
72141003	4	72141000		Karayolu ve yol bakım hizmeti
72141004	4	72141000		Karayolu reflektör montaj hizmeti
72141100	3	72140000		Altyapı inşaatı ve yüzey kaplama ve asfaltlama hizmetleri
72141101	4	72141100		Havaalanı pisti inşaat hizmeti
72141102	4	72141100		Arazi tesviye (grading) hizmeti
72141103	4	72141100		Karayolu ve yol asfaltlama hizmeti
72141104	4	72141100		Karayolu ve yol yeniden kaplama hizmeti
72141105	4	72141100		Kaldırım inşaat ve onarım hizmeti
72141106	4	72141100		Çakıl veya toprak yol inşaat hizmeti
72141107	4	72141100		Köprü inşaat ve onarım hizmeti
72141108	4	72141100		Tünel inşaat ve onarım hizmeti
72141109	4	72141100		Viyadük inşaat ve onarım hizmeti
72141110	4	72141100		Petrol ve gaz şube hattı inşaat hizmeti
72141111	4	72141100		Gaz ana hattı inşaat hizmeti
72141112	4	72141100		Doğal gaz kompresör istasyonu inşaat hizmeti
72141113	4	72141100		Petrol ve gaz boru hattı inşaat hizmeti
72141114	4	72141100		Boru hattı sarma hizmeti
72141115	4	72141100		Elektrik kablosu döşeme hizmeti
72141116	4	72141100		Televizyon kablosu döşeme hizmeti
72141117	4	72141100		Telefon ve iletişim kablosu döşeme hizmeti
72141118	4	72141100		Telekomünikasyon iletim kulesi inşaat hizmeti
72141119	4	72141100		Su kemeri inşaat hizmeti
72141120	4	72141100		Kanalizasyon hattı inşaat hizmeti
72141121	4	72141100		Su ana hattı inşaat hizmeti
72141122	4	72141100		Elektrik hattı inşaat hizmeti
72141123	4	72141100		Rögar inşaat hizmeti
72141124	4	72141100		Boru döşeme hizmeti
72141125	4	72141100		Pompa istasyonu inşaat hizmeti
72141126	4	72141100		Yer altı altyapı inşaat hizmeti
72141127	4	72141100		Yol, karayolu ve otoparkların sızdırmazlık kaplaması
72141128	4	72141100		Meydan inşaat ve/veya tadilat hizmeti
72141129	4	72141100		Park ve bahçe inşaat ve/veya tadilat hizmeti
72141130	4	72141100		Süs çeşmesi inşaat ve/veya tadilat hizmeti
72141200	3	72140000		Deniz inşaat hizmetleri
72141201	4	72141200		Keson sondaj hizmeti
72141202	4	72141200		Kanal inşaat hizmeti
72141203	4	72141200		Baraj inşaat hizmeti
72141204	4	72141200		Rıhtım inşaat hizmeti
72141205	4	72141200		Drenaj sistemi inşaat hizmeti
72141206	4	72141200		Tarama (dredging) hizmeti
72141207	4	72141200		Liman inşaat hizmeti
72141209	4	72141200		Set (levee) inşaat hizmeti
72141210	4	72141200		Marina inşaat hizmeti
72141211	4	72141200		İskele inşaat hizmeti
72141212	4	72141200		Gölet inşaat hizmeti
72141213	4	72141200		Su yolu inşaat hizmeti
72141214	4	72141200		Palplanş çakma hizmeti
72141215	4	72141200		Su altı inşaat hizmeti
72141216	4	72141200		Açık deniz inşaat gemisi hizmeti
72141400	3	72140000		Gözaltı tesisi inşaat ve onarım hizmetleri
72141401	4	72141400		Gözaltı tesisi inşaat hizmeti
72141402	4	72141400		Gözaltı tesisi tadilat ve onarımı
72141500	3	72140000		Arazi hazırlama hizmetleri
72141502	4	72141500		Arazi inşaat öncesi değerlendirme hizmeti
72141503	4	72141500		Kaya kaldırma hizmeti
72141504	4	72141500		Kereste (ağaç) kaldırma hizmeti
72141505	4	72141500		Toprak hareketlendirme (earthmoving) hizmeti
72141507	4	72141500		Kazık çakma hizmeti
72141508	4	72141500		Bina yıkımı hariç patlatma hizmeti
72141509	4	72141500		Hendek (tranşe) açma hizmeti
72141510	4	72141500		Yıkım (demolisyon) hizmetleri
72141511	4	72141500		Kazı hizmetleri
72141600	3	72140000		Toplu taşıma sistemi inşaat hizmetleri
72141601	4	72141600		Hafif raylı sistem inşaat hizmeti
72141602	4	72141600		Geçiş hattı (right of way) açma hizmeti
72141603	4	72141600		Demiryolu ve ray yatağı inşaat hizmeti
72141604	4	72141600		Metro inşaat hizmeti
72141605	4	72141600		Demiryolu ray döşeme hizmeti
72141700	3	72140000		İnşaat makineleri ve ekipmanları kiralama hizmetleri
72141701	4	72141700		İnşaat makinesi kiralama hizmeti
72141702	4	72141700		İnşaat ekipmanı kiralama hizmeti
72150000	2	72000000		Özel uzmanlık inşaat ve bakım hizmetleri
72151000	3	72150000		Kazan ve fırın inşaat ve bakım hizmetleri
72151001	4	72151000		Kazan bakım hizmeti
72151002	4	72151000		Kazan kurulum ve ayar hizmeti
72151003	4	72151000		Isıtma sistemi bakım ve onarım hizmeti
72151004	4	72151000		Hidronik ısıtma sistemi bakım ve onarım hizmeti
72151005	4	72151000		Kazan basınç kontrol cihazı kurulumu
72151006	4	72151000		Kazan basınç kontrol cihazı bakımı veya onarımı veya işletimi
72151100	3	72150000		Tesisat inşaat hizmetleri
72151101	4	72151100		Septik sistem inşaat hizmeti
72151102	4	72151100		Yangın sprinkler sistemi kurulum hizmeti
72151103	4	72151100		Sulama sprinkler sistemi kurulum hizmeti
72151200	3	72150000		Isıtma ve soğutma ve klima HVAC inşaat ve bakım hizmetleri
72151201	4	72151200		HVAC mekanik inşaat hizmeti
72151202	4	72151200		HVAC proses borulama inşaat hizmeti
72151203	4	72151200		HVAC güneş enerjisi inşaat hizmeti
72151204	4	72151200		HVAC havalandırma ve kanal işi inşaat hizmeti
72151205	4	72151200		HVAC soğutma inşaat hizmeti
72151206	4	72151200		HVAC ısıtma sistemi inşaat hizmeti
72151207	4	72151200		Isıtma ve soğutma ve klima HVAC kurulum ve bakım hizmeti
72151300	3	72150000		Boyama ve duvar kağıdı asma hizmetleri
72151301	4	72151300		Konut boyama hizmeti
72151302	4	72151300		Ticari boyama hizmeti
72151303	4	72151300		Endüstriyel boyama hizmeti
72151304	4	72151300		Uçak boyama hizmeti
72151305	4	72151300		Köprü boyama hizmeti
72151306	4	72151300		Yol işaretleme hizmeti
72151307	4	72151300		Gemi boyama hizmeti
72151308	4	72151300		Duvar kağıdı asma hizmeti
72151400	3	72150000		Duvar kaplama inşaat hizmetleri
72151401	4	72151400		Ticari duvar kaplama inşaat hizmeti
72151402	4	72151400		Konut duvar kaplama inşaat hizmeti
72151500	3	72150000		Elektrik sistemi hizmetleri
72151501	4	72151500		Aydınlatma kurulum hizmetleri
72151502	4	72151500		Elektrik güç sistemi inşaat hizmeti
72151503	4	72151500		Kojenerasyon tesisi inşaat hizmeti
72151504	4	72151500		Bilgisayar güç şartlandırma hizmeti
72151505	4	72151500		Yedek veya acil güç kurulum hizmeti
72151506	4	72151500		Şalt cihazları ve ilgili cihazlar kurulum hizmeti
72151507	4	72151500		Elektronik kontroller kurulum hizmeti
72151508	4	72151500		Bilgisayarlı kontroller kurulum hizmeti
72151509	4	72151500		Enerji yönetimi kontrolleri kurulum hizmeti
72151510	4	72151500		Çevre sistemi kontrolü kurulum hizmeti
72151511	4	72151500		Aydınlatma sistemi bakım veya onarım hizmeti
72151514	4	72151500		Yedek veya acil güç bakım hizmeti
72151515	4	72151500		Elektrik muayene hizmeti
72151600	3	72150000		Özel iletişim sistemi hizmetleri
72151601	4	72151600		Kablolu televizyon kurulum hizmeti
72151602	4	72151600		Fiber optik kablo kurulum hizmeti
72151603	4	72151600		Özel ses ekipmanı kurulum hizmeti
72151604	4	72151600		Telefon ve telefon ekipmanı kurulum hizmeti
72151605	4	72151600		Ses ve veri ve video kablolama hizmeti
72151606	4	72151600		İletişim ekipmanları için yer altı mühendisliği
72151607	4	72151600		İletişim ekipmanları için yer üstü mühendisliği
72151608	4	72151600		Uydu sistemi bakım veya onarım hizmeti
72151609	4	72151600		Uydu sistemi merkezi (hub) destek hizmeti
72151700	3	72150000		Güvenlik ve emniyet sistemi kurulum hizmetleri
72151701	4	72151700		Geçiş kontrol sistemi kurulum hizmeti
72151702	4	72151700		Kapalı devre televizyon sistemi kurulum hizmeti
72151703	4	72151700		Yangın algılama ve hırsız alarmı sistemleri kurulum hizmeti
72151704	4	72151700		Güvenlik enstrümanlı sistem kurulum ve bakım hizmeti
72151800	3	72150000		Makine kurulum ve bakım ve onarım hizmetleri
72151801	4	72151800		Bankacılık makinesi kurulum ve bakımı
72151802	4	72151800		Makine bileşeni yenileme ve onarım hizmeti
72151803	4	72151800		Otomat (vending) makinesi kurulum ve bakım hizmeti
72151900	3	72150000		Duvarcılık ve taş işçiliği hizmetleri
72151901	4	72151900		Temel inşa hizmeti
72151903	4	72151900		Tuğla örme hizmeti
72151904	4	72151900		Baca inşaat ve bakım hizmeti
72151905	4	72151900		Beton blok duvarcılık hizmeti
72151906	4	72151900		Drenaj künkü döşeme hizmeti
72151907	4	72151900		Dış mermer duvarcılık hizmeti
72151908	4	72151900		Refrakter veya asit tuğlası duvarcılık hizmeti
72151909	4	72151900		Taş duvarcılık hizmeti
72151910	4	72151900		Harç derz dolgu veya restorasyon hizmeti
72151911	4	72151900		Parke taşı döşeme hizmeti
72152000	3	72150000		Sıva ve alçıpan hizmetleri
72152001	4	72152000		Alçıpan montaj ve onarım hizmeti
72152002	4	72152000		Fresk montaj ve onarım hizmeti
72152003	4	72152000		Şömine raf montaj ve onarım hizmeti
72152004	4	72152000		Düz veya süslü sıva hizmeti
72152005	4	72152000		Stucco (dış sıva) montaj ve onarım hizmeti
72152100	3	72150000		Akustik ve yalıtım hizmetleri
72152101	4	72152100		Akustik ve tavan işi hizmeti
72152102	4	72152100		Dış cephe yalıtım ve bitirme hizmeti
72152103	4	72152100		Bina yalıtım hizmeti
72152104	4	72152100		Güneş yansıtıcı yalıtım filmi hizmeti
72152200	3	72150000		Mozaik karo ve mermer ve mozaik hizmetleri
72152201	4	72152200		İç mermer montaj hizmeti
72152202	4	72152200		Mozaik oluşturma ve onarım hizmeti
72152203	4	72152200		Mozaik (terrazzo) montaj ve onarım hizmeti
72152204	4	72152200		Seramik karo montaj hizmeti
72152300	3	72150000		Marangozluk hizmetleri
72152301	4	72152300		Kaba marangozluk hizmeti
72152302	4	72152300		İnce marangozluk (bitirme) hizmeti
72152303	4	72152300		Dolap yapım ve montaj hizmeti
72152400	3	72150000		Pencere ve kapı montaj ve kurulum hizmetleri
72152401	4	72152400		Garaj kapısı montaj veya kurulum hizmeti
72152402	4	72152400		Prefabrik pencere ve kapı montaj hizmeti
72152403	4	72152400		Giriş ve çıkış çerçeveleme hizmeti
72152404	4	72152400		Metal dik kayıt (stud) montaj hizmeti
72152405	4	72152400		Mağaza armatürü montaj hizmeti
72152500	3	72150000		Zemin döşeme hizmetleri
72152501	4	72152500		Yükseltilmiş döşeme sistemi montaj hizmeti
72152502	4	72152500		Asfalt karo montaj hizmeti
72152503	4	72152500		Halı döşeme hizmeti
72152504	4	72152500		Seramik yer karosu montaj hizmeti
72152505	4	72152500		Muşamba (linolyum) montaj hizmeti
72152506	4	72152500		Esnek zemin döşeme hizmeti
72152507	4	72152500		Vinil yer karosu ve tabaka montaj hizmeti
72152508	4	72152500		Ahşap zemin montaj ve yenileme hizmeti
72152509	4	72152500		Zemin tesviye hizmeti
72152600	3	72150000		Çatı kaplama ve cephe kaplama ve sac işleri hizmetleri
72152601	4	72152600		Çatı kaplama hizmeti
72152602	4	72152600		Oluk ve yağmur borusu hizmeti
72152603	4	72152600		Çatı penceresi montaj hizmeti
72152604	4	72152600		Mimari sac işleri hizmeti
72152605	4	72152600		Tavan kurulum ve onarım hizmeti
72152606	4	72152600		Cephe kaplama montaj ve onarım hizmeti
72152607	4	72152600		Oluk (chute) montaj hizmeti
72152700	3	72150000		Beton montaj ve onarım hizmetleri
72152701	4	72152700		Dış cephe beton sıva (stucco) hizmeti
72152702	4	72152700		Derz dolgu (grouting) hizmeti
72152703	4	72152700		Püskürtme beton (gunite) montaj hizmeti
72152704	4	72152700		Bordür inşaat hizmeti
72152705	4	72152700		Kaldırım veya rampa inşaat hizmeti
72152706	4	72152700		Araç yolu (driveway) inşaat hizmeti
72152707	4	72152700		İstinat duvarı inşaat hizmeti
72152708	4	72152700		Otopark inşaat hizmeti
72152709	4	72152700		Beton pompalama hizmeti
72152710	4	72152700		Temel ve taban inşaat hizmeti
72152711	4	72152700		Beton avlu (patio) inşaat hizmeti
72152800	3	72150000		Su kuyusu sondaj hizmetleri
72152801	4	72152800		Evsel su kuyusu sondaj hizmeti
72152802	4	72152800		Jeotermal su kuyusu sondaj hizmeti
72152900	3	72150000		Çelik yapı montaj hizmetleri
72152901	4	72152900		Metal bina cephe montaj hizmeti
72152902	4	72152900		Beton donatı yerleştirme hizmeti
72152903	4	72152900		Asansör cephe montaj hizmeti
72152904	4	72152900		Dış metal duvar sistemi montaj hizmeti
72152905	4	72152900		Yapısal demir işi hizmeti
72152906	4	72152900		Metal lata ve çıta (furring) hizmeti
72152907	4	72152900		Prekast beton yapısal çerçeve paneli yerleştirme hizmeti
72152908	4	72152900		Baca (smoke stack) montaj hizmeti
72152909	4	72152900		Metal depolama tankı montaj hizmeti
72153000	3	72150000		Cam ve cam montaj hizmetleri
72153001	4	72153000		Balistik dirençli cam montaj hizmeti
72153002	4	72153000		Cam montaj ve onarım hizmeti
72153100	3	72150000		Atletik ve rekreasyon tesisi inşaat hizmetleri
72153101	4	72153100		Bowling salonu kurulum hizmeti
72153102	4	72153100		Kapalı spor sahası inşaat hizmeti
72153103	4	72153100		Oyun alanı inşaat ve ekipman kurulum hizmeti
72153104	4	72153100		Spa veya jakuzi inşaat ve kurulum hizmeti
72153105	4	72153100		Yüzme havuzu inşaat hizmeti
72153106	4	72153100		Atletik saha inşaat hizmeti
72153107	4	72153100		Golf sahası inşaat hizmeti
72153108	4	72153100		Tenis kortu inşaat hizmeti
72153200	3	72150000		Kaplama ve derz dolgu ve hava su ve yangın koruma hizmetleri
72153201	4	72153200		Beton yapıların plastik kaplama hizmeti
72153202	4	72153200		Metal yapı kaplama hizmeti
72153203	4	72153200		Korozyon kontrol hizmeti
72153204	4	72153200		Nem yalıtım (damp proofing) hizmeti
72153205	4	72153200		Derz dolgu (caulking) hizmeti
72153206	4	72153200		Bina yangın koruma hizmeti
72153207	4	72153200		Beton yüzeylerin parlatma (glazing) hizmeti
72153208	4	72153200		Boru ve kazanların yalıtım hizmeti
72153209	4	72153200		Su yalıtımı hizmeti
72153300	3	72150000		Servis istasyonu ekipmanı kurulum ve bakım hizmetleri
72153301	4	72153300		Benzin pompası kurulum hizmeti
72153302	4	72153300		Dizel pompası kurulum hizmeti
72153303	4	72153300		Servis istasyonu ekipmanı bakım ve/veya onarım hizmeti
72153400	3	72150000		Donanım (rigging) ve iskele hizmetleri
72153401	4	72153400		Sapanlama (rigging) hizmetleri
72153402	4	72153400		İskele hizmetleri
72153500	3	72150000		Yapısal dış cephe temizleme hizmetleri
72153501	4	72153500		Bina dış cephe temizleme hizmeti
72153502	4	72153500		Bina dış cephe kumlama hizmeti
72153503	4	72153500		Bina dış cephe buharlı temizleme hizmeti
72153504	4	72153500		Yüksek basınçlı su püskürtme
72153505	4	72153500		Şantiye temizlik hizmeti
72153506	4	72153500		Yeni bina inşaat sonrası temizlik hizmeti
72153507	4	72153500		Şantiye atık taşıma hizmeti
72153600	3	72150000		İç bitirme ve döşeme ve tadilat hizmetleri
72153601	4	72153600		Küvet yenileme ve onarım hizmeti
72153602	4	72153600		Dolap düzenleyici montaj ve onarım hizmeti
72153603	4	72153600		Tezgah üstü montaj hizmeti
72153604	4	72153600		Perde rayı montaj hizmeti
72153605	4	72153600		Mutfak ve banyo tadilat hizmeti
72153606	4	72153600		Ofis mobilyası montaj hizmeti
72153607	4	72153600		Plastik duvar karosu montaj hizmeti
72153608	4	72153600		Pencere düzenleme montaj hizmeti
72153609	4	72153600		Evsel veya ticari beyaz eşya montaj hizmeti
72153610	4	72153600		Prefabrik şömine montaj hizmeti
72153611	4	72153600		Mutfak dolabı montaj hizmeti
72153612	4	72153600		İç mimari veya dekorasyon
72153613	4	72153600		Ofis mobilyası kiralama ve bakım hizmeti
72153700	3	72150000		Otopark tesisi inşaat ve ekipman kurulum ve bakım ve onarım hizmetleri
72153701	4	72153700		Otopark tesisi ekipmanı kurulumu
72153702	4	72153700		Otopark bakımı
72153900	3	72150000		İnşaat sahası hazırlama hizmetleri
72153901	4	72153900		İksa ve temel altı destekleme (underpinning) işi
72153902	4	72153900		Prefabrik ev sahası kurulumu ve sabitleme
72154000	3	72150000		Özel yapı ve esnaf hizmetleri
72154001	4	72154000		Anten montaj hizmeti
72154002	4	72154000		Suni çim montaj hizmeti
72154003	4	72154000		Tente montaj hizmeti
72154004	4	72154000		Bina taşıma hizmeti
72154005	4	72154000		Kablo ekleme hizmeti
72154006	4	72154000		Karot sondaj ve kesme hizmeti
72154007	4	72154000		Su tahliye (dewatering) hizmeti
72154008	4	72154000		Elmas sondaj ve kesme hizmeti
72154009	4	72154000		Endüstriyel rıhtım ve rıhtım ekipmanı montaj hizmeti
72154010	4	72154000		Asansör kurulum bakım ve onarım hizmeti
72154011	4	72154000		Epoksi uygulama hizmeti
72154012	4	72154000		Beton kalıp kurma ve sökme hizmeti
72154013	4	72154000		Çit inşaat hizmeti
72154014	4	72154000		Cam elyaf montaj ve bakım hizmeti
72154015	4	72154000		Yangın merdiveni montaj hizmeti
72154016	4	72154000		Geçit töreni platformu (float) inşaat hizmeti
72154017	4	72154000		Yemek servisi ekipmanı montaj hizmeti
72154018	4	72154000		Çeşme (fountain) montaj hizmeti
72154019	4	72154000		Gaz kaçağı tespit hizmeti
72154020	4	72154000		Tıbbi gaz sistemi kurulum hizmeti
72154021	4	72154000		Cam renklendirme hizmeti
72154022	4	72154000		Hidrolik ekipman kurulum ve bakım hizmeti
72154023	4	72154000		Paratoner montaj hizmeti
72154024	4	72154000		Süslü metal ve demir işi hizmeti
72154025	4	72154000		Petrol depolama tankı pompalama ve boşaltma hizmeti
72154026	4	72154000		Hidrojen hücresi yakıt ikmali hizmeti
72154027	4	72154000		Direk çukuru kazma hizmeti
72154028	4	72154000		Tabela montaj ve bakım hizmeti
72154029	4	72154000		Çan kulesi (steeple) montaj ve onarım hizmeti
72154030	4	72154000		Kule çanı montaj ve onarım hizmeti
72154031	4	72154000		Yerinde kaynak hizmeti
72154032	4	72154000		Pencere ve kapı ve sineklik montaj ve onarım hizmeti
72154033	4	72154000		Tiyatro aksesuarı veya seti veya dekor inşaat kurulum ve onarım hizmeti
72154034	4	72154000		Yer altı petrol depolama tankı kurulum hizmeti
72154035	4	72154000		Nükleer enerji yakıt ikmali hizmeti
72154036	4	72154000		Merkezi vakumlu temizleme sistemi kurulum hizmeti
72154037	4	72154000		Kasa veya kasa odası montaj hizmeti
72154038	4	72154000		Bilgisayar odası için hava dalgası kalkanı kurulum hizmeti
72154039	4	72154000		Bina kapatma (board up) hizmeti
72154040	4	72154000		Yer altı koruyucu astar montaj hizmeti
72154041	4	72154000		Hedef sistemleri kurulum hizmeti
72154042	4	72154000		Bayrak direği montaj hizmeti
72154043	4	72154000		Endüstriyel ve ticari püskürtme hizmeti
72154044	4	72154000		Su yontma veya kullanım hizmeti
72154045	4	72154000		Yer altı su seviyesi düşürme hizmeti
72154046	4	72154000		Yürüyen merdiven kurulum hizmeti
72154047	4	72154000		Kaldırma masası hizmeti
72154048	4	72154000		Balkon ve dış yürüme yolu hizmeti
72154049	4	72154000		Güneşlik (sun screen) hizmeti
72154050	4	72154000		Alışveriş arabası bakım veya onarım hizmeti
72154051	4	72154000		Mezar taşınma hizmeti
72154052	4	72154000		Felaket sonrası yenileme ve onarım hizmeti
72154053	4	72154000		Yayın istasyonu onarım hizmeti
72154054	4	72154000		Katalizör yükleme veya çıkarma hizmeti
72154055	4	72154000		Tank temizleme hizmeti
72154056	4	72154000		Tank bakım veya onarım hizmeti
72154057	4	72154000		Depolama tankı kiralama hizmeti
72154058	4	72154000		Tank ve hat test hizmeti
72154059	4	72154000		Kaçak tespit sızdırmazlık ve onarım hizmeti
72154060	4	72154000		Gaz alma (degassing) hizmeti
72154061	4	72154000		Hava filtrasyon hizmeti
72154062	4	72154000		Sıcak musluk (hot tapping) hizmeti
72154063	4	72154000		Tıkaç veya hat durdurma hizmeti
72154064	4	72154000		Taşınabilir aydınlatma ekipmanı kiralama hizmeti
72154065	4	72154000		Elektrikli kopyalama ekipmanı bakımı
72154066	4	72154000		Genel ofis ekipmanı bakımı
72154067	4	72154000		Geçici tiyatro sahnesi ve platformu kiralama ve kurulum
72154068	4	72154000		Grafiti temizleme ve müdahale hizmeti
72154069	4	72154000		Çit ve korkuluk hizmeti
72154100	3	72150000		Dağıtım ve şartlandırma sistemi ekipmanı bakım ve onarım hizmetleri
72154101	4	72154100		Hava kompresörü kiralama ve bakım hizmeti
72154102	4	72154100		Isı eşanjörü bakım veya onarım hizmeti
72154103	4	72154100		Döner pompa bakım veya onarım hizmeti
72154104	4	72154100		Dişli kutusu bakım ve onarım hizmeti
72154105	4	72154100		Kontrol vanası bakım ve onarım hizmeti
72154106	4	72154100		Pistonlu kompresör kiralama ve bakım hizmeti
72154107	4	72154100		Santrifüj kompresör kiralama ve bakım hizmeti
72154108	4	72154100		Pistonlu pompa bakım veya onarım hizmeti
72154109	4	72154100		Santrifüj pompa bakım veya onarım hizmeti
72154110	4	72154100		Kanatlı fanlı soğutma kulesi bakım ve onarım hizmeti
72154200	3	72150000		Enstrümantasyon kurulum bakım ve onarım hizmetleri
72154201	4	72154200		Cihaz veya sayaç bakım ve onarım hizmeti
72154300	3	72150000		Tahrik ve elektrik gücü üretim ekipmanı bakım ve onarım hizmetleri
72154301	4	72154300		Türbin ekipmanı bakım veya onarım hizmeti
72154302	4	72154300		Motor kurulum ve bakım hizmeti
72154303	4	72154300		Buhar türbini bakım hizmeti
72154400	3	72150000		Boru montaj imalat ve bakım hizmetleri
72154401	4	72154400		Boru montaj imalat hizmeti
72154402	4	72154400		Boru montaj bakım veya onarım hizmeti
72154500	3	72150000		Ağır ekipman kurulum ve bakım hizmetleri
72154501	4	72154500		Ağır ekipman bakım ve onarım hizmeti
72154502	4	72154500		Vinç bakım ve onarım hizmeti
72154503	4	72154500		Vinç kiralama hizmeti
72154600	3	72150000		Hayvan yaşam alanı ve muhafazası inşaat ve bakım hizmetleri
72154601	4	72154600		Kuşlar ve uçan türler için hayvanat bahçesi yaşam alanı ve muhafazası inşaatı
72154602	4	72154600		Böcekler ve omurgasızlar için hayvanat bahçesi yaşam alanı ve muhafazası inşaatı
72154603	4	72154600		Kara memelileri ve primatlar için hayvanat bahçesi yaşam alanı ve muhafazası inşaatı
72154604	4	72154600		Suda yaşayan ve amfibi türler için hayvanat bahçesi yaşam alanı ve muhafazası inşaatı
72154605	4	72154600		Sürüngenler için hayvanat bahçesi yaşam alanı ve muhafazası inşaatı
73000000	1		J	Endüstriyel Üretim ve İmalat Hizmetleri
73100000	2	73000000		Plastik ve kimya endüstrileri
73101600	3	73100000		Kimyasal ve gübre üretimi
73110000	2	73000000		Ahşap ve kağıt endüstrileri
73111500	3	73110000		Ahşap işleme
73120000	2	73000000		Metal ve mineral endüstrileri
73130000	2	73000000		Gıda ve içecek endüstrileri
73131500	3	73130000		İçecek işleme
73131600	3	73130000		Et ve kümes hayvanı ve deniz ürünleri işleme
73131700	3	73130000		Meyve ve sebze işleme
73131800	3	73130000		Süt ürünleri ve yumurta işleme
73131900	3	73130000		Tahıl ve şeker ve yağlar işleme
73140000	2	73000000		Lif ve tekstil ve kumaş endüstrileri
73141500	3	73140000		Lif üretimi
73141600	3	73140000		İplik ve büküm iplik işleme
73141700	3	73140000		Kumaş ve deri üretimi
73141715	4	73141700		Endüstriyel dikiş hizmetleri
73150000	2	73000000		İmalat destek hizmetleri
73151500	3	73150000		Montaj hizmetleri
73151501	4	73151500		Montaj hattı işi
73151502	4	73151500		Derz dolgu (sızdırmazlık) hizmetleri
73151600	3	73150000		Ambalaj hizmetleri
73151700	3	73150000		Malzeme işleme
73151800	3	73150000		Dönüştürme (converting) hizmetleri
73151900	3	73150000		Endüstriyel baskı hizmetleri
73152000	3	73150000		Dolum Hizmetleri
73152100	3	73150000		İmalat ekipmanı bakım ve onarım hizmetleri
73152101	4	73152100		İmalat ekipmanı bakım hizmetleri
73152102	4	73152100		İmalat ekipmanı onarım hizmetleri
73152103	4	73152100		Mühendislik ekipmanı bakım hizmetleri
73152104	4	73152100		Ambalaj ekipmanı bakım ve onarım hizmeti
73152105	4	73152100		Test ekipmanı yenileme
73152106	4	73152100		Pişirme ve ısıtma ekipmanı bakım ve onarım hizmeti
73152107	4	73152100		Talaşlı imalat ekipmanı yeniden yapım ve yenileme hizmeti
73152108	4	73152100		Elektrikli ekipman bakım ve onarım hizmeti
73152109	4	73152100		Endüstriyel tartı bakım ve kiralama hizmeti
73152112	4	73152100		Vana veya vana parçası test bakım veya onarım hizmeti
73160000	2	73000000		Makine ve ulaşım ekipmanları imalatı
73161500	3	73160000		Makine imalatı
73161600	3	73160000		Ulaşım ekipmanları imalatı
73170000	2	73000000		Elektrikli ürünler ve hassas cihazlar imalatı
73171500	3	73170000		Elektrikli ürünler imalatı
73171501	4	73171500		Güç üretim veya iletim veya dağıtım ekipmanları imalat hizmetleri
73171502	4	73171500		Kuru veya depolama pili imalat hizmetleri
73171503	4	73171500		Elektrikli alet imalat hizmetleri
73171504	4	73171500		Ölçme veya test cihazları imalat hizmetleri
73171506	4	73171500		İletişim ekipmanları imalat hizmetleri
73171507	4	73171500		Elektrikli ev aletleri imalat hizmetleri
73171510	4	73171500		Elektrik aksesuarları veya malzemeleri imalat hizmetleri
73171511	4	73171500		Elektronik ekipman imalat hizmetleri
73171512	4	73171500		Elektronik bilgisayar veya veri işleme ekipmanları imalat hizmetleri
73171600	3	73170000		Hassas cihaz imalatı
73171602	4	73171600		Tıbbi veya dental ekipman imalat hizmetleri
73171605	4	73171600		Laboratuvar ekipmanı imalat hizmetleri
73180000	2	73000000		Talaşlı imalat ve işleme hizmetleri
73181100	3	73180000		Kaplama hizmetleri
73181103	4	73181100		Sarma hizmetleri
76000000	1		J	Endüstriyel Temizlik Hizmetleri
76100000	2	76000000		Dekontaminasyon hizmetleri
76101500	3	76100000		Dezenfeksiyon
76101600	3	76100000		Tehlikeli madde dekontaminasyonu
76101601	4	76101600		Radyoaktif dekontaminasyon hizmetleri
76101602	4	76101600		Asbest sökme veya kapsülleme
76110000	2	76000000		Temizlik ve janitör hizmetleri
76111500	3	76110000		Genel bina ve ofis temizliği ve bakım hizmetleri
76111501	4	76111500		Bina temizlik hizmetleri
76111503	4	76111500		Aydınlatma bakım hizmetleri
76111504	4	76111500		Pencere veya jaluzi temizleme hizmetleri
76111505	4	76111500		Kumaş ve mobilya temizleme hizmetleri
76111506	4	76111500		İç mekan bitki peyzaj hizmetleri
76111507	4	76111500		Parklar ve açık hava kamu mekanları için temizlik hizmetleri
76111600	3	76110000		Bina bileşeni temizleme hizmetleri
76111601	4	76111600		Akustik karo veya tavan temizleme hizmetleri
76111602	4	76111600		Hava kanalı temizleme
76111603	4	76111600		Baca temizleme
76111604	4	76111600		Yer cilalama veya halı temizleme
76111605	4	76111600		Egzoz davlumbazı veya fan temizleme
76111800	3	76110000		Ulaşım aracı temizliği
76111801	4	76111800		Otomobil veya tekne detaylı temizliği
76120000	2	76000000		Atık bertarafı ve arıtımı
76121500	3	76120000		Atık toplama ve bertarafı
76121501	4	76121500		Çöp toplama veya imha veya işleme veya bertarafı
76121502	4	76121500		Sıvı atık toplama veya işleme veya bertarafı
76121503	4	76121500		Cadde temizleme hizmetleri
76121504	4	76121500		Lastik toplama ve bertaraf
76121505	4	76121500		İnorganik atık toplama ve bertaraf
76121506	4	76121500		Terk edilmiş araç çekme ve bertaraf hizmeti
76121507	4	76121500		Etkinlik sonrası çöp toplama ve temizleme hizmeti
76121600	3	76120000		Tehlikesiz atık bertarafı
76121601	4	76121600		Çöp döküm sahası
76121602	4	76121600		Düzenli depolama (katı atık) operasyonları
76121603	4	76121600		Çamur bertarafı
76121604	4	76121600		Ölü hayvan bertaraf hizmetleri
76121700	3	76120000		Sıvı atık arıtımı
76121701	4	76121700		Kanalizasyon arıtma hizmetleri
76121702	4	76121700		Kimyasal arıtma hizmetleri
76121800	3	76120000		Atık arıtımı
76121900	3	76120000		Tehlikeli atık bertarafı
76121901	4	76121900		Tıbbi atık bertarafı
76121902	4	76121900		Asit atık toplama veya bertarafı
76121903	4	76121900		Kimyasal detoksifikasyon
76121904	4	76121900		Tehlikeli atık su bertarafı
76121905	4	76121900		İnorganik tehlikeli atık toplama ve bertaraf
76122000	3	76120000		Düzenli depolama (çöp sahası) hizmetleri
76122001	4	76122000		Tehlikesiz genel atık için düzenli depolama
76122002	4	76122000		Tehlikesiz özel atık için düzenli depolama
76122003	4	76122000		Tehlikeli atık için düzenli depolama
76122004	4	76122000		Düşük riskli tehlikeli veya evrensel atık için düzenli depolama
76122100	3	76120000		Atıktan yakıta karıştırma hizmetleri
76122200	3	76120000		Atık yakma hizmetleri
76122300	3	76120000		Geri dönüşüm hizmetleri
76122400	3	76120000		Çöp bertaraf ve işleme ücretleri
76122407	4	76122400		Çöp taşıma ücreti
76130000	2	76000000		Toksik ve tehlikeli atık temizliği
76131500	3	76130000		Nükleer atık arıtımı
76131600	3	76130000		Toksik sızıntı temizliği
76131700	3	76130000		Petrol sızıntısı temizliği
77000000	1		J	Çevre Hizmetleri
77100000	2	77000000		Çevre yönetimi
77101500	3	77100000		Çevresel etki değerlendirmesi
77101501	4	77101500		Risk veya tehlike değerlendirmesi
77101502	4	77101500		Çevre standartları
77101503	4	77101500		Çevresel gösterge analizi
77101504	4	77101500		Çevresel Etki Değerlendirmesi ÇED hizmetleri
77101505	4	77101500		Çevresel izleme
77101506	4	77101500		Geliştirme onayı veya izin işleme hizmeti
77101600	3	77100000		Çevresel planlama
77101601	4	77101600		Kentsel çevre geliştirme planlaması
77101602	4	77101600		Orman koruma stratejisi planlaması
77101603	4	77101600		Deniz koruma stratejisi planlaması
77101604	4	77101600		Doğal kaynak yönetimi veya koruma stratejisi planlama hizmetleri
77101605	4	77101600		Çevresel kurum oluşturma veya planlama
77101700	3	77100000		Çevresel danışmanlık hizmetleri
77101701	4	77101700		Çevre bilimleri danışmanlık hizmetleri
77101702	4	77101700		Çevre kimyası danışmanlık hizmetleri
77101703	4	77101700		Çevre etiği danışmanlık hizmetleri
77101704	4	77101700		Çevre teknolojisi danışmanlık hizmetleri
77101705	4	77101700		Çevre ekonomisi danışmanlık hizmetleri
77101706	4	77101700		Çevre hukuku danışmanlık hizmetleri
77101707	4	77101700		Ekoloji danışmanlık hizmetleri
77101800	3	77100000		Çevresel denetim
77101801	4	77101800		Çevresel bilgi sistemleri
77101802	4	77101800		Kurumsal çevresel denetim hizmetleri
77101803	4	77101800		Sektörel çevresel denetim hizmetleri
77101804	4	77101800		Faaliyete özel çevresel denetim hizmetleri
77101805	4	77101800		Çevresel kalite kontrol hizmetleri
77101806	4	77101800		Çevresel güvenlik kontrol hizmetleri
77101900	3	77100000		Kirlilik araştırma hizmetleri
77101901	4	77101900		Endüstriyel saha araştırması
77101902	4	77101900		Endüstriyel atık sahası araştırması
77101903	4	77101900		Havagazı fabrikası saha araştırması
77101904	4	77101900		Kimya fabrikası veya petrol rafinerisi atık sahası araştırması
77101905	4	77101900		Ahşap işleme tesisi saha araştırması
77101906	4	77101900		Petrol deposu veya terminali saha araştırması
77101907	4	77101900		Kuru temizleme tesisleri saha araştırması
77101908	4	77101900		Döküm tesisi saha araştırması
77101909	4	77101900		Geri dönüşüm tesisi saha araştırması
77101910	4	77101900		Gıda işleme tesisi saha araştırması
77102000	3	77100000		Çevresel raporlama hizmetleri
77102002	4	77102000		Emisyon raporlama uyumluluk hizmeti
77102004	4	77102000		Atık üretimi veya bertarafı raporlama hizmeti
77110000	2	77000000		Çevre koruma
77111500	3	77110000		Çevresel güvenlik hizmetleri
77111501	4	77111500		Peyzaj koruma hizmetleri
77111502	4	77111500		Ozon koruma hizmetleri
77111503	4	77111500		Gıda veya yem kontaminasyonu koruma hizmetleri
77111504	4	77111500		Genetik kaynak koruma hizmetleri
77111505	4	77111500		Toksik madde koruma hizmetleri
77111506	4	77111500		Radyasyon koruma hizmetleri
77111507	4	77111500		Nesli tükenmekte olan türleri koruma hizmetleri
77111508	4	77111500		Doğal risk veya tehlike koruma hizmetleri
77111600	3	77110000		Çevresel rehabilitasyon
77111601	4	77111600		Endüstriyel saha rehabilitasyonu
77111602	4	77111600		Çevresel dekontaminasyon hizmetleri
77111603	4	77111600		Arazi rehabilitasyon hizmetleri
77120000	2	77000000		Kirlilik izleme ve gözlemleme ve rehabilitasyon
77121500	3	77120000		Hava kirliliği
77121501	4	77121500		Hava kalitesi yönetimi
77121503	4	77121500		Hava kirliliği koruma hizmetleri
77121504	4	77121500		Hava kirliliği izleme veya ölçüm hizmetleri
77121600	3	77120000		Toprak kirliliği
77121601	4	77121600		Toprak kirliliği koruma hizmetleri
77121602	4	77121600		Kirlenmiş toprak sökme hizmetleri
77121603	4	77121600		Kirlenmiş toprak arıtma veya rehabilitasyonu
77121604	4	77121600		Toprak kirliliği danışmanlık hizmetleri
77121605	4	77121600		Toprak kirliliği haritalaması
77121606	4	77121600		Toprak kirliliği ölçümü veya izlenmesi
77121607	4	77121600		Organik gübre kirliliği değerlendirmesi
77121608	4	77121600		Pestisit kirliliği değerlendirmesi
77121609	4	77121600		Nitrat kirliliği değerlendirmesi
77121610	4	77121600		Fosfat kirliliği değerlendirmesi
77121700	3	77120000		Su kirliliği
77121701	4	77121700		Yüzey suyu kirliliği izleme veya kontrol hizmetleri
77121702	4	77121700		Yüzey suyu kirliliği rehabilitasyon hizmetleri
77121703	4	77121700		Yüzey suyu kirliliği koruma hizmetleri
77121704	4	77121700		Yüzey suyu arıtma hizmetleri
77121705	4	77121700		Yüzey suyu kirliliği drenaj hizmetleri
77121706	4	77121700		Sınır ötesi su kirliliği yönetimi veya kontrol hizmetleri
77121707	4	77121700		Yer altı suyu kirliliği izleme veya kontrol hizmetleri
77121708	4	77121700		Yer altı suyu kirliliği drenaj hizmetleri
77121709	4	77121700		Yer altı suyu kirliliği arıtma veya rehabilitasyonu
77130000	2	77000000		Kirleticileri izleme ve gözlemleme ve iyileştirme hizmetleri
77131500	3	77130000		Petrol kirliliği
77131501	4	77131500		Petrol sızıntısı izleme hizmetleri
77131502	4	77131500		Petrol sızıntısı kontrol hizmetleri
77131503	4	77131500		Petrol sızıntısı rehabilitasyon hizmetleri
77131600	3	77130000		Gürültü kirliliği
77131601	4	77131600		Gürültü kontrol hizmetleri
77131602	4	77131600		Gürültü kirliliği koruma hizmetleri
77131603	4	77131600		Gürültü kirliliği izleme hizmetleri
77131604	4	77131600		Gürültü kirliliği danışmanlık hizmetleri
77131700	3	77130000		Toksik madde kirliliği
77140000	2	77000000		Çevre laboratuvarı hizmetleri
78000000	1		J	Ulaştırma ve Depolama ve Posta Hizmetleri
78100000	2	78000000		Posta ve kargo taşımacılığı
78101500	3	78100000		Hava kargo taşımacılığı
78101501	4	78101500		İç hat hava kargo taşımacılığı
78101502	4	78101500		Uluslararası hava kargo taşımacılığı
78101503	4	78101500		Zırhlı hava taşımacılığı
78101504	4	78101500		Mektup ve koli hava taşımacılığı
78101505	4	78101500		Çiftlik hayvanı veya canlı hayvan hava taşımacılığı
78101600	3	78100000		Demiryolu kargo taşımacılığı
78101601	4	78101600		Kapalı vagon taşıma hizmetleri
78101602	4	78101600		Dökme kargo demiryolu taşıma hizmetleri
78101603	4	78101600		Canlı hayvan demiryolu taşımacılığı
78101604	4	78101600		Araç taşıma hizmetleri
78101608	4	78101600		Mektup ve koli demiryolu taşıma hizmetleri
78101609	4	78101600		Tanker vagonuyla demiryolu taşımacılığı
78101610	4	78101600		Soğutmalı vagonla demiryolu taşımacılığı
78101700	3	78100000		Deniz kargo taşımacılığı
78101701	4	78101700		İç gemi taşıma hizmetleri
78101702	4	78101700		Uluslararası gemi taşıma hizmetleri
78101703	4	78101700		İç mavna taşıma hizmetleri
78101704	4	78101700		Uluslararası mavna taşıma hizmetleri
78101708	4	78101700		Soğutmalı gemilerle iç su taşımacılığı
78101709	4	78101700		Tankerlerle kıyı ve okyanus ötesi taşımacılık
78101710	4	78101700		Soğutmalı gemilerle kıyı ve okyanus ötesi su taşımacılığı
78101800	3	78100000		Karayolu kargo taşımacılığı
78101801	4	78101800		Yerel alan kamyon taşıma hizmetleri
78101802	4	78101800		Bölgesel veya ulusal kamyon taşıma hizmetleri
78101803	4	78101800		Araç taşıyıcı hizmetleri
78101804	4	78101800		Taşınma hizmetleri
78101808	4	78101800		Kuru dökme yük karayolu taşımacılığı
78101809	4	78101800		Mektup ve koli karayolu taşımacılığı
78101810	4	78101800		Çiftlik hayvanı veya canlı hayvan karayolu taşımacılığı
78101900	3	78100000		İntermodal kargo taşımacılığı
78101901	4	78101900		Hava-deniz taşımacılığı
78101902	4	78101900		Deniz-demiryolu taşımacılığı
78101903	4	78101900		Deniz-kamyon taşımacılığı
78101904	4	78101900		Hava-kamyon taşımacılığı
78101905	4	78101900		Ray-kamyon taşımacılığı
78102000	3	78100000		Uzay aracı kargo taşımacılığı
78102100	3	78100000		Boru hattı hizmetleri
78102101	4	78102100		Petrol ürünleri taşımacılığı
78102102	4	78102100		Su taşımacılığı
78102103	4	78102100		Boru hattı hat içi muayene hizmeti
78102200	3	78100000		Posta ve küçük koli ve kurye hizmetleri
78102201	4	78102200		Ulusal posta dağıtım hizmetleri
78102202	4	78102200		Posta kutusu hizmetleri
78102203	4	78102200		Posta veya posta alma veya teslim hizmetleri
78102204	4	78102200		Dünya çapında mektup veya küçük koli teslim hizmetleri
78102205	4	78102200		Yerel mektup veya küçük koli teslim hizmetleri
78102206	4	78102200		Bisikletli veya skuterli kurye hizmetleri
78110000	2	78000000		Yolcu taşımacılığı
78111500	3	78110000		Yolcu hava taşımacılığı
78111501	4	78111500		Helikopter hizmetleri
78111502	4	78111500		Ticari uçak seyahati
78111503	4	78111500		Kiralık uçak seyahati
78111504	4	78111500		Hava yoluyla şehir turu hizmeti
78111505	4	78111500		Yolcu uçağı kiralama hizmeti
78111506	4	78111500		Hava ambulansı ile tıbbi tahliye
78111600	3	78110000		Yolcu demiryolu taşımacılığı
78111601	4	78111600		Hafif raylı sistem LRV taşıma hizmetleri
78111602	4	78111600		Metro taşımacılığı
78111603	4	78111600		Kıtasal veya kıtalararası demiryolu hizmetleri
78111700	3	78110000		Yolcu deniz taşımacılığı
78111701	4	78111700		Deniz taksileri
78111702	4	78111700		Gece konaklamalı gemi turları
78111704	4	78111700		Deniz aracı kiralama hizmeti
78111705	4	78111700		Petrol ve gaz açık deniz platformu personel taşıma hizmeti
78111706	4	78111700		Feribotla kıyı ve okyanus ötesi yolcu taşımacılığı
78111707	4	78111700		Feribotla iç su yolcu taşımacılığı
78111800	3	78110000		Yolcu karayolu taşımacılığı
78111802	4	78111800		Tarifeli otobüs hizmetleri
78111803	4	78111800		Kiralık otobüs hizmetleri
78111804	4	78111800		Taksi hizmetleri
78111807	4	78111800		Otopark ücretleri
78111808	4	78111800		Araç kiralama
78111809	4	78111800		Sedan veya kupe veya steyşın araç kiralama
78111810	4	78111800		Limuzin veya şehir aracı hizmeti
78111811	4	78111800		Hafif kamyon ve spor amaçlı araç kiralama
78111812	4	78111800		Yolcu vanı veya minivan kiralama
78111813	4	78111800		Demiryolu hariç kara yoluyla şehir turu hizmeti
78111814	4	78111800		İnsan veya hayvan çekişli araçla karayolu yolcu taşımacılığı
78111815	4	78111800		Ambulansla tıbbi tahliye
78111900	3	78110000		Uzay taşımacılığı
78120000	2	78000000		Malzeme paketleme ve taşıma
78121500	3	78120000		Paketleme
78121501	4	78121500		Malların konteynerleştirilmesi
78121600	3	78120000		Malzeme taşıma hizmetleri
78121601	4	78121600		Yük yükleme veya boşaltma
78121603	4	78121600		Navlun ücreti
78130000	2	78000000		Depolama
78131500	3	78130000		Tarım ürünleri depolaması
78131501	4	78131500		Silo hizmetleri
78131502	4	78131500		Tahıl elevatörü hizmetleri
78131600	3	78130000		Genel mal depolaması
78131601	4	78131600		Paletli kargo depolaması
78131602	4	78131600		Dosya arşiv depolaması
78131603	4	78131600		Mobilya depolama
78131700	3	78130000		Dökme depolama
78131701	4	78131700		Yer altı depolama hizmetleri
78131702	4	78131700		Yer üstü depolama veya tanklama hizmeti
78131800	3	78130000		Özelleşmiş depolama ve saklama
78131801	4	78131800		Soğuk hava depolaması
78131802	4	78131800		Gümrük antrepo depolama hizmetleri
78131803	4	78131800		Tehlikeli madde depolaması
78131804	4	78131800		Belge depolama hizmetleri
78131806	4	78131800		Kişisel depolama veya mini depolama hizmeti
78131807	4	78131800		Kritik yedek parça depolama hizmeti
78140000	2	78000000		Ulaştırma hizmetleri
78141500	3	78140000		Taşımacılık düzenleme hizmetleri
78141501	4	78141500		Nakliye komisyonculuğu hizmetleri
78141502	4	78141500		Gümrük müşavirliği hizmetleri
78141503	4	78141500		Taşımacılık endüstrisi tarife karşılaştırma veya navlun denetim hizmetleri
78141504	4	78141500		Tedarikçi veya satıcı yönetimli navlun ve yeniden faturalama
78141505	4	78141500		Ticari ve özel araçlar için çekme hizmeti
78141510	4	78141500		Sigorta dahil navlun hizmetleri
78141600	3	78140000		Muayene
78141601	4	78141600		Paketleme muayene hizmetleri
78141602	4	78141600		Kargo gözetim hizmetleri
78141603	4	78141600		Zararlı kontrol muayeneleri
78141700	3	78140000		Seyrüsefer hizmetleri
78141701	4	78141700		Römorkör hizmetleri
78141702	4	78141700		Açılır köprü operasyonları
78141703	4	78141700		Deniz seyrüsefer veya iletişim hizmetleri
78141704	4	78141700		Ölü adam ankraj hizmeti
78141800	3	78140000		Terminal hizmetleri
78141801	4	78141800		Yükleme boşaltma (istif) hizmetleri
78141802	4	78141800		Gemi yanaştırma hizmetleri
78141803	4	78141800		Gemi kumanya hizmetleri
78141804	4	78141800		Yükleme terminali tesisi yönetimi
78141805	4	78141800		Havaalanı veya havacılık tesisi işletme hizmeti
78141806	4	78141800		Petrol ve gaz açık deniz destek kıyı üssü hizmeti
78141807	4	78141800		Hava trafik kontrol hizmeti
78141900	3	78140000		Nakliye konteyneri kiralama hizmetleri
78142000	3	78140000		Ulaşım taşıma aracı kiralama hizmetleri
78142001	4	78142000		Operatörlü yük uçağı kiralama
78142002	4	78142000		Operatörlü iç su taşımacılığı yük gemisi kiralama
78142003	4	78142000		Operatörlü kıyı ve okyanus ötesi su taşımacılığı yük gemisi kiralama
78180000	2	78000000		Ulaşım onarım veya bakım hizmetleri
78181500	3	78180000		Araç bakım ve onarım hizmetleri
78181501	4	78181500		Araç gövdesi onarım veya boyama hizmeti
78181505	4	78181500		Araç muayene hizmeti
78181506	4	78181500		Araç camı değiştirme hizmeti
78181507	4	78181500		Otomobil ve hafif kamyon bakım ve onarımı
78181508	4	78181500		Ağır kamyon bakım ve onarımı
78181509	4	78181500		Vagon muayene ve bakım hizmeti
78181600	3	78180000		Kaporta ve boya hizmetleri
78181700	3	78180000		Ulaşım yakıt ikmali ve araç depolama ve destek hizmetleri
78181701	4	78181700		Araç yakıt ikmali hizmeti
78181702	4	78181700		Ulaşım depolama hizmeti
78181703	4	78181700		Araç park hizmeti
78181704	4	78181700		Yakıt yükleme kartı hizmeti / Yakıt ön ödemeli kart hizmeti
78181800	3	78180000		Sabit kanatlı hava taşıtı bakım ve onarım hizmetleri
78181818	4	78181800		Sabit kanatlı hava taşıtı iletişim sistemi onarımı
78181842	4	78181800		Uçuşa Elverişlilik ve Uçak Sertifikasyonu
78200000	2	78000000		Havacılıkla İlgili Hizmetler ve Danışmanlık
78201000	3	78200000		Havaalanı Bakımı
78202000	3	78200000		Uçuş Kalibrasyon Hizmetleri
78203000	3	78200000		Havayolu Kabini ve Destek Hizmetleri
78204000	3	78200000		Havacılığa Özel Hizmetler
78204001	4	78204000		Havacılık Güvenliği Hizmetleri
78204002	4	78204000		Uçuş Operasyonları Otomasyonu, Tasarım ve İnşaat
78204003	4	78204000		Hava Taşımacılığı Talep Tahmin Hizmetleri
78204004	4	78204000		Havacılıkla İlgili Güvenlik Denetim Hizmetleri
78204005	4	78204000		Güvenlik Yönetim Sistemleri (SMS) İle İlgili Hizmetler (Havacılık)
78204006	4	78204000		ANS ve ATM Yazılım Bakım/Geliştirme Hizmetleri (Havacılık)
78204007	4	78204000		WGS84 Ölçüm ve PANS/OPS Prosedür Hizmetleri
78204008	4	78204000		E-Pasaport, Kimlik, E-Sağlık Hizmetleri, Anketler, Planlama ve Çalışmalar (Havacılık)
78204009	4	78204000		Kapasite Analizi (Havacılık)
78204010	4	78204000		Havaalanı ve Yolcu Terminalleri Simülasyon Modellemesi (Hava ve Kara Tarafı)
78204011	4	78204000		Havaalanı Muayene ve Sertifikasyonu
78204012	4	78204000		Havaalanı Operasyon Hazırlığı
78204013	4	78204000		Havaalanı ve ATS için Kalite ve Çevre Yönetim Sistemi
78204014	4	78204000		Çevresel Etki Çalışmaları - Havaalanları
78204015	4	78204000		Havaalanı Haritaları, Ağlar (GIS), Çalışmalar
78204016	4	78204000		Sistem Entegratörleri (Havacılık)
78204017	4	78204000		Sivil Havacılık Ana Plan Geliştirme
78204018	4	78204000		Havaalanı, Fauna Kontrol Hizmetleri
78204019	4	78204000		Hava Taşımacılığı Ekonomisi Hizmetleri
80000000	1		J	Yönetim ve İş Profesyonelleri ve İdari Hizmetler
80100000	2	80000000		Yönetim danışmanlık hizmetleri
80101500	3	80100000		İş ve kurumsal yönetim danışmanlığı hizmetleri
80101501	4	80101500		Yeni iş kurma danışmanlığı hizmetleri
80101502	4	80101500		Kurumsal birleşme danışmanlığı hizmetleri
80101503	4	80101500		Kurumsal elden çıkarma danışmanlığı hizmetleri
80101504	4	80101500		Stratejik planlama danışmanlığı hizmetleri
80101505	4	80101500		Kurumsal hedef veya politika geliştirme
80101506	4	80101500		Organizasyon yapısı danışmanlığı
80101507	4	80101500		Bilgi teknolojisi danışmanlık hizmetleri
80101508	4	80101500		İş zekası danışmanlık hizmetleri
80101509	4	80101500		Devlet ilişkileri ve toplum ilişkileri danışmanlık hizmeti
80101510	4	80101500		Risk yönetimi danışmanlık hizmeti
80101511	4	80101500		İnsan kaynakları danışmanlık hizmeti
80101512	4	80101500		Aktüerya danışmanlık hizmetleri
80101513	4	80101500		Süreç ve prosedür yönetimi danışmanlık hizmeti
80101600	3	80100000		Proje yönetimi
80101601	4	80101600		Fizibilite çalışmaları veya proje fikirlerinin elenmesi
80101602	4	80101600		Projeler için bölgesel veya yer çalışmaları
80101603	4	80101600		Projelerin ekonomik veya finansal değerlendirmesi
80101604	4	80101600		Proje idaresi veya planlaması
80101605	4	80101600		Geçici teknik çizim hizmeti
80101606	4	80101600		Proje izleme ve değerlendirme
80101607	4	80101600		Proje etki değerlendirmesi
80101700	3	80100000		Endüstriyel yönetim
80101702	4	80101700		Verimlilik veya etkinlik çalışmaları veya uygulaması
80101703	4	80101700		Spesifikasyon standardizasyon hizmetleri
80101704	4	80101700		Tedarik zinciri analizi veya yeniden yapılandırma hizmetleri
80101706	4	80101700		Profesyonel satın alma hizmetleri
80110000	2	80000000		İnsan kaynakları hizmetleri
80111500	3	80110000		İnsan kaynakları geliştirme
80111501	4	80111500		Yönetim geliştirme
80111502	4	80111500		Ücret veya yan haklar planlaması
80111503	4	80111500		İşçi veya sendika ilişkileri
80111504	4	80111500		İşgücü eğitimi veya geliştirmesi
80111505	4	80111500		İnsan kaynakları verimlilik denetimleri
80111506	4	80111500		Personel taşınması
80111507	4	80111500		İşten çıkarma danışmanlığı (outplacement) hizmetleri
80111508	4	80111500		Hizmet takdir programları
80111509	4	80111500		İş değerlendirme hizmeti
80111510	4	80111500		İş tanımı geliştirme ve yazma hizmeti
80111511	4	80111500		İşgücü eğitimi etki değerlendirmesi
80111600	3	80110000		Geçici personel hizmetleri
80111601	4	80111600		Geçici büro veya idari yardım
80111602	4	80111600		Geçici pazarlama personeli ihtiyaçları
80111603	4	80111600		Geçici üretim personeli ihtiyaçları
80111604	4	80111600		Geçici teknisyen personeli ihtiyaçları
80111605	4	80111600		Geçici finans personeli ihtiyaçları
80111606	4	80111600		Geçici tıbbi personel ihtiyaçları
80111607	4	80111600		Geçici hukuk personeli ihtiyaçları
80111608	4	80111600		Geçici bilgi teknolojisi yazılım geliştiricileri
80111609	4	80111600		Geçici bilgi teknolojisi sistem veya veritabanı yöneticileri
80111610	4	80111600		Geçici bilgi teknolojisi ağ uzmanları
80111611	4	80111600		Geçici depo personeli
80111612	4	80111600		Geçici şoförler
80111613	4	80111600		Geçici el işçiliği
80111614	4	80111600		Geçici mühendislik hizmetleri
80111615	4	80111600		Geçici tornacı personeli
80111616	4	80111600		Geçici müşteri hizmetleri personeli
80111617	4	80111600		Geçici mimari hizmetler
80111618	4	80111600		Geçici inşaat hizmetleri
80111619	4	80111600		Geçici yaratıcı hizmetler
80111620	4	80111600		Geçici insan kaynakları hizmetleri
80111621	4	80111600		Geçici araştırma ve geliştirme hizmetleri
80111622	4	80111600		Geçici iş güvenliği sağlık çevre hizmetleri
80111623	4	80111600		Geçici tedarik ve lojistik hizmetleri
80111624	4	80111600		Geçici Seyahat Personeli
80111625	4	80111600		Yer altı geçici el işçiliği
80111700	3	80110000		Personel işe alımı
80111701	4	80111700		Personel temin hizmetleri
80111702	4	80111700		Referans veya geçmiş kontrol hizmetleri
80111703	4	80111700		Özgeçmiş tarama hizmetleri
80111704	4	80111700		Kalıcı pazarlama personeli ihtiyaçları
80111705	4	80111700		Kalıcı tornacı personeli
80111706	4	80111700		Kalıcı büro veya idari yardım
80111707	4	80111700		Kalıcı teknik personel ihtiyaçları
80111708	4	80111700		Kalıcı finans personeli ihtiyaçları
80111709	4	80111700		Kalıcı tıbbi personel ihtiyaçları
80111710	4	80111700		Kalıcı hukuk personeli ihtiyaçları
80111711	4	80111700		Kalıcı bilgi teknolojisi yazılım geliştiricileri
80111712	4	80111700		Kalıcı bilgi teknolojisi ağ uzmanları
80111713	4	80111700		Kalıcı bilgi teknolojisi sistem veya veritabanı yöneticileri
80111714	4	80111700		Kalıcı şoförler
80111715	4	80111700		Kalıcı profesyonel personel
80111716	4	80111700		Kalıcı bilgi teknolojisi personeli ihtiyaçları
80111717	4	80111700		Çalışan fiziksel tarama hizmeti
80111718	4	80111700		Çalışan beceri testi ve değerlendirme hizmeti
80111719	4	80111700		Çalışan psikometrik test hizmeti
80120000	2	80000000		Hukuki hizmetler
80121500	3	80120000		Ceza hukuku hizmetleri
80121501	4	80121500		Çocuk adaleti hukuku hizmetleri
80121502	4	80121500		İstinaf usulü hizmetleri
80121503	4	80121500		Savunma veya ceza hukuku hizmetleri
80121600	3	80120000		İş hukuku hizmetleri
80121601	4	80121600		Devlet antitröst veya düzenleme hukuku hizmetleri
80121602	4	80121600		İflas hukuku hizmetleri
80121603	4	80121600		Ortaklık hukuku
80121604	4	80121600		Patent veya marka veya telif hakkı hukuku
80121605	4	80121600		Tasfiye hukuku hizmetleri
80121606	4	80121600		Gayrimenkul hukuku
80121607	4	80121600		Vergi hukuku
80121608	4	80121600		Birleşme veya devralma hukuku
80121609	4	80121600		Hukuki Araştırma Hizmetleri
80121611	4	80121600		Sağlık talebi hukuku hizmetleri
80121700	3	80120000		Hukuki sorumluluk hizmetleri
80121701	4	80121700		Mesleki hata veya ihmal hukuku hizmetleri
80121703	4	80121700		Mülkiyet hukuku hizmetleri
80121704	4	80121700		Sözleşme hukuku hizmetleri
80121706	4	80121700		İş hukuku hizmetleri
80121707	4	80121700		İş anlaşmazlıkları hukuku hizmetleri
80121708	4	80121700		Sigorta hukuku hizmeti
80121800	3	80120000		Aile hukuku hizmetleri
80121801	4	80121800		Boşanma hukuku hizmetleri
80121802	4	80121800		Evlat edinme hukuku hizmetleri
80121803	4	80121800		Göçmenlik veya vatandaşlık hukuku
80121804	4	80121800		Vesayet veya velayet hukuku hizmetleri
80121900	3	80120000		Ücretli hukuki katılım hizmetleri
80121901	4	80121900		Jüri üyeliği hizmeti
80121902	4	80121900		Tanıklık hizmeti
80121903	4	80121900		Bilirkişi tanıklık hizmeti
80121904	4	80121900		Tebligat (process server) hizmeti
80122000	3	80120000		Hukuki inceleme ve soruşturma hizmetleri
80130000	2	80000000		Gayrimenkul hizmetleri
80131500	3	80130000		Mülk veya bina kiralama
80131501	4	80131500		Konut kiralama
80131502	4	80131500		Ticari veya endüstriyel tesis kiralama
80131503	4	80131500		Arazi kiralamaları
80131504	4	80131500		Açık deniz geçici barınma hizmeti
80131505	4	80131500		Taşınabilir veya modüler ofis kiralama hizmeti
80131506	4	80131500		Taşınabilir tuvalet kiralama hizmeti
80131600	3	80130000		Mülk ve bina satışı
80131601	4	80131600		Gayrimenkul aracıları veya acenteleri
80131602	4	80131600		Gayrimenkul açık artırması
80131603	4	80131600		Konut arazisi satışı
80131604	4	80131600		Ticari veya endüstriyel arazi satışı
80131605	4	80131600		Ticari bina satışı
80131700	3	80130000		Emanet ve tapu hizmetleri
80131701	4	80131700		Tapu iadesi hizmetleri
80131702	4	80131700		Tapu araştırma hizmetleri
80131703	4	80131700		Emanet hesabı hizmetleri
80131800	3	80130000		Gayrimenkul yönetim hizmetleri
80131801	4	80131800		Mülk yönetimi
80131802	4	80131800		Gayrimenkul ekspertiz ve değerleme hizmeti
80131803	4	80131800		Gayrimenkul ilan hizmetleri
80140000	2	80000000		Pazarlama ve dağıtım
80141400	3	80140000		Bağış Toplama Hizmetleri
80141401	4	80141400		Marka ölçümü
80141402	4	80141400		Yaratıcı bağış toplama hizmetleri - Bireysel Bağış
80141403	4	80141400		Yaratıcı bağış toplama hizmetleri - Özel Ortaklıklar ve Hayırseverlik
80141404	4	80141400		Dijital medya satın alma hizmetleri
80141405	4	80141400		Bağış toplamaya özel doğrudan pazarlama/posta
80141406	4	80141400		Doğrudan yanıt TV hizmetleri
80141407	4	80141400		Bağışçı kazanım hizmetleri
80141408	4	80141400		Bağışçı bakım hizmetleri
80141409	4	80141400		Bağışçı elde tutma hizmetleri
80141410	4	80141400		Müşteri adayı oluşturma (lead generation)
80141411	4	80141400		Miras (legacy) pazarlaması
80141412	4	80141400		Çevrimdışı medya satın alma
80141500	3	80140000		Pazar araştırması
80141501	4	80141500		Pazarlama analizi
80141502	4	80141500		Dağıtım veya hizmet ticareti istatistikleri
80141503	4	80141500		Emtia fiyatı tahmini
80141504	4	80141500		Emtia piyasası anketlerinin hazırlanması
80141505	4	80141500		Pazarlama planları
80141506	4	80141500		İnternet tabanlı pazar araştırması
80141507	4	80141500		Tüketici tabanlı araştırma veya klinikler veya odak grupları
80141508	4	80141500		Sendikasyon veya özel tahmin çalışmaları
80141509	4	80141500		Piyasa istihbaratı veya rekabet analizi
80141510	4	80141500		Pazar araştırması telefon anketleri
80141511	4	80141500		Pazar araştırması kağıt anketleri
80141512	4	80141500		Pazar araştırması yerinde anketler
80141513	4	80141500		Pazar araştırması birebir mülakatlar
80141514	4	80141500		Pazar araştırması posta anketleri
80141600	3	80140000		Satış ve iş tanıtım faaliyetleri
80141601	4	80141600		Satış promosyon hizmetleri
80141603	4	80141600		Telepazarlama
80141604	4	80141600		Ürün adlandırma markalama hizmetleri
80141605	4	80141600		Tanıtım malzemeleri
80141606	4	80141600		Doğrudan pazarlama gerçekleştirme
80141607	4	80141600		Etkinlik yönetimi
80141609	4	80141600		Etkinlik veya ünlü sponsorluğu
80141612	4	80141600		Satış veya pazarlama programları
80141613	4	80141600		Satış sonrası programlar
80141618	4	80141600		Baskı dahil satış pazarlama ajansları
80141619	4	80141600		Müşteri ilişkileri merkezi CRC yönetim hizmetleri
80141624	4	80141600		Takdir programı yönetim hizmeti
80141625	4	80141600		Teşvik programı yönetim hizmeti
80141626	4	80141600		Tanıtım programı yönetim hizmeti
80141630	4	80141600		Doğrudan pazarlama baskı hizmeti
80141633	4	80141600		Arama Motoru Pazarlaması
80141635	4	80141600		Konferans ücretleri
80141700	3	80140000		Dağıtım
80141701	4	80141700		Doğrudan satış hizmetleri
80141702	4	80141700		Toptan dağıtım hizmetleri
80141703	4	80141700		Perakende dağıtım hizmetleri
80141704	4	80141700		Franchise operasyonları
80141705	4	80141700		Açık artırma hizmetleri
80141706	4	80141700		Ürün aracılık (brokerlik) hizmeti
80141800	3	80140000		Posta gönderim hizmetleri
80141801	4	80141800		Posta listesi derleme hizmetleri
80141802	4	80141800		Posta listesi yönetim hizmeti
80141803	4	80141800		Adresleme hizmeti
80141900	3	80140000		Fuarlar ve sergiler
80141901	4	80141900		Otomobil fuarları veya diğer sergiler
80141902	4	80141900		Toplantı etkinlikleri
80150000	2	80000000		Ticaret politikası ve hizmetleri
80151500	3	80150000		Ticaret kolaylaştırma
80151501	4	80151500		Emtia politikası veya projeksiyon hizmetleri
80151502	4	80151500		Ticaret genişletme
80151503	4	80151500		Ticaret bilgi hizmetleri
80151504	4	80151500		Ticaret promosyon hizmetleri
80151505	4	80151500		Çok uluslu pazarlama işletmeleri
80151600	3	80150000		Uluslararası ticaret hizmetleri
80151601	4	80151600		İhracat geliştirme
80151602	4	80151600		İthalat planlaması
80151603	4	80151600		İhracat projeksiyonları
80151604	4	80151600		İthalat tedarik hizmetleri
80151605	4	80151600		Gümrük danışmanlık hizmeti
80160000	2	80000000		İş idaresi hizmetleri
80161500	3	80160000		Yönetim destek hizmetleri
80161501	4	80161500		Büro idaresi veya sekreterlik hizmetleri
80161502	4	80161500		Toplantı planlama hizmetleri
80161503	4	80161500		Klavye veri girişi hizmetleri
80161504	4	80161500		Büro hizmetleri
80161505	4	80161500		Filo yönetim hizmetleri
80161506	4	80161500		Veri arşivleme hizmetleri
80161507	4	80161500		Görsel-işitsel hizmetler
80161508	4	80161500		Belge imha hizmetleri
80161600	3	80160000		İş tesisleri gözetimi
80161601	4	80161600		Mülk yönetim hizmetleri
80161602	4	80161600		Teslim alma veya envanter çıkarma hizmetleri
80161603	4	80161600		Mobilya projesi idaresi veya yönetimi
80161700	3	80160000		Varlık geri kazanım hizmeti
80161701	4	80161700		Yan ürün bertaraf veya satış hizmeti
80161702	4	80161700		Sermaye varlığı bertaraf veya satış hizmeti
80161703	4	80161700		Fazla veya kullanılmayan sermaye dışı malzeme bertaraf veya satış hizmeti
80161800	3	80160000		Ofis ekipmanı kiralama hizmetleri
80161801	4	80161800		Fotokopi makinesi kiralama hizmeti
80170000	2	80000000		Halkla ilişkiler ve profesyonel iletişim hizmetleri
80171500	3	80170000		Durum ve paydaş analizi ve iletişim planlama hizmetleri
80171501	4	80171500		Anket ve kamuoyu izleme ve analizi
80171502	4	80171500		Odak grubu ve kamu geri bildirim toplantısı kolaylaştırma ve analizi
80171503	4	80171500		Halkla ilişkiler durum ve konu ve risk analizi
80171504	4	80171500		Paydaş analizi
80171505	4	80171500		İletişim planlaması
80171600	3	80170000		Tanıtım ve pazarlama destek hizmetleri
80171602	4	80171600		Çevrimiçi ve sosyal medya tanıtım hizmeti
80171800	3	80170000		Medya ilişkileri hizmetleri
80171801	4	80171800		Medya izleme hizmeti
80171802	4	80171800		Medya ilişkileri ve danışmanlık hizmeti
80171803	4	80171800		Medya eğitimi ve koçluğu hizmeti
80171900	3	80170000		Paydaş yönetimi ve ilişkileri hizmetleri
80171902	4	80171900		Yatırımcı ve hissedar ilişkileri danışmanlığı ve katılımı
80171903	4	80171900		İç paydaş ilişkileri danışmanlığı ve katılımı
80171904	4	80171900		Kültürel ve etnik grup ilişkileri danışmanlığı ve katılımı
80171905	4	80171900		Yerli halklar ilişkileri danışmanlığı ve katılımı
80171906	4	80171900		Devlet ilişkileri danışmanlığı ve katılımı
80171907	4	80171900		Toplum ilişkileri danışmanlığı ve katılımı
80171908	4	80171900		Kar amacı gütmeyen kuruluş ilişkileri danışmanlığı ve katılımı
80171909	4	80171900		İşletme ve altyapı sağlayıcı ilişkileri danışmanlığı ve katılımı
80172000	3	80170000		Profesyonel iletişim hizmetleri
80172001	4	80172000		İç iletişim hizmeti
80172002	4	80172000		Proje bazlı iletişim hizmeti
80172003	4	80172000		Kamu işleri hizmeti
80172100	3	80170000		Konu ve kriz yönetimi hizmetleri
80172101	4	80172100		Kriz yönetimi ve toparlanma hizmeti
80172102	4	80172100		Kriz planlama ve önleme hizmeti
80172103	4	80172100		Değişim yönetimi iletişim ve danışmanlık hizmeti
80172104	4	80172100		Konu yönetimi ve azaltma danışmanlık hizmeti
81000000	1		J	Mühendislik ve Araştırma ve Teknoloji Tabanlı Hizmetler
81100000	2	81000000		Profesyonel mühendislik hizmetleri
81101500	3	81100000		İnşaat mühendisliği
81101501	4	81101500		Kuyu mühendisliği
81101502	4	81101500		Teknik çizim
81101503	4	81101500		Liman veya su limanı mühendisliği
81101505	4	81101500		Yapı mühendisliği
81101506	4	81101500		Gemi mimarlığı
81101507	4	81101500		Baraj mühendisliği
81101508	4	81101500		Mimari mühendislik
81101509	4	81101500		Havaalanı mühendisliği
81101510	4	81101500		Otoyol mühendisliği
81101511	4	81101500		Demiryolu mühendisliği
81101512	4	81101500		Coğrafi bilgi sistemi GIS hizmetleri
81101513	4	81101500		Bina inşaatı yönetimi
81101514	4	81101500		Jeoteknik veya jeosismik mühendislik
81101515	4	81101500		Tesis veya altyapı mühendisliği
81101516	4	81101500		Enerji veya altyapı danışmanlık hizmeti
81101517	4	81101500		Peyzaj mimarlığı ve tasarım hizmeti
81101518	4	81101500		Aydınlatma mühendisliği hizmeti
81101519	4	81101500		Parselasyon planlama hizmeti
81101520	4	81101500		Hidroloji değerlendirme hizmeti
81101521	4	81101500		Hidrojeoloji değerlendirme hizmeti
81101522	4	81101500		Hafriyat mühendisliği
81101523	4	81101500		Kentsel tasarım ve mühendislik hizmeti
81101524	4	81101500		Şehir geliştirme planlama hizmeti
81101525	4	81101500		Sediment kontrol mühendisliği
81101526	4	81101500		Metraj (quantity surveying) hizmeti
81101527	4	81101500		Atık su mühendisliği
81101528	4	81101500		Yağmur suyu mühendisliği
81101529	4	81101500		Akustik mühendislik
81101530	4	81101500		Balıkçılık mühendisliği
81101600	3	81100000		Makine mühendisliği
81101700	3	81100000		Elektrik ve elektronik mühendisliği
81101701	4	81101700		Elektrik mühendisliği hizmetleri
81101702	4	81101700		Elektronik devre tasarımı
81101703	4	81101700		Mühendislik test hizmetleri
81101706	4	81101700		Laboratuvar ekipmanı bakımı
81101707	4	81101700		Baskı ekipmanı bakımı
81101710	4	81101700		Wafer geri kazanım hizmeti
81101711	4	81101700		Elektronik bileşen imalat hizmeti
81101713	4	81101700		Elektronik ölçüm ve kayıt cihazı mühendislik ve tasarım hizmeti
81101800	3	81100000		Kimya mühendisliği
81101900	3	81100000		Petrol ve gaz mühendisliği
81101902	4	81101900		Petrol veya gaz için üretim mühendisliği
81102000	3	81100000		Maden mühendisliği
81102001	4	81102000		Hidrolik madencilik
81102100	3	81100000		Deniz (okyanus) mühendisliği
81102101	4	81102100		Kıyı mühendisliği
81102200	3	81100000		Ulaştırma mühendisliği
81102201	4	81102200		Trafik mühendisliği
81102202	4	81102200		Kentsel ulaşım ağı
81102203	4	81102200		İç su yolları
81102300	3	81100000		Havacılık mühendisliği
81102301	4	81102300		Aviyonik tasarım
81102302	4	81102300		Uzay mühendisliği hizmeti
81102400	3	81100000		Elektrik gücü iletim mühendisliği
81102401	4	81102400		Yüksek gerilim havai hat inşaatı
81102402	4	81102400		Yüksek gerilim havai hat bakım ve onarımı
81102500	3	81100000		İzin (ruhsat) hizmetleri
81102501	4	81102500		Maden ruhsatı hizmeti
81102502	4	81102500		Yapı onayı ve izin mühendislik akran değerlendirme hizmeti
81102503	4	81102500		Yapı onayı işleme ve destek hizmeti
81102600	3	81100000		Numune alma hizmetleri
81102601	4	81102600		Kömür numune alma hizmeti
81102800	3	81100000		Mayın tarlası ve mayın temizleme hizmetleri
81102801	4	81102800		Mayın temizleme çevresel etki değerlendirme EIA hizmeti
81102802	4	81102800		Mayın temizleme fizibilite çalışması FS hizmeti
81102803	4	81102800		Genel mayın faaliyeti değerlendirme GMAA hizmeti
81102804	4	81102800		Mayın temizleme teknik olmayan araştırma NTS hizmeti
81102805	4	81102800		Mayın temizleme operasyonel analiz (OA) veya operasyonel araştırma hizmeti
81102806	4	81102800		Mayın temizleme sonrası değerlendirme hizmeti
81102807	4	81102800		Mayın temizleme risk analizi veya değerlendirme hizmeti
81102808	4	81102800		Mayın temizleme teknik araştırması
81102809	4	81102800		Mayın etki araştırması LIS
81102810	4	81102800		El yapımı patlayıcı düzenek IED karşıtı eğitim
81102811	4	81102800		Köpekli patlayıcı tespit ekibi
81102815	4	81102800		Patlayıcı Tespit Köpekleri (EDD) eğitmenli
81110000	2	81000000		Bilgisayar hizmetleri
81111500	3	81110000		Yazılım veya donanım mühendisliği
81111501	4	81111500		Ana bilgisayar yazılım uygulamaları tasarımı
81111502	4	81111500		Kişisel bilgisayar PC uygulama tasarımı
81111503	4	81111500		Sistem entegrasyonu tasarımı
81111504	4	81111500		Uygulama programlama hizmetleri
81111505	4	81111500		İşletim sistemi programlama hizmetleri
81111506	4	81111500		İstemci veya sunucu programlama hizmetleri
81111507	4	81111500		ERP veya veritabanı uygulamaları programlama hizmetleri
81111508	4	81111500		Uygulama uygulama (kurulum) hizmetleri
81111509	4	81111500		İnternet veya intranet istemci uygulaması geliştirme hizmetleri
81111510	4	81111500		İnternet veya intranet sunucu uygulaması geliştirme hizmetleri
81111511	4	81111500		Sistem veya uygulama programlama yönetimi hizmeti
81111512	4	81111500		Bilgisayar grafikleri hizmeti
81111600	3	81110000		Bilgisayar programcıları
81111601	4	81111600		Visual Basic programlama
81111602	4	81111600		Java programlama
81111603	4	81111600		HTML programlama
81111604	4	81111600		ALGOL programlama
81111605	4	81111600		Assembler programlama
81111606	4	81111600		Basic programlama
81111607	4	81111600		C veya C++ programlama
81111608	4	81111600		COBOL programlama
81111609	4	81111600		FORTRAN programlama
81111610	4	81111600		Pascal programlama
81111611	4	81111600		PL/1 programlama
81111612	4	81111600		Programlama veya Özel Diller
81111613	4	81111600		Perl programlama
81111700	3	81110000		Yönetim bilgi sistemleri MIS
81111701	4	81111700		Geniş alan ağı iletişim tasarımı
81111702	4	81111700		Yerel alan ağı iletişim tasarımı
81111703	4	81111700		Elektronik veri değişimi EDI tasarımı
81111704	4	81111700		Veritabanı tasarımı
81111705	4	81111700		Sistem mimarisi
81111706	4	81111700		Ağ planlama hizmetleri
81111707	4	81111700		Sistem planlama hizmetleri
81111708	4	81111700		Telekomünikasyon planlama hizmetleri
81111709	4	81111700		Mayın temizleme coğrafi veya jeo-uzamsal bilgi sistemi GIS
81111800	3	81110000		Sistem ve sistem bileşeni yönetim hizmetleri
81111801	4	81111800		Bilgisayar veya ağ veya internet güvenliği
81111802	4	81111800		Ana bilgisayar yönetim hizmetleri
81111803	4	81111800		Yerel alan ağı LAN bakımı veya desteği
81111804	4	81111800		Geniş alan ağı WAN bakımı veya desteği
81111805	4	81111800		Özel veya lisanslı sistem bakımı veya desteği
81111806	4	81111800		Veritabanı analiz hizmeti
81111808	4	81111800		Sistem analiz hizmeti
81111809	4	81111800		Sistem kurulum hizmeti
81111810	4	81111800		Yazılım kodlama hizmeti
81111811	4	81111800		Teknik destek veya yardım masası hizmetleri
81111812	4	81111800		Bilgisayar donanımı bakım destek hizmeti
81111814	4	81111800		Ortak yerleşim (co-location) hizmeti
81111818	4	81111800		Üçüncü taraf garanti hizmeti
81111819	4	81111800		Kalite güvence hizmetleri
81111820	4	81111800		Sistem kullanılabilirliği hizmetleri
81111900	3	81110000		Bilgi erişim sistemleri
81111901	4	81111900		Veritabanı bilgi erişimi
81111902	4	81111900		Çevrimiçi veritabanı bilgi erişim hizmeti
81112000	3	81110000		Veri hizmetleri
81112001	4	81112000		Çevrimiçi veri işleme hizmeti
81112002	4	81112000		Veri işleme veya hazırlama hizmetleri
81112003	4	81112000		Veri merkezi hizmetleri
81112004	4	81112000		Felaket kurtarma hizmetleri
81112005	4	81112000		Belge tarama hizmeti
81112006	4	81112000		Veri depolama hizmeti
81112007	4	81112000		İçerik veya veri standardizasyon hizmetleri
81112008	4	81112000		CD-ROM master kopya hizmetleri
81112009	4	81112000		İçerik veya veri sınıflandırma hizmetleri
81112010	4	81112000		Veri dönüştürme hizmeti
81112100	3	81110000		İnternet hizmetleri
81112101	4	81112100		İnternet servis sağlayıcıları ISP
81112102	4	81112100		Elektronik posta servis sağlayıcısı
81112103	4	81112100		World wide web WWW site tasarım hizmetleri
81112104	4	81112100		Web arama motoru sağlayıcıları
81112105	4	81112100		World wide web WWW site işletim barındırma hizmetleri
81112106	4	81112100		Uygulama servis sağlayıcıları
81112107	4	81112100		İnternet alan adları
81112200	3	81110000		Yazılım bakımı ve desteği
81112201	4	81112200		Bakım veya destek ücretleri
81112202	4	81112200		Yazılım yamaları veya yükseltmeleri
81112203	4	81112200		Donanım yazılımı yamalama veya yükseltme hizmeti
81112204	4	81112200		İşletim sistemi yazılımı bakımı
81112205	4	81112200		Veritabanı yönetim sistemi yazılımı bakımı
81112206	4	81112200		Bilgi erişim veya arama yazılımı bakımı
81112207	4	81112200		Video konferans yazılımı bakımı
81112208	4	81112200		Güvenlik ve koruma yazılımı bakımı
81112209	4	81112200		Geliştirme yazılımı bakımı
81112210	4	81112200		Sistem yönetimi yazılımı bakımı
81112211	4	81112200		Kurumsal kaynak planlama yazılımı bakımı
81112212	4	81112200		Müşteri ilişkileri yönetimi yazılımı bakımı
81112213	4	81112200		Muhasebe yazılımı bakımı
81112214	4	81112200		İçerik oluşturma ve düzenleme yazılımı bakımı
81112215	4	81112200		İçerik yönetimi yazılımı bakımı
81112216	4	81112200		Eğitim veya başvuru yazılımı bakımı
81112217	4	81112200		Sektöre özel yazılım bakımı
81112218	4	81112200		Ağ uygulaması yazılımı bakımı
81112219	4	81112200		Bilgisayar oyunu veya eğlence yazılımı bakımı
81112220	4	81112200		Sunucu yazılımı bakımı
81112221	4	81112200		Satış noktası yazılımı bakım hizmeti
81112222	4	81112200		Tesis işletme ve bakım yönetimi yazılımı bakımı
81112223	4	81112200		Veritabanı Yönetim Yazılımı Yayıncılığı
81112224	4	81112200		ANS ve ATM Yazılım Bakım/Geliştirme Hizmetleri
81112300	3	81110000		Bilgisayar donanımı bakımı ve desteği
81112301	4	81112300		Disk depolama sistemi bakımı
81112302	4	81112300		Çevrimdışı veya yedekleme sistemi bakımı
81112303	4	81112300		Ana bilgisayar (mainframe) bakımı
81112304	4	81112300		UNIX sunucusu bakımı
81112305	4	81112300		X86 sunucu bakımı
81112306	4	81112300		Yazıcı, tarayıcı ve çok fonksiyonlu ekipman bakımı
81112307	4	81112300		PC veya iş istasyonu veya dizüstü bakımı
81112308	4	81112300		Satış noktası donanımı bakım ve destek hizmeti
81112309	4	81112300		Satış noktası donanımı kurulum veya uygulama hizmeti
81112310	4	81112300		Bilgisayar kabini bakımı
81112400	3	81110000		Bilgisayar donanımı kiralama hizmetleri
81112401	4	81112400		Bilgisayar donanımı kiralama
81112500	3	81110000		Bilgisayar yazılımı lisanslama kiralama hizmeti
81112501	4	81112500		Bilgisayar yazılımı lisanslama hizmeti
81112502	4	81112500		Bilgisayar yazılımı kiralama hizmeti
81120000	2	81000000		Ekonomi
81121500	3	81120000		Ekonomik analiz
81121501	4	81121500		Makroekonomik analiz
81121502	4	81121500		Mikroekonomik analiz
81121503	4	81121500		Ekonometri
81121504	4	81121500		Ekonomik tahminler
81121505	4	81121500		Ekonomik kalkınma danışmanlığı
81121600	3	81120000		Parasal sistemler ve konular
81121601	4	81121600		Para politikası
81121602	4	81121600		Parasal sistemler
81121603	4	81121600		Parasal analiz
81121604	4	81121600		Parasal likidite
81121605	4	81121600		Değerli metal rezervleri
81121606	4	81121600		Döviz kontrolü
81121607	4	81121600		Döviz piyasaları
81130000	2	81000000		İstatistik
81131500	3	81130000		Metodoloji ve analiz
81131501	4	81131500		Faktör analizi
81131502	4	81131500		Çok değişkenli analiz
81131503	4	81131500		Regresyon analizi
81131504	4	81131500		Örnekleme anketleri
81131505	4	81131500		Zaman serisi analizi
81140000	2	81000000		İmalat teknolojileri
81141500	3	81140000		Kalite kontrol
81141501	4	81141500		Malzeme testi
81141502	4	81141500		Malzeme sentezi
81141503	4	81141500		Malzeme veya ürün muayenesi
81141504	4	81141500		Ekipman test kalibrasyonu veya onarımı
81141505	4	81141500		Üretim standartları geliştirme
81141506	4	81141500		Ürün testi
81141600	3	81140000		Tedarik zinciri yönetimi
81141601	4	81141600		Lojistik
81141602	4	81141600		Geçiş (transit) analizi
81141603	4	81141600		Taşımacılık finansmanı veya ekonomisi
81141604	4	81141600		Taşımacılık kolaylaştırma
81141605	4	81141600		Taşımacılık altyapısı
81141606	4	81141600		Taşımacılık planlaması
81141700	3	81140000		Üretim planlama ve kontrolü
81141701	4	81141700		Üretim planlaması
81141702	4	81141700		Üretim kontrolü
81141703	4	81141700		Üretim çizelgeleme
81141704	4	81141700		Üretim istatistikleri toplama veya analiz hizmetleri
81141800	3	81140000		Tesis yönetimi
81141801	4	81141800		Güvenlik veya risk analizi
81141802	4	81141800		Endüstriyel hijyen veya havalandırma
81141803	4	81141800		Akustik veya gürültü kontrolü
81141804	4	81141800		Ekipman muayene hizmeti
81141805	4	81141800		Bina muayene hizmeti
81141806	4	81141800		Enerji hattı muayene hizmeti
81141807	4	81141800		Tesisat veya kanalizasyon muayene hizmeti
81141900	3	81140000		İmalat teknolojisi araştırma ve geliştirme hizmetleri
81141901	4	81141900		Ürün araştırma ve geliştirme hizmeti
81141902	4	81141900		Uygulama veya teknoloji araştırma ve geliştirme hizmeti
81150000	2	81000000		Yer bilimi hizmetleri
81151500	3	81150000		Meteoroloji
81151501	4	81151500		Klimatoloji
81151502	4	81151500		Meteorolojik hizmetler
81151503	4	81151500		Hidrometeoroloji
81151600	3	81150000		Kartografya
81151601	4	81151600		Haritalama
81151602	4	81151600		Harita üretimi
81151603	4	81151600		Fotogrametri
81151604	4	81151600		Arazi ölçümü (haritacılık)
81151700	3	81150000		Jeoloji
81151701	4	81151700		Fotojeoloji
81151702	4	81151700		Stratigrafik jeoloji
81151703	4	81151700		Jeolojik etütler
81151704	4	81151700		Jeolojik arama
81151705	4	81151700		Arkeolojik hizmetler
81151800	3	81150000		Oşinografi ve hidroloji
81151801	4	81151800		Oşinografik etüt
81151802	4	81151800		Haliç oşinografisi
81151803	4	81151800		Fiziksel oşinografi
81151804	4	81151800		Hidrolojik etütler
81151805	4	81151800		Batimetrik etütler
81151806	4	81151800		Su altı keşfi
81151900	3	81150000		Jeofizik
81151901	4	81151900		Jeofizik etütler
81151902	4	81151900		Jeofizik arama
81151903	4	81151900		Jeofizik foto yorumlaması
81151904	4	81151900		Aeromanyetik jeofizik
81160000	2	81000000		Bilgi Teknolojisi Hizmet Sunumu
81161500	3	81160000		Erişim yönetimi hizmetleri
81161501	4	81161500		Yazılım uygulaması yönetimi hizmeti
81161502	4	81161500		Ağ Hesabı Yönetimi Hizmeti
81161503	4	81161500		Ağ klasörü yönetimi hizmeti
81161600	3	81160000		Elektronik posta ve mesajlaşma hizmetleri
81161601	4	81161600		Anlık Mesajlaşma Yönetimi Hizmeti
81161700	3	81160000		Telekomünikasyon Hizmetleri
81161701	4	81161700		Faks Yönetimi Hizmeti
81161702	4	81161700		Faks Destek Hizmeti
81161703	4	81161700		Mobil Telefon Yönetimi Hizmeti
81161704	4	81161700		Mobil Telefon Destek Hizmeti
81161705	4	81161700		Çağrı Cihazı Yönetimi Hizmeti
81161706	4	81161700		Çağrı Cihazı Destek Hizmeti
81161707	4	81161700		Telefon Yönetimi Hizmeti
81161708	4	81161700		Telefon Destek Hizmeti
81161709	4	81161700		Sesli Mesaj Yönetimi Hizmeti
81161710	4	81161700		Sesli Mesaj Destek Hizmeti
81161711	4	81161700		Video konferans hizmeti
81161712	4	81161700		Ağ ses hizmeti
81161713	4	81161700		Havacılık Bilgi Hizmetleri
81161714	4	81161700		Havacılık Sabit Telekomünikasyon Ağı/Havacılık Telekomünikasyon Ağı Hizmetleri (AFTN ve ATN)
81161800	3	81160000		Veri ses veya multimedya ağ ekipmanı veya platformu kiralama hizmetleri
81161801	4	81161800		Veri iletişimi ekipmanı veya platformu kiralama hizmeti
81162000	3	81160000		Hizmet olarak bulut tabanlı yazılım
81162100	3	81160000		Hizmet olarak bulut tabanlı platform
81162200	3	81160000		Hizmet olarak bulut tabanlı altyapı
81162202	4	81162200		Hizmet olarak bulut depolama
81170000	2	81000000		Biyolojik bilim hizmetleri
81171500	3	81170000		Deniz biyolojisi hizmetleri
81171501	4	81171500		Deniz biyolojisi danışmanlık hizmeti
81171600	3	81170000		Ekolojik bilim hizmetleri
81171601	4	81171600		Su ekolojisi hizmeti
81171700	3	81170000		Botanik bilim hizmetleri
81171701	4	81171700		Bahçe bitkileri (hortikültür) bilimi hizmeti
81171702	4	81171700		Ağaç (arborikültür) bilimi hizmeti
81171800	3	81170000		Tarımsal bilim hizmetleri
81171801	4	81171800		Tarımsal bilim danışmanlık hizmeti
81171900	3	81170000		Aerobiyolojik bilim hizmetleri
81171901	4	81171900		Hava kalitesi bilimi hizmeti
82000000	1		J	Editörlük ve Tasarım ve Grafik ve Güzel Sanatlar Hizmetleri
82100000	2	82000000		Reklamcılık
82101500	3	82100000		Basılı reklam
82101600	3	82100000		Yayın reklamı
82101603	4	82101600		İnternet reklamı
82101700	3	82100000		Hava reklamı
82101701	4	82101700		Pankart reklam hizmetleri
82101702	4	82101700		Gökyüzü yazısı reklam hizmetleri
82101800	3	82100000		Reklam ajansı hizmetleri
82101900	3	82100000		Medya yerleştirme ve gerçekleştirme
82101901	4	82101900		Radyo yerleştirme
82101902	4	82101900		Televizyon yerleştirme
82101903	4	82101900		İnternet yerleştirme
82101904	4	82101900		Sinema yerleştirme
82101905	4	82101900		Basılı yerleştirme
82110000	2	82000000		Yazarlık ve çeviriler
82111400	3	82110000		Dile Özel Editörlük ve Yazım Hizmetleri
82111401	4	82111400		Editörlük Hizmetleri - İngilizce
82111402	4	82111400		Editörlük Hizmetleri - Fransızca
82111403	4	82111400		Editörlük Hizmetleri - İspanyolca
82111404	4	82111400		Editörlük Hizmetleri - Rusça
82111405	4	82111400		Editörlük Hizmetleri - Arapça
82111406	4	82111400		Editörlük Hizmetleri - Çince
82111500	3	82110000		Teknik yazarlık
82111501	4	82111500		Yönerge yazma hizmetleri
82111502	4	82111500		Kılavuz yazma hizmetleri
82111503	4	82111500		Akademik veya bilimsel makale yazımı
82111600	3	82110000		Teknik olmayan yazarlık
82111601	4	82111600		Mektup yazma hizmetleri
82111602	4	82111600		Özgeçmiş yazma hizmetleri
82111603	4	82111600		Mahkeme raportörlüğü hizmetleri
82111604	4	82111600		Deşifre hizmetleri
82111700	3	82110000		Yaratıcı yazarlık
82111701	4	82111700		Makale yazarları hizmetleri
82111702	4	82111700		Kitap yazarları hizmetleri
82111703	4	82111700		Şiir yazarları hizmetleri
82111704	4	82111700		Metin yazarlığı
82111705	4	82111700		Konuşma metni yazımı
82111800	3	82110000		Editörlük ve destek hizmetleri
82111801	4	82111800		Düzenleme (editing) hizmetleri
82111802	4	82111800		Olgu kontrol hizmetleri
82111803	4	82111800		Son okuma (proofreading) hizmetleri
82111804	4	82111800		Yazılı çeviri hizmetleri
82111900	3	82110000		Haber ve tanıtım hizmetleri
82111901	4	82111900		Basın bülteni hizmetleri
82111902	4	82111900		Özel ilgi bülteni hizmetleri
82111903	4	82111900		Haber ajansı servis hizmetleri
82111904	4	82111900		Gazete veya reklam materyali dağıtım hizmetleri
82112000	3	82110000		Yerinde dil tercüme hizmetleri
82112001	4	82112000		Yerinde Afganca veya Peştuca tercüme hizmeti
82112002	4	82112000		Yerinde Arnavutça tercüme hizmeti
82112003	4	82112000		Yerinde Amharca tercüme hizmeti
82112004	4	82112000		Yerinde Arapça tercüme hizmeti
82112005	4	82112000		Yerinde Ermenice tercüme hizmeti
82112006	4	82112000		Yerinde Bangladeş dili tercüme hizmeti
82112007	4	82112000		Yerinde Belarusça tercüme hizmeti
82112008	4	82112000		Yerinde Bengalce tercüme hizmeti
82112009	4	82112000		Yerinde Boşnakça tercüme hizmeti
82112010	4	82112000		Yerinde Bulgarca tercüme hizmeti
82112011	4	82112000		Yerinde Kamboçyaca tercüme hizmeti
82112012	4	82112000		Yerinde Çince tercüme hizmeti
82112013	4	82112000		Yerinde Kreyolca tercüme hizmeti
82112014	4	82112000		Yerinde Hırvatça tercüme hizmeti
82112015	4	82112000		Yerinde Çekçe tercüme hizmeti
82112016	4	82112000		Yerinde Danca tercüme hizmeti
82112017	4	82112000		Yerinde Dinka dili tercüme hizmeti
82112018	4	82112000		Yerinde Felemenkçe tercüme hizmeti
82112019	4	82112000		Yerinde Mısır dili tercüme hizmeti
82112020	4	82112000		Yerinde Fanti dili tercüme hizmeti
82112021	4	82112000		Yerinde Fanti veya Farsça tercüme hizmeti
82112022	4	82112000		Yerinde Fransızca tercüme hizmeti
82112023	4	82112000		Yerinde Almanca tercüme hizmeti
82112024	4	82112000		Yerinde Yunanca tercüme hizmeti
82112025	4	82112000		Yerinde Güceratça tercüme hizmeti
82112026	4	82112000		Yerinde İbranice tercüme hizmeti
82112027	4	82112000		Yerinde Hintçe tercüme hizmeti
82112028	4	82112000		Yerinde Hmong dili tercüme hizmeti
82112029	4	82112000		Yerinde Amerikan yerli dili tercüme hizmeti
82112030	4	82112000		Yerinde Endonezce tercüme hizmeti
82112031	4	82112000		Yerinde İtalyanca tercüme hizmeti
82112032	4	82112000		Yerinde Jamaika dili tercüme hizmeti
82112033	4	82112000		Yerinde Japonca tercüme hizmeti
82112034	4	82112000		Yerinde Kırgızca tercüme hizmeti
82112035	4	82112000		Yerinde Korece tercüme hizmeti
82112036	4	82112000		Yerinde Kürtçe tercüme hizmeti
82112037	4	82112000		Yerinde Litvanca tercüme hizmeti
82112038	4	82112000		Yerinde Malayalam dili tercüme hizmeti
82112039	4	82112000		Yerinde Mandingo dili tercüme hizmeti
82112040	4	82112000		Yerinde Kuzey Amerika yerli dili tercüme hizmeti
82112041	4	82112000		Yerinde Pakistan dili tercüme hizmeti
82112042	4	82112000		Yerinde Doğu Pencapça tercüme hizmeti
82112043	4	82112000		Yerinde Batı Pencapça tercüme hizmeti
82112044	4	82112000		Yerinde Lehçe tercüme hizmeti
82112045	4	82112000		Yerinde Portekizce tercüme hizmeti
82112046	4	82112000		Yerinde Romence tercüme hizmeti
82112047	4	82112000		Yerinde Romanca (Çingene dili) tercüme hizmeti
82112048	4	82112000		Yerinde Rusça tercüme hizmeti
82112049	4	82112000		Yerinde Ruanda dili tercüme hizmeti
82112050	4	82112000		Yerinde Samoaca tercüme hizmeti
82112051	4	82112000		Yerinde Sırpça tercüme hizmeti
82112052	4	82112000		Yerinde Sırp-Hırvatça tercüme hizmeti
82112053	4	82112000		Yerinde Slovence tercüme hizmeti
82112054	4	82112000		Yerinde Somalice tercüme hizmeti
82112055	4	82112000		Yerinde İspanyolca tercüme hizmeti
82112056	4	82112000		Yerinde Svahilice tercüme hizmeti
82112057	4	82112000		Yerinde İsveççe tercüme hizmeti
82112058	4	82112000		Yerinde Tayvanca tercüme hizmeti
82112059	4	82112000		Yerinde Tayca tercüme hizmeti
82112060	4	82112000		Yerinde Tibetçe tercüme hizmeti
82112061	4	82112000		Yerinde Türkçe tercüme hizmeti
82112062	4	82112000		Yerinde Ukraynaca tercüme hizmeti
82112063	4	82112000		Yerinde Vietnamca tercüme hizmeti
82112064	4	82112000		Yerinde Yidiş tercüme hizmeti
82112065	4	82112000		Yerinde Yugoslav dili tercüme hizmeti
82112066	4	82112000		Yerinde Macarca tercüme hizmeti
82112067	4	82112000		Yerinde işaret dili tercüme hizmeti
82120000	2	82000000		Çoğaltma hizmetleri
82121500	3	82120000		Baskı
82121501	4	82121500		Grafik üretim planlaması veya yerleşimi
82121502	4	82121500		Dizgi
82121503	4	82121500		Dijital baskı
82121504	4	82121500		Tipo veya serigrafi baskı
82121505	4	82121500		Tanıtım veya reklam baskısı
82121506	4	82121500		Yayın baskısı
82121507	4	82121500		Kırtasiye veya iş formu baskısı
82121508	4	82121500		Sargı veya etiket veya mühür veya torba baskısı
82121509	4	82121500		Güvenlik veya finansal araç baskısı
82121510	4	82121500		Tekstil baskısı
82121511	4	82121500		Teknik kılavuz veya yönerge sayfası baskısı
82121512	4	82121500		Kabartma (embossing)
82121513	4	82121500		Oy pusulası baskısı
82121600	3	82120000		Gravür (oyma)
82121601	4	82121600		Para gravürü
82121602	4	82121600		Oymalı silindir baskısı
82121603	4	82121600		Metal plaka gravürü
82121700	3	82120000		Fotokopi
82121701	4	82121700		Siyah beyaz kopya veya harmanlama hizmetleri
82121702	4	82121700		Renkli kopya veya harmanlama hizmetleri
82121800	3	82120000		Yayıncılık
82121801	4	82121800		Ders kitabı veya araştırma yayıncılığı
82121802	4	82121800		Yazar finansmanlı yayıncılık hizmetleri
82121900	3	82120000		Ciltleme
82121901	4	82121900		İplik dikişli ciltleme
82121902	4	82121900		Spiral ciltleme
82121903	4	82121900		Yapıştırmalı ciltleme
82121904	4	82121900		Tarak veya kıskaç tipi ciltleme
82121905	4	82121900		Ciltleme restorasyonu veya onarımı
82121906	4	82121900		Bronzlama veya yaldızlama veya kenar işleme
82121907	4	82121900		Velo ciltleme hizmetleri
82121908	4	82121900		Kapak yapma (case making) hizmetleri
82130000	2	82000000		Fotoğrafçılık hizmetleri
82131500	3	82130000		Film işleme hizmetleri
82131501	4	82131500		Fotoğraf filmi işleme veya çoğaltma
82131502	4	82131500		Sinema filmi işleme veya çoğaltma
82131503	4	82131500		Mikrofiş hizmetleri
82131504	4	82131500		Renk ayrımı
82131505	4	82131500		Film post prodüksiyon hizmeti
82131600	3	82130000		Fotoğrafçılar ve görüntü yönetmenleri
82131601	4	82131600		Hava fotoğrafçılığı hizmetleri
82131602	4	82131600		Sinema görüntü yönetmenliği
82131603	4	82131600		Video prodüksiyon hizmetleri
82131604	4	82131600		Stüdyo fotoğrafçılığı hizmetleri veya fotoğraflar
82140000	2	82000000		Grafik tasarım
82141500	3	82140000		Sanat tasarım hizmetleri
82141501	4	82141500		Yerleşim veya grafik düzenleme hizmetleri
82141502	4	82141500		Sanat tasarımı veya grafik
82141503	4	82141500		Fotodizgi
82141504	4	82141500		Çizelge veya grafik tasarım hizmetleri
82141505	4	82141500		Bilgisayar üretimi tasarım hizmetleri
82141506	4	82141500		Ambalaj tasarım hizmetleri
82141507	4	82141500		Serigrafi tasarım hizmetleri
82141600	3	82140000		Grafik teşhir hizmetleri
82141601	4	82141600		Fotoğraf veya resim çerçeveleme hizmetleri
82141602	4	82141600		Ürün teşhir düzenleme
82150000	2	82000000		Profesyonel sanatçılar ve icracılar
82151500	3	82150000		Görsel sanat hizmetleri
82151501	4	82151500		Ressamlar hizmetleri
82151502	4	82151500		Litografçılar hizmetleri
82151503	4	82151500		Karikatüristler hizmetleri
82151504	4	82151500		Heykeltıraşlar hizmetleri
82151505	4	82151500		Seramik üreticileri hizmetleri
82151506	4	82151500		Cam üfleyiciler hizmetleri
82151507	4	82151500		Tekstil iplikçi veya dokumacı hizmetleri
82151508	4	82151500		Tahnit (taksidermi) hizmetleri
82151509	4	82151500		Kamusal veya açık hava sanat eseri veya dekoratif armatür kurulum ve bakımı
82151510	4	82151500		Sanat eseri kurulum ve tablo asma hizmeti
82151511	4	82151500		Sanat galerisi ve müze sergileri ve koleksiyonları için teknik hizmet
82151512	4	82151500		Sanat galerisi ve müze sergileri ve koleksiyonları için küratörlük hizmeti
82151700	3	82150000		Sahne sanatları profesyonelleri
82151701	4	82151700		Oyunculuk hizmetleri
82151702	4	82151700		Komedyenler hizmetleri
82151703	4	82151700		Dansçılar hizmetleri
82151704	4	82151700		Müzisyenler hizmetleri
82151705	4	82151700		Vokalistler hizmetleri
82151706	4	82151700		Koreografi hizmetleri
82160000	2	82000000		Film ve tiyatro yapım destek hizmetleri
83000000	1		J	Kamu Hizmetleri ve Kamu Sektörü ile İlgili Hizmetler
83100000	2	83000000		Altyapı hizmetleri (utilities)
83101500	3	83100000		Su ve kanalizasyon altyapı hizmetleri
83101501	4	83101500		Su temini
83101502	4	83101500		Su kaynağı yönetimi
83101503	4	83101500		Su kalitesi kontrol yönetimi
83101504	4	83101500		Su dağıtım yönetimi
83101505	4	83101500		Su politikası danışmanlık hizmetleri
83101506	4	83101500		Su arıtma hizmetleri
83101507	4	83101500		Tuzdan arındırma hizmetleri
83101508	4	83101500		Şehir suyu
83101509	4	83101500		Kullanım suyu
83101510	4	83101500		Soğutulmuş su
83101600	3	83100000		Petrol ve gaz altyapı hizmetleri
83101601	4	83101600		Doğal gaz temini
83101602	4	83101600		Fuel oil temini
83101603	4	83101600		Petrol boru hattı hizmetleri
83101604	4	83101600		Gaz boru hattı hizmetleri
83101605	4	83101600		Gaz tesisi ücreti
83101606	4	83101600		Yakıt temini
83101800	3	83100000		Elektrik altyapı hizmetleri
83101801	4	83101800		Tek fazlı elektrik temini
83101802	4	83101800		İki fazlı elektrik temini
83101803	4	83101800		Üç fazlı elektrik temini
83101804	4	83101800		Elektrik güç iletim hizmetleri
83101805	4	83101800		Endüstriyel elektrik gücü dağıtımı
83101806	4	83101800		Kırsal elektrik gücü dağıtımı
83101807	4	83101800		Belediye elektrik gücü dağıtımı
83101808	4	83101800		Güç kalitesi izleme
83101900	3	83100000		Enerji tasarrufu
83101901	4	83101900		Enerji tasarrufu programları
83101902	4	83101900		Enerji kullanımı azaltma önlemleri
83101903	4	83101900		Bölgesel ısıtma
83110000	2	83000000		Telekomünikasyon medya hizmetleri
83111500	3	83110000		Yerel ve şehirlerarası telefon iletişimi
83111501	4	83111500		Yerel telefon hizmeti
83111502	4	83111500		Şehirlerarası telefon hizmetleri
83111503	4	83111500		Ankesörlü telefon sağlayıcı hizmetleri
83111504	4	83111500		Ön ödemeli telefon kartı hizmetleri
83111505	4	83111500		Bilinmeyen numara yardım hizmetleri
83111506	4	83111500		Konferans arama hizmetleri
83111507	4	83111500		Çağrı merkezi büro hizmetleri
83111508	4	83111500		Ücretsiz gelen arama telefon hizmeti
83111510	4	83111500		Etkileşimli sesli yanıt hizmeti
83111511	4	83111500		Frame relay telekomünikasyon hizmeti
83111600	3	83110000		Mobil iletişim hizmetleri
83111601	4	83111600		Telekomünikasyon sinyal güçlendirme ağ hizmetleri
83111602	4	83111600		Uydu veya yer iletişim sistemleri hizmetleri
83111603	4	83111600		Hücresel telefon hizmetleri
83111604	4	83111600		Çağrı (paging) hizmetleri
83111605	4	83111600		Uzay segmenti kiralama
83111606	4	83111600		Telsiz Kılavuzu
83111700	3	83110000		Faks ve telgraf hizmetleri
83111701	4	83111700		Faks iletim hizmetleri
83111702	4	83111700		Telgraf iletim hizmetleri
83111703	4	83111700		Teleks iletim hizmetleri
83111800	3	83110000		Televizyon hizmetleri
83111801	4	83111800		Kablolu televizyon hizmetleri
83111802	4	83111800		Kapalı devre televizyon hizmetleri
83111803	4	83111800		Televizyon anteni kurulum veya kiralama hizmetleri
83111804	4	83111800		Televizyon yayın istasyonu yönetimi
83111900	3	83110000		Radyo hizmetleri
83111901	4	83111900		Radyo yayın istasyonu yönetimi
83111902	4	83111900		Amatör radyo ağları veya hizmetleri
83111903	4	83111900		Küçük ölçekli radyo sistemleri
83111904	4	83111900		Radyo stüdyosu veya ekipman hizmetleri
83111905	4	83111900		Uluslararası ikili hizmetler ve uluslararası özel kiralık hatlar
83112200	3	83110000		Gelişmiş telekomünikasyon hizmetleri
83112201	4	83112200		ATM asenkron transfer modu yönetilen ağ hizmetleri
83112202	4	83112200		Frame relay genel yönetilen ağ hizmetleri
83112203	4	83112200		VPN sanal özel ağ yönetilen ağ hizmetleri
83112204	4	83112200		X75 yönetilen ağ hizmetleri
83112205	4	83112200		X25 yönetilen ağ hizmetleri
83112206	4	83112200		Yönlü radyo kapasitesi felaket kurtarma yönetim hizmeti
83112300	3	83110000		Fiber telekomünikasyon hizmetleri
83112301	4	83112300		Karanlık fiber
83112302	4	83112300		Yoğun dalga boyu bölmeli çoğullama DWDM
83112303	4	83112300		Dalga bölmeli çoğullama WDM
83112304	4	83112300		Ocx optik taşıyıcı hizmeti
83112400	3	83110000		Anahtarlamalı çevirmeli ve kiralık tahsis hat devre telekomünikasyon hizmetleri
83112401	4	83112400		Yüksek hızlı devre anahtarlamalı çevirmeli hizmetler
83112402	4	83112400		ISDN entegre hizmetler dijital ağ hizmetleri
83112403	4	83112400		Noktadan noktaya dijital telekomünikasyon devresi
83112404	4	83112400		Çok noktalı analog telekomünikasyon devresi
83112405	4	83112400		Noktadan noktaya analog telekomünikasyon devresi
83112406	4	83112400		DSL dijital abone hattı
83112500	3	83110000		Omurga (backbone) kapasiteleri
83112501	4	83112500		Denizaltı kablo kapasiteleri ve denizaltı kablo PoP'tan PoP'a kapasiteleri
83112502	4	83112500		Karasal omurga kapasiteleri
83112503	4	83112500		Yarım devre sistemleri, DDP'ler ve idari kiralama için geçiş hakları
83112504	4	83112500		Denizaltı kablo veya karasal kablo sistemleri için geri alınamaz kullanım hakları IRU
83112505	4	83112500		Çapraz bağlantı işlevselliği
83112506	4	83112500		Yönlü radyo omurga kapasitesi teknik altyapı hizmeti
83112600	3	83110000		Müşteri erişimi
83112601	4	83112600		Yerel döngü (local loop) kapasiteleri
83112602	4	83112600		İç kiralık hatlar
83112603	4	83112600		Uluslararası erişim hatları
83112604	4	83112600		Çevirmeli erişim hizmetleri
83112605	4	83112600		Harici uluslararası hatlar
83112606	4	83112600		Yönlü radyo kapasitesi müşteri erişim hizmeti
83120000	2	83000000		Bilgi hizmetleri
83121500	3	83120000		Kütüphaneler
83121501	4	83121500		Genel belediye halk kütüphaneleri
83121502	4	83121500		Yüksekokul veya üniversite kütüphaneleri
83121503	4	83121500		Özel mülkiyet kütüphaneleri
83121504	4	83121500		Ulusal hükümet veya askeri kütüphaneler
83121600	3	83120000		Bilgi merkezleri
83121601	4	83121600		Ticaret odaları
83121602	4	83121600		Turizm kurulu hizmetleri
83121603	4	83121600		Bilgisayarlı bilgi erişim sistemleri
83121604	4	83121600		Çevrimiçi veritabanı bilgi erişim sistemleri
83121605	4	83121600		Uzaktan veritabanı bilgi erişim hizmetleri
83121606	4	83121600		Kişi takip (skip tracing) hizmetleri
83121700	3	83120000		Kitle iletişim hizmetleri
83121701	4	83121700		Televizyonla ilgili hizmetler
83121702	4	83121700		Radyoyla ilgili hizmetler
83121703	4	83121700		İnternetle ilgili hizmetler
83121704	4	83121700		Vatandaş uyarı sistemleri
84000000	1		J	Finansal ve Sigorta Hizmetleri
84100000	2	84000000		Kalkınma finansmanı
84101500	3	84100000		Kalkınma yardımı
84101501	4	84101500		Mali yardım
84101502	4	84101500		Tasarruf seferberliği programları
84101503	4	84101500		Garanti anlaşmaları
84101600	3	84100000		Yardım finansmanı
84101601	4	84101600		Ortak finansman
84101602	4	84101600		İki taraflı veya çok taraflı yardım
84101603	4	84101600		Hükümet dışı yardım
84101604	4	84101600		Hükümet yardımı
84101700	3	84100000		Borç yönetimi
84101701	4	84101700		Borç müzakeresi
84101702	4	84101700		Borç yeniden yapılandırması
84101703	4	84101700		Borç servisi
84101704	4	84101700		Borç tahsilat hizmetleri
84101705	4	84101700		Geri alma (haciz) hizmetleri
84110000	2	84000000		Muhasebe ve defter tutma hizmetleri
84111500	3	84110000		Muhasebe hizmetleri
84111501	4	84111500		Maliyet muhasebesi hizmeti
84111502	4	84111500		Finansal muhasebe hizmeti
84111503	4	84111500		Vergi muhasebesi hizmeti
84111504	4	84111500		Defter tutma hizmetleri
84111505	4	84111500		Bordro muhasebesi hizmetleri
84111506	4	84111500		Faturalama hizmetleri
84111507	4	84111500		Stok muhasebesi hizmeti
84111508	4	84111500		İhracat idaresi ve muhasebe hizmeti
84111600	3	84110000		Denetim hizmetleri
84111601	4	84111600		Yıl sonu denetimleri
84111602	4	84111600		Üç aylık incelemeler
84111603	4	84111600		İç denetimler
84111700	3	84110000		Kurumsal finans
84111701	4	84111700		Hazine hizmetleri
84111702	4	84111700		Yatırımcı ilişkileri hizmetleri veya programları
84111703	4	84111700		Bütçe hazırlama veya inceleme hizmetleri
84111800	3	84110000		Vergilendirme konuları ve hazırlığı
84111801	4	84111800		Vergi beyannamesi hazırlayıcıları
84111802	4	84111800		Vergi danışmanlık hizmetleri
84120000	2	84000000		Bankacılık ve yatırım
84121500	3	84120000		Bankacılık kurumları
84121501	4	84121500		Özel mülkiyet bankaları
84121502	4	84121500		Kamu mülkiyeti bankaları
84121503	4	84121500		Kredi birlikleri
84121504	4	84121500		Kalkınma finansmanı kurumları
84121600	3	84120000		Fon transferi ve takas ve döviz hizmetleri
84121601	4	84121600		Fon takas hizmetleri
84121602	4	84121600		Akreditif hizmetleri
84121603	4	84121600		Döviz hizmetleri
84121604	4	84121600		Spot döviz işlemi hizmetleri
84121605	4	84121600		Döviz dönüştürme hizmeti
84121606	4	84121600		Havale işleme hizmetleri
84121607	4	84121600		Faaliyet (operating) kiralama finans hizmeti
84121608	4	84121600		Ödeme ağ geçidi hizmetleri
84121700	3	84120000		Yatırım tavsiyesi
84121701	4	84121700		Yatırım danışmanları
84121702	4	84121700		Yatırım politikası
84121703	4	84121700		Yatırım analizi
84121704	4	84121700		Yatırım anlaşmaları
84121705	4	84121700		Piyasa verileri
84121706	4	84121700		Finansal varlık yönetimi hizmeti
84121800	3	84120000		Menkul kıymet ve emtia piyasaları hizmetleri
84121801	4	84121800		Borsa işlem hizmetleri
84121802	4	84121800		Emtia veya vadeli işlem piyasası hizmetleri
84121803	4	84121800		Devlet tahvilleri
84121804	4	84121800		Özel ihraç tahviller
84121805	4	84121800		Değerli metal piyasası hizmetleri
84121806	4	84121800		Menkul Kıymet Saklama Hizmetleri
84121900	3	84120000		Mortgage bankacılığı
84121901	4	84121900		Konut finansmanı
84121902	4	84121900		Yeniden finansman hizmetleri
84121903	4	84121900		Ticari mortgage finansmanı
84122000	3	84120000		Nakit kasa hizmetleri
84122001	4	84122000		Mevduat doğrulama hizmetleri
84130000	2	84000000		Sigorta ve emeklilik hizmetleri
84131500	3	84130000		Yapılar ve mülk ve eşyalar için sigorta hizmetleri
84131501	4	84131500		Bina veya bina içeriği sigortası
84131502	4	84131500		Ev sahibi veya kiracı sigortası
84131503	4	84131500		Otomobil veya kamyon sigortası
84131504	4	84131500		Kargo sigortası
84131505	4	84131500		Deniz sigortası
84131506	4	84131500		Reasürans hizmetleri
84131507	4	84131500		İş kesintisi sigortası
84131508	4	84131500		Nakit nakli sigortası
84131509	4	84131500		Kapsamlı proje sigortası
84131510	4	84131500		Müteahhit tüm riskler sigortası
84131511	4	84131500		Stok bozulması sigortası
84131512	4	84131500		Elektronik ekipman sigortası
84131513	4	84131500		Montaj tüm riskler sigortası
84131514	4	84131500		Sadakat garantisi sigortası
84131515	4	84131500		Kuyumcu blok sigortası
84131516	4	84131500		Mesleki sorumluluk sigortası
84131517	4	84131500		Seyahat sigortası
84131518	4	84131500		Bisiklet sigortası
84131519	4	84131500		Yangın sigortası
84131600	3	84130000		Hayat ve sağlık ve kaza sigortası
84131601	4	84131600		Hayat sigortası
84131602	4	84131600		Sağlık veya hastane sigortası
84131603	4	84131600		Kaza yaralanması sigortası
84131604	4	84131600		Maluliyet sigortası
84131605	4	84131600		İşçi sigortası
84131606	4	84131600		İşsizlik sigortası
84131607	4	84131600		Sorumluluk sigortası
84131608	4	84131600		Tıbbi Talep İnceleme ve Yönetimi
84131609	4	84131600		Çalışan yardım programları
84131610	4	84131600		Esnek harcama hesapları FSA
84131611	4	84131600		Tıbbi malpraktis sigortası
84131613	4	84131600		Hasar ödemesi işleme veya idaresi
84131700	3	84130000		Emeklilik fonları
84131701	4	84131700		İşveren yönetimli emeklilik fonları
84131702	4	84131700		Sendika veya lonca yönetimli emeklilik fonları
84131800	3	84130000		Emeklilik (retirement) fonları
84131801	4	84131800		Bireysel veya işveren destekli emeklilik fonları
84131802	4	84131800		Bireysel veya kişisel emeklilik planları
84140000	2	84000000		Kredi kuruluşları
84141500	3	84140000		Devlet kredi kuruluşları
84141501	4	84141500		Çiftçi kredisi hizmetleri
84141502	4	84141500		Küçük işletme kredisi kuruluşları
84141503	4	84141500		Azınlık sahipli işletme programları
84141600	3	84140000		Bireysel kredi kuruluşları
84141601	4	84141600		Tüketici kredisi toplama veya raporlama hizmetleri
84141602	4	84141600		Kredi kartı hizmet sağlayıcıları
84141700	3	84140000		Ticari kredi kuruluşları
84141701	4	84141700		Ticari kredi toplama veya raporlama hizmetleri
84141702	4	84141700		Katma değerli ağ VAN hizmetleri
85000000	1		J	Sağlık Hizmetleri
85100000	2	85000000		Kapsamlı sağlık hizmetleri
85101500	3	85100000		Sağlık merkezleri
85101501	4	85101500		Acil veya cerrahi hastane hizmetleri
85101502	4	85101500		Özel uzmanlaşmış klinik hizmetleri
85101503	4	85101500		Tıbbi muayenehane hizmetleri
85101504	4	85101500		Psikiyatri hastanesi hizmetleri
85101505	4	85101500		Solunum hastanesi hizmetleri
85101506	4	85101500		Madde bağımlılığı hastanesi hizmetleri
85101508	4	85101500		Mobil sağlık merkezleri veya hizmetleri
85101509	4	85101500		Jinekolojik veya obstetrik hastane hizmetleri
85101600	3	85100000		Sağlık hizmeti sağlayıcı destek personeli
85101700	3	85100000		Sağlık idaresi hizmetleri
85101701	4	85101700		Sağlık politikası
85101702	4	85101700		Sağlık mevzuatı veya düzenlemeleri
85101703	4	85101700		Sağlık hizmeti planlaması
85101705	4	85101700		Halk sağlığı idaresi
85101707	4	85101700		Sağlık sistemi değerlendirme hizmetleri
85110000	2	85000000		Hastalık önleme ve kontrolü
85111500	3	85110000		Bulaşıcı hastalık önleme ve kontrolü
85111501	4	85111500		AIDS önleme veya kontrol hizmetleri
85111502	4	85111500		Paraziter hastalık önleme veya kontrol hizmetleri
85111503	4	85111500		Mantar hastalığı önleme veya kontrol hizmetleri
85111504	4	85111500		Tüberküloz önleme veya kontrol hizmetleri
85111505	4	85111500		Cüzzam önleme veya kontrol hizmetleri
85111506	4	85111500		Bakteriyel hastalık önleme veya kontrol hizmetleri
85111507	4	85111500		Cinsel yolla bulaşan hastalık önleme veya kontrol hizmetleri
85111508	4	85111500		Viral hastalık önleme veya kontrol hizmetleri
85111509	4	85111500		Zoonotik hastalık önleme veya kontrol hizmetleri
85111510	4	85111500		Aşılama hizmetleri
85111511	4	85111500		Karantina hizmetleri
85111512	4	85111500		Bağışıklama hizmetleri
85111513	4	85111500		Böcek yok etme (disinsektizasyon) hizmetleri
85111514	4	85111500		Epidemi önleme veya kontrol hizmetleri
85111600	3	85110000		Bulaşıcı olmayan hastalık önleme ve kontrolü
85111601	4	85111600		Kemik hastalığı önleme veya kontrol hizmetleri
85111602	4	85111600		Kanser veya lösemi önleme veya kontrol hizmetleri
85111603	4	85111600		Endokrin hastalığı önleme veya kontrol hizmetleri
85111604	4	85111600		Kalp hastalığı önleme veya kontrol hizmetleri
85111605	4	85111600		İmmünolojik önleme veya kontrol hizmetleri
85111606	4	85111600		Alerji önleme veya kontrol hizmetleri
85111607	4	85111600		Nörolojik bozukluk önleme veya kontrol hizmetleri
85111608	4	85111600		Beslenme hastalığı önleme veya kontrol hizmetleri
85111609	4	85111600		Radyasyon hastalığı önleme veya kontrol hizmetleri
85111610	4	85111600		Sindirim sistemi hastalığı önleme veya kontrol hizmetleri
85111611	4	85111600		Göz hastalığı önleme veya kontrol hizmetleri
85111612	4	85111600		Solunum hastalığı önleme veya kontrol hizmetleri
85111613	4	85111600		Tropikal hastalık önleme veya kontrol hizmetleri
85111614	4	85111600		Çocukluk hastalığı önleme veya kontrol hizmetleri
85111615	4	85111600		İshalli hastalık önleme veya kontrol hizmetleri
85111616	4	85111600		Alkolizm önleme veya kontrol hizmetleri
85111617	4	85111600		Uyuşturucu bağımlılığı önleme veya kontrol hizmetleri
85111700	3	85110000		Hastalık vektörü yönetimi ve kontrolü
85111701	4	85111700		Kene yönetimi veya kontrol hizmetleri
85111702	4	85111700		Çeçe sineği yönetimi veya kontrol hizmetleri
85111703	4	85111700		Bakteri yönetimi veya kontrol hizmetleri
85111704	4	85111700		Sivrisinek yönetimi veya kontrol hizmetleri
85120000	2	85000000		Tıbbi uygulama
85121500	3	85120000		Birinci basamak hekim hizmetleri
85121501	4	85121500		Birinci basamak hekim ev ziyareti hizmetleri
85121502	4	85121500		Birinci basamak hekim konsültasyon hizmetleri
85121503	4	85121500		Birinci basamak hekim kontrol hizmetleri
85121504	4	85121500		Birinci basamak hekim acil tıbbi hizmetleri
85121600	3	85120000		Uzman doktor hizmetleri
85121608	4	85121600		Psikolog hizmetleri
85121613	4	85121600		Pediatri hizmetleri
85121700	3	85120000		Sağlık hizmeti sağlayıcı uzman hizmetleri
85121800	3	85120000		Tıbbi laboratuvarlar
85121801	4	85121800		Kan analizi laboratuvarı hizmetleri
85121802	4	85121800		Bakteriyolojik laboratuvar hizmetleri
85121803	4	85121800		Biyolojik laboratuvar hizmetleri
85121804	4	85121800		Patolojik laboratuvar hizmetleri
85121805	4	85121800		İdrar analizi laboratuvarı hizmetleri
85121806	4	85121800		Nörolojik laboratuvar hizmetleri
85121807	4	85121800		Ultrason laboratuvarı hizmetleri
85121808	4	85121800		X ışını laboratuvarı hizmetleri
85121809	4	85121800		Kan veya sperm veya nakil organı bankaları hizmetleri
85121810	4	85121800		Uyuşturucu veya alkol taraması
85121811	4	85121800		Laboratuvar ekipmanı kiralama hizmeti
85121900	3	85120000		Eczacılar
85121901	4	85121900		Farmasötik hazırlama hizmetleri
85121902	4	85121900		Ticari farmasötik hizmetler
85122000	3	85120000		Diş hekimliği hizmetleri
85122001	4	85122000		Diş hekimi hizmetleri
85122002	4	85122000		Diş hijyenisti hizmetleri
85122003	4	85122000		Diş hekimi destek personeli hizmetleri
85122004	4	85122000		Ağız cerrahı hizmetleri
85122005	4	85122000		Ortodonti hizmetleri
85122100	3	85120000		Rehabilitasyon hizmetleri
85122101	4	85122100		Fizik tedavi hizmetleri
85122102	4	85122100		İş uğraşı terapisi hizmetleri
85122103	4	85122100		Madde bağımlılığı için rehabilitasyon hizmetleri
85122109	4	85122100		Kronik engelli kişiler için rehabilitasyon hizmetleri
85122200	3	85120000		Bireysel sağlık taraması ve değerlendirme hizmetleri
85122201	4	85122200		Bireysel sağlık değerlendirmesi
85130000	2	85000000		Tıp bilimi araştırması ve deneyleri
85131500	3	85130000		Deneysel tıp hizmetleri
85131600	3	85130000		Tıbbi etik
85131700	3	85130000		Tıp bilimi ve araştırması
85140000	2	85000000		Alternatif ve bütünsel tıp
85141500	3	85140000		İnançla şifa verenler
85141600	3	85140000		Bitkisel tedaviler
85141601	4	85141600		Bitkisel ilaç veya bitki uzmanı hizmetleri
85141602	4	85141600		Yosun veya deniz yosunu tıbbi tedavileri
85141700	3	85140000		Homeopatik uygulama
85150000	2	85000000		Gıda ve beslenme hizmetleri
85151500	3	85150000		Gıda teknolojisi
85151501	4	85151500		Gıda hijyeni kontrol hizmetleri
85151502	4	85151500		Gıda kontaminasyon kontrol hizmetleri
85151503	4	85151500		Gıda muhafaza yönetimi veya kontrol hizmetleri
85151600	3	85150000		Beslenme konuları
85151601	4	85151600		Beslenme programlama hizmetleri
85151604	4	85151600		Beslenme projesi değerlendirmesi
85151606	4	85151600		Besin eksikliği kontrol programları
85151700	3	85150000		Gıda politikası planlaması ve yardımı
85151701	4	85151700		Gıda standartları
85151702	4	85151700		Gıda yardımı küresel bilgi veya erken uyarı sistemleri hizmetleri
85151703	4	85151700		Acil gıda ihtiyaçlarının değerlendirmesi
85151704	4	85151700		Ulusal gıda müdahale politikası veya programları
85151705	4	85151700		Gıda yardımı beslenme etkisinin değerlendirmesi
85160000	2	85000000		Tıbbi Cerrahi Ekipman Bakım Yenileme ve Onarım Hizmetleri
85161500	3	85160000		Tıbbi veya cerrahi ekipman onarımı
85161501	4	85161500		Tıbbi ana ekipman bakımı veya onarımı
85161502	4	85161500		Tıbbi yardımcı ekipman bakımı veya onarımı
85161503	4	85161500		Tıbbi veya cerrahi enstrüman bakımı veya onarımı
85161504	4	85161500		Tıbbi veya cerrahi ekipman hizmet sözleşmesi
85161505	4	85161500		Tıbbi veya cerrahi ekipman veya implant kiralama ve nakliye ücreti
85170000	2	85000000		Ölüm ve ölmekte olana destek hizmetleri
85171500	3	85170000		Cenaze ve ilgili hizmetler
85171501	4	85171500		Mezar kazma
85171600	3	85170000		Hospis (palyatif) bakımı
85171601	4	85171600		Hospis idare hizmeti
85210000	2	85000000		Bulaşıcı ve paraziter hastalık tanıları - bölüm a
85217100	3	85210000		İnsan bağışıklık yetmezliği virüsü HIV hastalığı ve ilgili durumların tanıları
85260000	2	85000000		Endokrin, beslenme ve metabolik hastalık tanıları
85261600	3	85260000		İyot eksikliğine bağlı tiroid bozuklukları ve ilgili durumların tanıları
85270000	2	85000000		Ruhsal ve davranışsal bozukluk tanıları
85380000	2	85000000		Perinatal dönemde başlayan bazı durumların tanıları
85383300	3	85380000		Neonatal aspirasyon sendromlarının tanıları
85400000	2	85000000		Doğuştan malformasyon, deformasyon ve kromozomal anormallik tanıları
85470000	2	85000000		Merkezi sinir sistemi cerrahi müdahaleleri veya prosedürleri
85472000	3	85470000		Beyin ventrikülleri omurilik kanalı - perkütan endoskopik yaklaşım
85472700	3	85470000		Meninks araknoid boşluk koruyucu zarlar - açık yaklaşım
85472742	4	85472700		Dura materin otolog olmayan doku ikamesiyle takviyesi, açık yaklaşım
85700000	2	85000000		Alt kemiklerin cerrahi müdahaleleri veya prosedürleri
85760000	2	85000000		Anatomik bölgelerin cerrahi müdahaleleri veya prosedürleri - genel
85765500	3	85760000		Genitoüriner veya üreme yollarının yapıları, açık yaklaşım
85765508	4	85765500		Genitoüriner sisteme diğer cihaz yerleştirme, açık yaklaşım
86000000	1		J	Eğitim ve Öğretim Hizmetleri
86100000	2	86000000		Mesleki eğitim
86101400	3	86100000		Havacılığa Özel Eğitim
86101401	4	86101400		Eğitim - Aviyonik
86101402	4	86101400		Eğitim - Havacılık Güvenliği
86101403	4	86101400		Eğitim - Arama ve Kurtarma
86101404	4	86101400		Eğitim - Havaalanı Aydınlatması
86101405	4	86101400		Eğitim - Yer Seyrüsefer Yardımcıları
86101406	4	86101400		Eğitim - Uydu Seyrüsefer Ekipmanı
86101407	4	86101400		Eğitim - İletişim Sistemleri
86101408	4	86101400		Eğitim - Meteoroloji Sistemleri
86101409	4	86101400		Eğitim Kursu - Uçuş
86101410	4	86101400		Eğitim Kursu - Uçuş (Helikopter)
86101411	4	86101400		Eğitim - Havaalanı Kaplama Değerlendirme ve Bakımı
86101412	4	86101400		Eğitim - Uçuş Muayene Ekipmanı
86101413	4	86101400		Eğitim - Uçuş Muayenesi
86101414	4	86101400		Eğitim - Uçuş Aletleri için Tasarım ve İnşaat Prosedürleri
86101415	4	86101400		Eğitim - Uçak Bakımı
86101416	4	86101400		Eğitim - Uçak Yapısal Onarımı
86101417	4	86101400		Eğitim Kursu - Havayolu Operasyonları
86101418	4	86101400		Eğitim, Teknik: Ekip Kaynak Yönetimi, Acil Durum Prosedürleri, Tehlikeli Maddeler
86101419	4	86101400		Eğitim - Yer Destek Ekipmanı Operasyonu (Yerinde)
86101420	4	86101400		Eğitim - Bagaj ve Kargo İşleme Ekipmanı (Yerinde)
86101500	3	86100000		Tarım ve ormancılık ve diğer doğal kaynak eğitim hizmetleri
86101501	4	86101500		Agro-sanayi mesleki eğitimi
86101502	4	86101500		Süt endüstrisi mesleki eğitimi
86101503	4	86101500		Et endüstrisi mesleki eğitimi
86101504	4	86101500		Tarım mesleki eğitim hizmetleri
86101505	4	86101500		Kırsal genç veya çiftçi mesleki eğitim hizmetleri
86101506	4	86101500		Ormancılık mesleki eğitim hizmetleri
86101507	4	86101500		Balıkçılık mesleki eğitim hizmetleri
86101508	4	86101500		Çevre mesleki eğitim hizmetleri
86101509	4	86101500		Doğal kaynak mesleki eğitim hizmetleri
86101600	3	86100000		Bilimsel mesleki eğitim hizmetleri
86101601	4	86101600		Bilgisayar mesleki eğitim hizmetleri
86101602	4	86101600		Enerji ile ilgili mesleki eğitim hizmetleri
86101603	4	86101600		Kimya mesleki eğitim hizmetleri
86101604	4	86101600		Biyoloji mesleki eğitim hizmetleri
86101605	4	86101600		Tıp mesleki eğitim hizmetleri
86101606	4	86101600		Elektronik mesleki eğitim hizmetleri
86101607	4	86101600		Telekomünikasyon mesleki eğitim hizmetleri
86101608	4	86101600		Hidrolik mesleki eğitim hizmetleri
86101609	4	86101600		Endüstriyel mesleki eğitim hizmetleri
86101610	4	86101600		Mühendislik mesleki eğitim hizmetleri
86101700	3	86100000		Bilimsel olmayan mesleki eğitim hizmetleri
86101701	4	86101700		İletişim mesleki eğitim hizmetleri
86101702	4	86101700		Turizmle ilgili eğitim
86101703	4	86101700		Kütüphane veya dokümantasyon eğitimi
86101704	4	86101700		Satın alma veya tedarik zinciri eğitimi
86101705	4	86101700		Büro eğitimi
86101706	4	86101700		Sağlık asistanlığı mesleki eğitim hizmetleri
86101708	4	86101700		Okuryazarlık hizmetleri
86101709	4	86101700		Güvenlik eğitimi hizmetleri
86101710	4	86101700		Öğretmen eğitimi hizmetleri
86101711	4	86101700		Yangın söndürme eğitimi hizmetleri
86101712	4	86101700		El sanatları mesleki eğitim hizmetleri
86101713	4	86101700		Hukuk mesleki eğitim hizmetleri
86101714	4	86101700		Kolluk kuvvetleri mesleki eğitim hizmetleri
86101715	4	86101700		Karayolu veya demiryolu taşımacılığı mesleki eğitim hizmetleri
86101716	4	86101700		Denizcilik mesleki eğitim hizmetleri
86101718	4	86101700		Eğitim Kursu - Beşeri Bilimler ve Dil
86101719	4	86101700		Eğitim - Finans
86101800	3	86100000		Hizmet içi eğitim ve insan gücü geliştirme
86101802	4	86101800		Yeniden eğitim veya tazeleme eğitimi hizmetleri
86101803	4	86101800		Mesleki rehabilitasyon hizmetleri
86101806	4	86101800		Sağlık sektörü insan gücü geliştirme
86101810	4	86101800		Personel beceri eğitimi
86110000	2	86000000		Alternatif eğitim sistemleri
86111500	3	86110000		Uzaktan öğrenim hizmetleri
86111501	4	86111500		Uzaktan öğrenim rehberlik hizmetleri
86111502	4	86111500		Uzaktan öğretim hizmetleri
86111503	4	86111500		Sertifikalı uzaktan öğrenim hizmetleri
86111504	4	86111500		Sertifikasız uzaktan öğrenim hizmetleri
86111505	4	86111500		Uzaktan öğrenim değerlendirme hizmetleri
86111600	3	86110000		Yetişkin eğitimi
86111601	4	86111600		Akşam kursları
86111602	4	86111600		Yarı zamanlı yetişkin eğitimi hizmetleri
86111603	4	86111600		Ebeveyn eğitimi
86111604	4	86111600		Çalışan eğitimi
86111700	3	86110000		Dil okulu eğitimi
86111701	4	86111700		Konuşma dilinde yabancı dil eğitimi
86111702	4	86111700		Yabancı dil daldırma eğitimi
86111800	3	86110000		Eğitim değişimleri
86111801	4	86111800		Üniversiteler arası eğitim değişimleri
86111802	4	86111800		Okullar arası eğitim değişimleri
86120000	2	86000000		Eğitim kurumları
86121500	3	86120000		İlk ve orta öğretim okulları
86121600	3	86120000		Meslek yüksekokulları (junior college)
86121601	4	86121600		Toplum kolejleri
86121602	4	86121600		Teknik enstitüler
86121700	3	86120000		Üniversite ve yüksekokullar
86121701	4	86121700		Lisans programları
86121702	4	86121700		Lisansüstü programlar
86121800	3	86120000		Meslek okulları
86121802	4	86121800		İlahiyat seminerleri
86121803	4	86121800		Teknik meslek okulları
86121804	4	86121800		Teknik olmayan meslek okulları
86130000	2	86000000		Özelleşmiş eğitim hizmetleri
86131500	3	86130000		Güzel sanatlar
86131501	4	86131500		Tiyatro çalışmaları
86131502	4	86131500		Resim
86131503	4	86131500		Heykel
86131504	4	86131500		Medya çalışmaları
86131600	3	86130000		Müzik ve drama
86131601	4	86131600		Müzik okulları
86131602	4	86131600		Dans eğitimi
86131603	4	86131600		Drama çalışmaları
86131700	3	86130000		Araç sürme ve uçma ve yelken
86131701	4	86131700		Araç sürücü kursu hizmetleri
86131800	3	86130000		Askeri eğitim
86131803	4	86131800		Askeri polis eğitimi
86131900	3	86130000		Engelliler için okullar
86132000	3	86130000		Yönetim eğitimi ve öğretim hizmetleri
86132001	4	86132000		Yönetici koçluğu hizmeti
86132100	3	86130000		Eğitim planlama, kolaylaştırma ve sunma hizmetleri
86132101	4	86132100		Eğitim kolaylaştırma hizmeti
86132102	4	86132100		Eğitim planlama ve geliştirme danışmanlık hizmeti
86132200	3	86130000		Eğitim destek hizmetleri
86132201	4	86132200		Eğitim atölyesi hizmeti
86140000	2	86000000		Eğitim tesisleri
86141500	3	86140000		Eğitim rehberlik hizmetleri
86141501	4	86141500		Eğitim danışmanlık hizmetleri
86141600	3	86140000		Öğrenci kuruluşları
86141700	3	86140000		Eğitim teknolojisi
86141702	4	86141700		Görsel-işitsel teknoloji
86141703	4	86141700		Bilgisayar programlı öğretim
86141704	4	86141700		Kütüphane veya dokümantasyon hizmetleri
90000000	1		J	Seyahat ve Gıda ve Konaklama ve Eğlence Hizmetleri
90100000	2	90000000		Restoranlar ve ikram (catering)
90101500	3	90100000		Yeme ve içme işletmeleri
90101501	4	90101500		Restoranlar
90101502	4	90101500		Barlar
90101503	4	90101500		Fast food işletmeleri
90101504	4	90101500		Sokak yemeği satıcıları
90101600	3	90100000		Ziyafet ve ikram hizmetleri
90101601	4	90101600		Ziyafet tesisleri
90101602	4	90101600		Parti çadırı hizmetleri
90101603	4	90101600		İkram (catering) hizmetleri
90101604	4	90101600		İnşaat veya iş yeri ikram hizmetleri
90101605	4	90101600		Ulaşım operatörleri için yemek servisi
90101700	3	90100000		Kafeterya hizmetleri
90101701	4	90101700		Yerinde kafeterya yönetimi
90101800	3	90100000		Paket ve al götür hizmetleri
90101801	4	90101800		Profesyonel hazırlanmış paket yemekler
90101802	4	90101800		Yemek teslim hizmetleri
90101900	3	90100000		Yiyecek ve içecek ekipmanı kiralama ve bakım hizmetleri
90101901	4	90101900		Kahve makinesi ve öğütücü kiralama ve bakım hizmeti
90101902	4	90101900		Kahve veya sıcak içecek otomatı kiralama ve bakım hizmeti
90110000	2	90000000		Oteller ve konaklama ve toplantı tesisleri
90111500	3	90110000		Oteller ve moteller ve hanlar
90111501	4	90111500		Oteller
90111502	4	90111500		Dağ evleri veya tatil köyleri
90111503	4	90111500		Pansiyon (bed and breakfast) hanları
90111504	4	90111500		Yazlık ev kiralama hizmetleri
90111600	3	90110000		Toplantı tesisleri
90111601	4	90111600		Konferans merkezleri
90111602	4	90111600		Video konferans tesisleri
90111603	4	90111600		Toplantı veya ziyafet salonları
90111604	4	90111600		Tente çadırları (marquee)
90111700	3	90110000		Kamp ve doğa tesisleri
90111701	4	90111700		Kamp alanları
90111702	4	90111700		Devlet mülkiyeti parklar
90111703	4	90111700		Karavan kamp alanı tesisleri
90111800	3	90110000		Otel odaları
90111801	4	90111800		Tek kişilik oda
90111802	4	90111800		İki kişilik oda
90111803	4	90111800		Süit
90111900	3	90110000		Özel konaklama hizmetleri
90111901	4	90111900		İşçi şantiye odası veya birim konaklama hizmeti
90111902	4	90111900		Öğrenci yatakhane odası veya birim konaklama hizmeti
90120000	2	90000000		Seyahat kolaylaştırma
90121500	3	90120000		Seyahat acenteleri
90121502	4	90121500		Seyahat acenteleri
90121600	3	90120000		Seyahat belgesi yardımı
90121601	4	90121600		Pasaport hizmetleri
90121602	4	90121600		Vize veya yardımcı belge hizmetleri
90121603	4	90121600		Yolcu bileti doğrulama hizmeti
90121700	3	90120000		Rehberler ve tercümanlar
90121800	3	90120000		Acil seyahat yardımı hizmetleri
90121801	4	90121800		Acil seyahat acentesi yardımı
90130000	2	90000000		Sahne sanatları
90140000	2	90000000		Ticari sporlar
90150000	2	90000000		Eğlence hizmetleri
91000000	1		J	Kişisel ve Evsel Hizmetler
91100000	2	91000000		Kişisel görünüm
91101500	3	91100000		Spa ve egzersiz ve gençleştirme tesisleri
91101501	4	91101500		Sağlık veya fitness kulüpleri
91110000	2	91000000		Evsel ve kişisel yardım
91111500	3	91110000		Çamaşır yıkama hizmetleri
91111502	4	91111500		Çamaşırhane hizmetleri
91111600	3	91110000		Ev yardımı ve bakımı
91111700	3	91110000		Tüketici satın alma ve takas hizmetleri
91111800	3	91110000		Kişisel eşya bakımı ve depolaması
91111900	3	91110000		Kişisel bakım hizmetleri
92000000	1		J	Ulusal Savunma ve Kamu Düzeni ve Güvenlik ve Emniyet Hizmetleri
92100000	2	92000000		Kamu düzeni ve emniyeti
92101500	3	92100000		Polis hizmetleri
92101501	4	92101500		Polislik hizmetleri
92101502	4	92101500		Özel silah ve taktik SWAT veya çevik kuvvet ekipleri
92101503	4	92101500		Topluma erişim programları
92101504	4	92101500		Suç caydırma programları
92101505	4	92101500		Grafiti ve vandalizm caydırma destek hizmeti
92101600	3	92100000		İtfaiye hizmetleri
92101601	4	92101600		Belediye veya ulusal yangın söndürme hizmetleri
92101602	4	92101600		Gönüllü itfaiye hizmetleri
92101603	4	92101600		Yangın önleme hizmetleri
92101604	4	92101600		Orman veya doğa yangını söndürme hizmetleri
92101700	3	92100000		Cezaevi ve hapishane sistemi
92101701	4	92101700		Cezaevi veya hapishane hizmetleri
92101702	4	92101700		Gençlik kampları veya tesisleri hizmetleri
92101703	4	92101700		Denetimli serbestlik evi hizmetleri
92101704	4	92101700		Zihinsel engelli suçlu tesisleri
92101800	3	92100000		Mahkeme sistemi
92101900	3	92100000		Kurtarma hizmetleri
92101901	4	92101900		Arama ve kurtarma ekipleri
92101902	4	92101900		Ambulans hizmetleri
92101903	4	92101900		Cankurtaran helikopter hizmetleri
92101904	4	92101900		Havuz veya plaj için cankurtaran hizmetleri
92110000	2	92000000		Askeri hizmetler ve ulusal savunma
92111500	3	92110000		Uluslararası barış ve güvenliğin korunması
92111501	4	92111500		Anlaşmazlık arabuluculuğu veya uzlaştırma veya müzakere veya çözüm
92111502	4	92111500		Barışı koruma operasyonları
92111503	4	92111500		Ateşkes anlaşmaları veya mütareke denetimi
92111504	4	92111500		Gerçekleri araştırma görevleri
92111505	4	92111500		Savaş önleme stratejileri
92111506	4	92111500		Terörle mücadele
92111507	4	92111500		Ambargolar
92111600	3	92110000		Silahsızlanma
92111601	4	92111600		Silah sınırlamaları
92111602	4	92111600		Konvansiyonel silah silahsızlanması
92111603	4	92111600		Nükleer dondurma veya silahsızlanma
92111604	4	92111600		Silah imhası
92111605	4	92111600		Silahsızlanma müzakereleri veya anlaşmaları
92111606	4	92111600		Karşılıklı veya dengeli kuvvet azaltımları
92111607	4	92111600		Muharebe alanı temizleme BAC hizmeti
92111608	4	92111600		Patlayıcı mühimmat imhası EOD hizmeti
92111609	4	92111600		Mayın faaliyet merkezi MAC veya mayın faaliyet koordinasyon merkezi MACC hizmeti
92111610	4	92111600		Mayın temizleme sonrası muayene hizmeti
92111611	4	92111600		Mayın temizleme tasarım hizmeti PDS
92111612	4	92111600		Mayın temizleme ön geliştirme PD hizmeti
92111613	4	92111600		Mayın mağduru veya kurtulanı yardım hizmeti
92111614	4	92111600		Fiziksel güvenlik ve stok yönetimi PSSM hizmeti
92111615	4	92111600		Mayın Faaliyeti ve ERW: Risk Eğitimi
92111616	4	92111600		Mayın Faaliyeti ve ERW: Savunuculuk
92111700	3	92110000		Askeri bilim ve araştırma
92111800	3	92110000		Askeri personel ve disiplin
92111900	3	92110000		Askeri politika
92112000	3	92110000		Askeri bölgeler
92112100	3	92110000		Nükleer savaş
92112200	3	92110000		Askeri taktikler
92112300	3	92110000		Askeri üsler
92112400	3	92110000		Silahlı çatışmalar ve olaylar
92120000	2	92000000		Güvenlik ve kişisel emniyet
92121500	3	92120000		Koruma (guard) hizmetleri
92121502	4	92121500		Hırsızlık koruma hizmetleri
92121503	4	92121500		Bekçi köpeği kiralama
92121504	4	92121500		Güvenlik görevlisi hizmetleri
92121600	3	92120000		Dedektiflik hizmetleri
92121601	4	92121600		Dedektiflik büroları
92121602	4	92121600		Parmak izi hizmetleri
92121603	4	92121600		Yalan tespit hizmetleri
92121604	4	92121600		Özel soruşturma hizmetleri
92121700	3	92120000		Güvenlik sistemleri hizmetleri
92121701	4	92121700		Gözetim veya alarm bakımı veya izlemesi
92121702	4	92121700		Yangın alarmı bakımı veya izlemesi
92121708	4	92121700		Biyometrik Güvenlik Sistemleri
92121709	4	92121700		İnsan Güvenlik Tarama Sistemi
92121710	4	92121700		Kontrollü Geçiş Tanımlama Sistemi
92121800	3	92120000		Zırhlı araç hizmetleri ve para nakli
92121802	4	92121800		Para nakil hizmeti
93000000	1		J	Siyaset ve Sivil İşler Hizmetleri
93100000	2	93000000		Siyasi sistemler ve kurumlar
93101500	3	93100000		Siyasi organlar
93101504	4	93101500		Siyasi yasama hizmetleri
93101600	3	93100000		Siyasi yetkililer
93101601	4	93101600		Kabine üyeleri hizmetleri
93101602	4	93101600		Valiler hizmetleri
93101603	4	93101600		Devlet başkanları hizmetleri
93101604	4	93101600		Cumhurbaşkanlığı hizmetleri
93101605	4	93101600		Başbakanlar hizmetleri
93101607	4	93101600		Devlet adamları hizmetleri
93101608	4	93101600		Parlamento üyeleri hizmetleri
93101700	3	93100000		Yasama organları ve uygulaması
93101701	4	93101700		Ulusal konsey hizmetleri
93101702	4	93101700		Korporatif devletler
93101703	4	93101700		Yasa tasarısı hazırlama hizmetleri
93101704	4	93101700		Yasama dinlemeleri (hearing) hizmetleri
93101705	4	93101700		İstihbarat hizmetleri
93101706	4	93101700		Yasama organı üyeleri hizmetleri
93101707	4	93101700		Parlamenter uygulama hizmetleri
93110000	2	93000000		Sosyo-politik koşullar
93111500	3	93110000		Siyasi hareketler
93111501	4	93111500		Aşırılıkçı hareketler
93111502	4	93111500		Barış hareketleri
93111503	4	93111500		Protesto hareketleri
93111504	4	93111500		Yer altı hareketleri
93111505	4	93111500		Öğrenci hareketleri
93111506	4	93111500		Köylü hareketleri
93111507	4	93111500		Muhalefet hareketleri
93111600	3	93110000		Siyasi temsil ve katılım
93111601	4	93111600		Siyasi temsil
93111602	4	93111600		Siyasi katılım
93111603	4	93111600		Nispi temsil
93111604	4	93111600		Oy toplayıcı hizmetleri
93111605	4	93111600		Seçmen kaydı veya sayımı veya analizi veya denetimi hizmetleri
93111606	4	93111600		Baskı grupları temsili veya katılım hizmetleri
93111607	4	93111600		Seçim analizi hizmetleri
93111608	4	93111600		Seçim organizasyonu hizmetleri
93120000	2	93000000		Uluslararası ilişkiler
93121500	3	93120000		Diplomasi
93121501	4	93121500		Diplomatik hizmetler
93121502	4	93121500		Konsolosluk hizmetleri
93121503	4	93121500		Diplomatların güvenlik hizmetleri
93121504	4	93121500		Diplomatik ayrıcalık veya dokunulmazlık hizmetleri
93121505	4	93121500		Devlet dokunulmazlıkları hizmetleri
93121506	4	93121500		Büyükelçilik veya Büyükelçi hizmetleri
93121507	4	93121500		Devlet ziyaretleri organizasyon hizmetleri
93121508	4	93121500		Uluslararası hukuk öngörme hizmetleri
93121509	4	93121500		Uluslararası hukuk teşvik veya tanıma hizmetleri
93121600	3	93120000		Uluslararası ilişkiler ve işbirliği
93121601	4	93121600		Çok taraflı işbirliği hizmetleri
93121604	4	93121600		Uluslararası ekonomik işbirliği hizmetleri
93121605	4	93121600		Kuzey-güney işbirliği hizmetleri
93121606	4	93121600		Doğu-batı işbirliği hizmetleri
93121607	4	93121600		Uluslararası işbirliği hizmetleri
93121608	4	93121600		Hükümet dışı irtibat hizmetleri
93121609	4	93121600		Bağlantısız ülkeler işbirliği
93121610	4	93121600		Bağlı ülkeler işbirliği
93121612	4	93121600		Barış antlaşmaları işbirliği
93121613	4	93121600		Antlaşma imzalama veya katılma veya tashih hizmetleri
93121614	4	93121600		Uluslararası su yolu işbirliği hizmetleri
93121615	4	93121600		Toprak talepleri veya müzakereleri üçüncü taraf hizmetleri
93121700	3	93120000		Uluslararası kuruluşlar
93121701	4	93121700		Kuruluşlar sistemi hizmetleri
93121703	4	93121700		Ekonomik veya sosyal konsey hizmetleri
93121704	4	93121700		Sekretarya hizmetleri
93121706	4	93121700		Genel kurul hizmetleri
93121707	4	93121700		Uluslararası adalet divanı hizmetleri
93121708	4	93121700		Uluslararası siyasi kuruluşlar hizmetleri
93121709	4	93121700		Uluslararası hayır kuruluşları hizmetleri
93121710	4	93121700		Uluslararası insani yardım kuruluşları hizmetleri
93130000	2	93000000		İnsani yardım ve afet yardımı
93131500	3	93130000		Mülteci programları
93131501	4	93131500		İnsan haklarının korunması hizmetleri
93131502	4	93131500		İnsan haklarının teşviki hizmetleri
93131503	4	93131500		İnsan hakları eğitimi veya bilgi yayma hizmetleri
93131504	4	93131500		Mülteci acil yardım hizmetleri
93131505	4	93131500		Mülteci kampları hizmetleri
93131506	4	93131500		Mülteci yeniden yerleştirme veya geri dönüş hizmetleri
93131507	4	93131500		Yerinden edilmiş kişilere yardım hizmetleri
93131600	3	93130000		Gıda ve beslenme politikası planlaması ve programları
93131601	4	93131600		Açlığı ortadan kaldırma programları
93131602	4	93131600		Acil gıda temini hizmetleri
93131603	4	93131600		Dünya gıda programı hizmetleri
93131609	4	93131600		Gıda yardımı politikaları veya programları
93131610	4	93131600		Gıda planlama hizmetleri
93131611	4	93131600		Gıda güvenliği hizmetleri
93131700	3	93130000		Sağlık programları
93131702	4	93131700		Sanitasyon programları
93131703	4	93131700		Araştırma programları
93131704	4	93131700		Hastalık önleme veya kontrol hizmetleri
93131705	4	93131700		Uyuşturucu istismarı önleme veya kontrol programları
93131800	3	93130000		Afete hazırlık ve yardım
93131801	4	93131800		Afet uyarı hizmetleri
93131802	4	93131800		Afete hazırlık müdahale hizmetleri
93131803	4	93131800		Acil barınma hizmetleri
93140000	2	93000000		Toplum ve sosyal hizmetler
93141500	3	93140000		Sosyal kalkınma ve hizmetler
93141501	4	93141500		Sosyal politika hizmetleri
93141502	4	93141500		Sosyal güvenlik mevzuatı hizmetleri
93141503	4	93141500		Sosyal planlama hizmetleri
93141506	4	93141500		Sosyal refah hizmetleri
93141507	4	93141500		Sosyal hizmet idaresi hizmetleri
93141508	4	93141500		Gönüllü hizmet yönetimi
93141509	4	93141500		Sosyal sorunlar analizi veya yönetim hizmetleri
93141510	4	93141500		Sosyal yapı çalışmaları veya ilgili hizmetler
93141511	4	93141500		Sosyal gruplar çalışmaları veya ilgili hizmetler
93141513	4	93141500		Sosyal adalet veya mevzuat hizmetleri
93141600	3	93140000		Nüfus
93141601	4	93141600		Nüfus sayımı hizmetleri
93141602	4	93141600		Nüfus örneklem anketleri hizmetleri
93141603	4	93141600		Doğum bildirimi veya kontrol hizmetleri
93141604	4	93141600		Nüfus kontrol hizmetleri
93141605	4	93141600		Nüfus eğilimleri veya projeksiyonları hizmetleri
93141608	4	93141600		Nüfus dağılımı veya analizi hizmetleri
93141609	4	93141600		Nüfus bileşimi analizi hizmetleri
93141610	4	93141600		Demografik çalışmalar
93141612	4	93141600		Aile planlaması programları veya hizmetleri
93141700	3	93140000		Kültür
93141701	4	93141700		Kültürel etkinlik organizasyonları
93141702	4	93141700		Kültür tanıtım hizmetleri
93141706	4	93141700		Azınlıkların korunması hizmetleri
93141707	4	93141700		Kültürel miras koruma veya tanıtım hizmetleri
93141709	4	93141700		Kültür politikası hizmetleri
93141710	4	93141700		Arkaik veya yerli dil hizmetleri
93141711	4	93141700		Geleneksel el sanatları tanıtım hizmetleri
93141712	4	93141700		Fikri veya kültürel mülkiyetin korunması hizmetleri
93141713	4	93141700		Tarihi sit veya anıtların korunması hizmetleri
93141715	4	93141700		Antropolojik araştırma hizmeti
93141800	3	93140000		İstihdam
93141801	4	93141800		İstihdam teşviki veya planlama hizmetleri
93141802	4	93141800		İşe alım hizmetleri
93141803	4	93141800		Uluslararası çalışma standartları hizmetleri
93141804	4	93141800		Uluslararası çalışma kaydı hizmetleri
93141805	4	93141800		İşsizlik hizmetleri
93141806	4	93141800		İstihdam istatistikleri veya tahmin hizmetleri
93141807	4	93141800		Çalışma süresi düzenlemeleri
93141808	4	93141800		İş sağlığı veya güvenliği hizmetleri
93141810	4	93141800		Kariyer geliştirme hizmetleri
93141811	4	93141800		Tanıtım hizmetleri
93141812	4	93141800		İş denetim hizmetleri
93141813	4	93141800		İş konseyi hizmetleri
93141814	4	93141800		Uluslararası çalışma hizmetleri
93141900	3	93140000		Kırsal kalkınma
93141902	4	93141900		Kırsal yatırım hizmetleri
93141905	4	93141900		Tarımsal araştırma hizmetleri
93141906	4	93141900		Çiftçi veya köylü kuruluşları hizmetleri
93141907	4	93141900		Tarımsal üretim veya kırsal kalkınmada kadın hizmetleri
93141908	4	93141900		Tarım reformu veya arazi yerleşimi hizmetleri
93141909	4	93141900		Arazi idaresi hizmetleri
93142000	3	93140000		Kentsel kalkınma
93142001	4	93142000		Kentsel kalkınma planlama hizmetleri
93142002	4	93142000		Kentsel arazi idaresi hizmetleri
93142003	4	93142000		Kentsel yatırım programlama hizmetleri
93142004	4	93142000		Gecekondu yenileme hizmetleri
93142005	4	93142000		Kentsel aydınlatma hizmetleri
93142006	4	93142000		Kentsel kalkınma kontrol veya düzenleme hizmetleri
93142007	4	93142000		Kentsel yapı standartları veya düzenlemeleri hizmetleri
93142008	4	93142000		Kentsel toplum hizmetleri
93142009	4	93142000		Kentsel proje veya program idaresi veya yönetim hizmetleri
93142100	3	93140000		Bölgesel kalkınma
93142101	4	93142100		Bölgesel kalkınma planlama hizmetleri
93142102	4	93142100		Ekonomik işbirliği hizmetleri
93142103	4	93142100		Teknik işbirliği hizmetleri
93142104	4	93142100		Sektörel planlama hizmetleri
93150000	2	93000000		Kamu yönetimi ve finans hizmetleri
93151500	3	93150000		Kamu yönetimi
93151501	4	93151500		Kamu işletmeleri yönetimi veya finansal hizmetler
93151502	4	93151500		Kamu işletmeleri bilgi veya kontrol sistemleri hizmetleri
93151503	4	93151500		Özelleştirme programları
93151504	4	93151500		İdari reform hizmetleri
93151505	4	93151500		İdari kurum hizmetleri
93151506	4	93151500		İdari ekonomik konsey hizmetleri
93151507	4	93151500		İdari prosedür veya hizmetler
93151508	4	93151500		Devlet daireleri hizmetleri
93151509	4	93151500		Devlet bilgi hizmetleri
93151510	4	93151500		İdari ücret veya vergi tahsilat hizmetleri
93151511	4	93151500		İdari işlemlerin onaylanması veya uygulanması hizmetleri
93151512	4	93151500		Kamu kurumları hizmetleri
93151513	4	93151500		Çok uluslu kamu kuruluşları hizmetleri
93151514	4	93151500		Ombudsman hizmetleri
93151515	4	93151500		Ulusal planlama hizmetleri
93151516	4	93151500		Yapı ruhsatı
93151517	4	93151500		Lisans veya tescil ücreti
93151518	4	93151500		Mülkiyet tapusu ücreti
93151519	4	93151500		Sansür hizmeti
93151600	3	93150000		Kamu maliyesi
93151601	4	93151600		Program bütçeleme hizmetleri
93151602	4	93151600		Devlet bütçeleme hizmetleri
93151603	4	93151600		Bütçe veya kamu yatırımı yönetimi
93151605	4	93151600		Devlet finans hizmetleri
93151606	4	93151600		Devlet muhasebesi hizmetleri
93151607	4	93151600		Devlet denetimi hizmetleri
93151608	4	93151600		Devlet veya merkez bankası hizmetleri
93151610	4	93151600		Vergi tahsilat hizmetleri
93151611	4	93151600		Sübvansiyonlar
93151700	3	93150000		Para birimi
93160000	2	93000000		Vergilendirme
93161500	3	93160000		Gelir vergisi
93161501	4	93161500		Ulusal gelir vergisi
93161502	4	93161500		Belediye gelir vergisi
93161503	4	93161500		Sermaye kazancı vergisi
93161504	4	93161500		Aşırı kâr vergisi
93161600	3	93160000		Gelir vergisi dışındaki vergiler
93161601	4	93161600		Emlak vergisi
93161602	4	93161600		Arazi vergisi
93161603	4	93161600		Katma değer vergisi KDV
93161604	4	93161600		Bordro vergisi
93161605	4	93161600		Satış vergisi
93161606	4	93161600		Sosyal güvenlik vergisi
93161607	4	93161600		Miras veya intikal vergisi
93161608	4	93161600		Gümrük vergisi veya resmi
93161609	4	93161600		Tarife veya gümrük vergisi
93161700	3	93160000		Vergi idaresi
93161701	4	93161700		Vergi karşılaştırması
93161702	4	93161700		Vergi teşvikleri
93161703	4	93161700		Vergi sistemleri
93161704	4	93161700		Vergi geliri idaresi
93161800	3	93160000		Vergilendirme konuları
93161801	4	93161800		Vergi reformu
93161802	4	93161800		Vergilendirme politikası
93161804	4	93161800		Yatırım vergisi kredisi
93161805	4	93161800		Vergi indirimleri
93161808	4	93161800		Vergi beyannameleri
93170000	2	93000000		Ticaret politikası ve düzenlemesi
93171500	3	93170000		Ticaret politikası
93171501	4	93171500		Ticaret anlaşmaları
93171502	4	93171500		Ticaret müzakereleri
93171503	4	93171500		Ulusal emtia politikalarının oluşturulması
93171504	4	93171500		Küçük ölçekli sanayilerin geliştirilmesi
93171600	3	93170000		Uluslararası ticaret
93171601	4	93171600		Uluslararası emtia anlaşmaları
93171602	4	93171600		İhracat politikası
93171603	4	93171600		Küresel ticaret politikaları veya prosedürleri
93171604	4	93171600		İkili ticaret anlaşmaları
93171700	3	93170000		Gümrük idaresi ve uyumu
93171800	3	93170000		Ticaret analizi
93171801	4	93171800		Ticaret projeksiyonları
93171802	4	93171800		Ticaret dengesi projeksiyonları
93171803	4	93171800		Ticaret istatistikleri
94000000	1		J	Kuruluşlar ve Kulüpler
94100000	2	94000000		İşle ilgili kuruluşlar
94110000	2	94000000		Dini kuruluşlar
94120000	2	94000000		Kulüpler
94130000	2	94000000		Sivil kuruluşlar ve dernekler ve hareketler
94131500	3	94130000		Hükümet dışı kuruluşlar
94131501	4	94131500		Çevresel hükümet dışı hizmetler
94131600	3	94130000		Hayır kuruluşları
94131601	4	94131600		Hayır kuruluşları barınma hizmetleri
94131602	4	94131600		Gıda yardımı hizmetleri
94131603	4	94131600		Hukuki yardım hizmetleri
94131604	4	94131600		Kaynak seferberliği hizmetleri
94131605	4	94131600		Uluslararası yardım hizmetleri
94131700	3	94130000		Yeşil dernekler
94131701	4	94131700		Radikal yeşil dernekler
94131702	4	94131700		Eko-feminist dernekler
94131703	4	94131700		Ekolojik siyasi kuruluşlar
94131704	4	94131700		Yeşil aktivist hareketleri veya hizmetleri
94131800	3	94130000		Hareketler
94131801	4	94131800		Eşcinsel veya biseksüel veya transgender hareketleri
94131802	4	94131800		Irkçılık karşıtı hareketler
94131803	4	94131800		Kadın özgürlük hareketleri
94131804	4	94131800		Kardeşlik dernekleri
94131805	4	94131800		Etnik azınlık kültürel koruma hizmetleri
94131900	3	94130000		Hayvan koruma dernekleri
94131901	4	94131900		Hayvan özgürleştirme hareketleri
94131902	4	94131900		Nesli tükenmekte olan tür koruma dernekleri
94131903	4	94131900		Tehdit altındaki hayvanları koruma dernekleri
94132000	3	94130000		İnsan hakları savunuculuğu ve savunma dernekleri
94132001	4	94132000		Çocuk hakları savunma hizmetleri
94132004	4	94132000		İfade özgürlüğü savunma dernekleri
95000000	1		D	Arazi ve Binalar ve Yapılar ve Anayollar
95100000	2	95000000		Arsa parselleri
95101500	3	95100000		Konut arsa parseli
95101600	3	95100000		Ticari arsa parselleri
95101700	3	95100000		Endüstriyel arsa parselleri
95101707	4	95101700		Telekomünikasyon sahası
95101800	3	95100000		Kamu arsa parselleri
95101900	3	95100000		Tarım arazisi
95110000	2	95000000		Anayollar
95111500	3	95110000		Sınırlı trafikli anayollar
95111503	4	95111500		Bağlantı yolları
95111504	4	95111500		Otoyol rampası veya bağlantı yolu
95111600	3	95110000		Açık trafikli anayollar
95111609	4	95111600		Dörtyol ağzı
95111610	4	95111600		Çevre yolu
95111611	4	95111600		Ana yol (trunk road)
95111612	4	95111600		İkincil yol
95111615	4	95111600		Yol kavşağı
95120000	2	95000000		Kalıcı binalar ve yapılar
95121500	3	95120000		Ticari ve eğlence binaları ve yapıları
95121600	3	95120000		Ulaşım binaları ve yapıları
95121601	4	95121600		Çelik köprü
95121602	4	95121600		Kuru havuz
95121603	4	95121600		Otobüs terminali
95121604	4	95121600		Otobüs garajı
95121605	4	95121600		Otomotiv onarım veya servis binası
95121606	4	95121600		Tren istasyonu
95121607	4	95121600		Demiryolu deposu
95121608	4	95121600		Metro istasyonu
95121611	4	95121600		Havaalanı binası
95121612	4	95121600		Havaalanı kontrol kulesi
95121613	4	95121600		Havaalanı (pist sahası)
95121614	4	95121600		Pist (uçak)
95121620	4	95121600		Dalgakıran
95121621	4	95121600		Deniz duvarı
95121624	4	95121600		Deniz feneri
95121625	4	95121600		Karayolu köprüsü
95121626	4	95121600		Demiryolu köprüsü
95121627	4	95121600		Yaya köprüsü
95121628	4	95121600		Karayolu viyadüğü
95121629	4	95121600		Demiryolu viyadüğü
95121630	4	95121600		Alt geçit
95121631	4	95121600		Üst geçit
95121632	4	95121600		Metro
95121634	4	95121600		Karayolu tüneli
95121635	4	95121600		Demiryolu tüneli
95121636	4	95121600		Yaya tüneli
95121639	4	95121600		Boru hattı taşıyan köprü
95121640	4	95121600		Boru hattı
95121641	4	95121600		Pompa istasyonu
95121642	4	95121600		Kanalizasyon pompa istasyonu
95121643	4	95121600		Kanalizasyon deşarjı
95121644	4	95121600		Otopark
95121645	4	95121600		Otoyol hizmet alanı
95121647	4	95121600		Yükseltilmiş yol veya karayolu
95121700	3	95120000		Kamu binaları ve yapıları
95121701	4	95121700		Postane
95121702	4	95121700		Polis karakolu
95121703	4	95121700		Mahkeme binası
95121704	4	95121700		Hapishane binası
95121705	4	95121700		İtfaiye istasyonu
95121706	4	95121700		Ambulans istasyonu
95121707	4	95121700		Dağ kurtarma binası
95121708	4	95121700		Cankurtaran botu istasyonu
95121709	4	95121700		Sahil güvenlik binası
95121710	4	95121700		Kurtarma hizmeti istasyonu
95121711	4	95121700		Belediye (sivil) merkezi
95121712	4	95121700		Sanat galerisi
95121713	4	95121700		Tarih öncesi anıt
95121714	4	95121700		Umumi soyunma odası ve duş tesisi
95121715	4	95121700		Umumi tuvalet tesisi
95121800	3	95120000		Altyapı binaları ve yapıları
95121801	4	95121800		Radar istasyonu
95121802	4	95121800		Trafo merkezi (şalt)
95121803	4	95121800		Nükleer enerji santrali
95121804	4	95121800		Su kulesi
95121805	4	95121800		Kuyu
95121806	4	95121800		Mobil telefon baz istasyonu
95121807	4	95121800		Baraj
95121808	4	95121800		Petrol veya gaz platformu
95121809	4	95121800		Hareketli savak (weir)
95121810	4	95121800		Sulama ve taşkın kontrol su işleri
95121811	4	95121800		Boru hattı hariç su kemeri veya diğer su temin kanalı
95121812	4	95121800		Yüzer yapı
95121900	3	95120000		Eğitim ve araştırma binaları ve yapıları
95121901	4	95121900		Politeknik okulu
95121902	4	95121900		Meslek yüksekokulu
95121903	4	95121900		Amfi (ders salonu)
95121904	4	95121900		Kütüphane
95121905	4	95121900		Dil laboratuvarı
95121906	4	95121900		Laboratuvar binası
95121907	4	95121900		Meteoroloji istasyonu
95121908	4	95121900		Araştırma veya test tesisi
95121909	4	95121900		İlkokul
95121910	4	95121900		Ortaokul
95121911	4	95121900		Lise
95121913	4	95121900		Üniversite
95122000	3	95120000		Hastane binaları ve yapıları
95122001	4	95122000		Klinik
95122002	4	95122000		Bakımevi (huzurevi)
95122003	4	95122000		Ameliyathane
95122004	4	95122000		Yoğun bakım ünitesi
95122005	4	95122000		Tanısal tarama odası
95122006	4	95122000		Floroskopi odası
95122007	4	95122000		Patoloji odası veya laboratuvarı
95122008	4	95122000		Kateter odası
95122100	3	95120000		Konaklama binaları ve yapıları
95122101	4	95122100		Konut
95122102	4	95122100		Daire veya apartman
95122103	4	95122100		Çocuk yuvası (yatılı)
95122104	4	95122100		Gündüz bakımevi
95122105	4	95122100		Huzurevi
95122106	4	95122100		Yurt (hostel)
95122300	3	95120000		Spor ve sağlık binaları ve yapıları
95122400	3	95120000		Endüstriyel binalar ve yapılar
95122500	3	95120000		Tarım ve çiftçilik ve balıkçılık binaları ve yapıları
95122600	3	95120000		Dini binalar ve yapılar
95122700	3	95120000		Savunma binaları ve yapıları
95130000	2	95000000		Taşınabilir binalar ve yapılar
95131500	3	95130000		Tribünler ve açık tribünler
95131600	3	95130000		Taşınabilir ticari ve endüstriyel binalar ve yapılar
95131601	4	95131600		Taşınabilir gişe
95131602	4	95131600		Seyyar tuvalet
95131603	4	95131600		Şantiye ofisi
95131604	4	95131600		Taşınabilir mutfak ünitesi
95131605	4	95131600		Nakliye konteyneri ev
95131606	4	95131600		Taşınabilir satış kabini
95131700	3	95130000		Çadırlar ve membran yapılar
95140000	2	95000000		Prefabrik binalar ve yapılar
95141500	3	95140000		Prefabrik çiftlik binaları ve yapıları
95141501	4	95141500		Silo
95141502	4	95141500		Sera
95141600	3	95140000		Prefabrik konut binaları ve yapıları
95141601	4	95141600		Ev
95141602	4	95141600		Mobil ev
95141603	4	95141600		Kulübe
95141604	4	95141600		Garaj
95141605	4	95141600		Çardak (gazebo)
95141606	4	95141600		Ev mutfağı
95141700	3	95140000		Prefabrik ticari ve endüstriyel binalar ve yapılar
95141701	4	95141700		Tesis içi ofis
95141702	4	95141700		Boya kabini
95141703	4	95141700		Depolama barakası
95141704	4	95141700		Temiz oda
95141705	4	95141700		Nöbet kulübesi
95141706	4	95141700		Depo
95141707	4	95141700		Oditoryum
95141708	4	95141700		Ofis mutfağı
95141709	4	95141700		Kış bahçesi (konservatuvar)
95141710	4	95141700		Telefon kutusu veya telefon kabini
95141711	4	95141700		Gişe kulübesi (tollbooth)
95141713	4	95141700		Mobil Depolama Ünitesi (MSU)
95141714	4	95141700		Mobil Depolama Ünitesi (MSU) zemin sistemi
95141715	4	95141700		Oy verme kabini
95141800	3	95140000		Prefabrik acil yardım binaları ve yapıları
95141801	4	95141800		Barınak
95141802	4	95141800		Acil durum çadırı veya salonu
95141803	4	95141800		Konteyner ünitesi
95141804	4	95141800		Acil Durum Barınma Kiti
95141900	3	95140000		Prefabrik tıbbi binalar ve yapılar
95141901	4	95141900		Tıbbi ünite
95141902	4	95141900		Laboratuvar ünitesi
95141903	4	95141900		Diş ünitesi
95141904	4	95141900		Cerrahi üniteler
